Time,x,y,z,Ux,Uy,h
1,0,1,0,0.1,0,0.0099997
1,0.05,1,0,0.1,0,0.0099997
1,0.1,1,0,0.1,0,0.0099996
1,0.15,1,0,0.1,0,0.0099996
1,0.2,1,0,0.1,0,0.0099996
1,0.25,1,0,0.1,0,0.0099995
1,0.3,1,0,0.10001,0,0.0099994
1,0.35,1,0,0.10002,0,0.0099987
1,0.4,1,0,0.10004,0,0.0099972
1,0.45,1,0,0.10006,0,0.0099951
1,0.5,1,0,0.10006,0,0.0099927
1,0.55,1,0,0.10004,0,0.0099908
1,0.6,1,0,0.10001,0,0.0099902
1,0.65,1,0,0.099969,0,0.0099909
1,0.7,1,0,0.09995,0,0.0099926
1,0.75,1,0,0.099948,0,0.0099945
1,0.8,1,0,0.099957,0,0.0099963
1,0.85,1,0,0.099968,0,0.0099976
1,0.9,1,0,0.099976,0,0.0099986
1,0.95,1,0,0.099976,0,0.0099993
1,1,1,0,0.099973,0,0.0099996
1,0,0,0,0.099997,0,0.01
1,0.05,0,0,0.099996,0,0.01
1,0.1,0,0,0.099996,0,0.01
1,0.15,0,0,0.099997,0,0.01
1,0.2,0,0,0.099998,0,0.01
1,0.25,0,0,0.1,0,0.01
1,0.3,0,0,0.10001,0,0.01
1,0.35,0,0,0.10002,0,0.0099996
1,0.4,0,0,0.10004,0,0.0099981
1,0.45,0,0,0.10006,0,0.0099959
1,0.5,0,0,0.10007,0,0.0099935
1,0.55,0,0,0.10004,0,0.0099917
1,0.6,0,0,0.10001,0,0.0099911
1,0.65,0,0,0.099969,0,0.0099918
1,0.7,0,0,0.09995,0,0.0099935
1,0.75,0,0,0.099948,0,0.0099954
1,0.8,0,0,0.099958,0,0.0099971
1,0.85,0,0,0.099972,0,0.0099984
1,0.9,0,0,0.099985,0,0.0099992
1,0.95,0,0,0.099998,0,0.0099997
1,1,0,0,0.10001,0,0.0099999
2,0,1,0,0.10001,0,0.01
2,0.05,1,0,0.10006,0,0.0099987
2,0.1,1,0,0.10024,0,0.0099923
2,0.15,1,0,0.10059,0,0.0099774
2,0.2,1,0,0.10105,0,0.0099547
2,0.25,1,0,0.10142,0,0.0099334
2,0.3,1,0,0.10149,0,0.0099245
2,0.35,1,0,0.10128,0,0.0099307
2,0.4,1,0,0.10092,0,0.0099465
2,0.45,1,0,0.10056,0,0.0099651
2,0.5,1,0,0.10029,0,0.0099822
2,0.55,1,0,0.10011,0,0.009996
2,0.6,1,0,0.10002,0,0.010006
2,0.65,1,0,0.099987,0,0.010011
2,0.7,1,0,0.1,0,0.010013
2,0.75,1,0,0.10002,0,0.010012
2,0.8,1,0,0.099886,0,0.010007
2,0.85,1,0,0.099435,0,0.0099982
2,0.9,1,0,0.098643,0,0.0099935
2,0.95,1,0,0.097628,0,0.0099943
2,1,1,0,0.09708,0,0.0099954
2,0,0,0,0.10001,0,0.010001
2,0.05,0,0,0.10005,0,0.0099999
2,0.1,0,0,0.10022,0,0.0099935
2,0.15,0,0,0.10057,0,0.0099787
2,0.2,0,0,0.10103,0,0.0099562
2,0.25,0,0,0.1014,0,0.009935
2,0.3,0,0,0.10147,0,0.0099262
2,0.35,0,0,0.10126,0,0.0099325
2,0.4,0,0,0.10091,0,0.0099483
2,0.45,0,0,0.10056,0,0.009967
2,0.5,0,0,0.10028,0,0.009984
2,0.55,0,0,0.10011,0,0.0099978
2,0.6,0,0,0.10002,0,0.010008
2,0.65,0,0,0.099989,0,0.010013
2,0.7,0,0,0.10001,0,0.010015
2,0.75,0,0,0.10003,0,0.010014
2,0.8,0,0,0.099905,0,0.010008
2,0.85,0,0,0.099466,0,0.0099994
2,0.9,0,0,0.098684,0,0.0099945
2,0.95,0,0,0.097688,0,0.0099948
2,1,0,0,0.097158,0,0.0099958
3,0,1,0,0.10031,0,0.0099086
3,0.05,1,0,0.10004,0,0.009929
3,0.1,1,0,0.099536,0,0.0099682
3,0.15,1,0,0.099077,0,0.010002
3,0.2,1,0,0.098794,0,0.010024
3,0.25,1,0,0.098851,0,0.010033
3,0.3,1,0,0.099092,0,0.010032
3,0.35,1,0,0.099355,0,0.010027
3,0.4,1,0,0.099593,0,0.010019
3,0.45,1,0,0.099793,0,0.01001
3,0.5,1,0,0.099904,0,0.010004
3,0.55,1,0,0.099871,0,0.010002
3,0.6,1,0,0.099637,0,0.010007
3,0.65,1,0,0.09924,0,0.01002
3,0.7,1,0,0.098945,0,0.010033
3,0.75,1,0,0.099109,0,0.010026
3,0.8,1,0,0.099817,0,0.0099923
3,0.85,1,0,0.10066,0,0.0099576
3,0.9,1,0,0.101,0,0.0099522
3,0.95,1,0,0.10053,0,0.0099691
3,1,1,0,0.10009,0,0.0099795
3,0,0,0,0.10029,0,0.0099106
3,0.05,0,0,0.10002,0,0.009931
3,0.1,0,0,0.09951,0,0.0099702
3,0.15,0,0,0.099046,0,0.010004
3,0.2,0,0,0.098762,0,0.010026
3,0.25,0,0,0.09882,0,0.010035
3,0.3,0,0,0.099065,0,0.010034
3,0.35,0,0,0.099332,0,0.010029
3,0.4,0,0,0.099577,0,0.010021
3,0.45,0,0,0.099781,0,0.010012
3,0.5,0,0,0.099895,0,0.010006
3,0.55,0,0,0.099868,0,0.010004
3,0.6,0,0,0.099642,0,0.01001
3,0.65,0,0,0.099255,0,0.010023
3,0.7,0,0,0.098971,0,0.010035
3,0.75,0,0,0.099146,0,0.010028
3,0.8,0,0,0.099862,0,0.0099938
3,0.85,0,0,0.10072,0,0.0099586
3,0.9,0,0,0.10107,0,0.0099528
3,0.95,0,0,0.10061,0,0.0099694
3,1,0,0,0.1002,0,0.0099797
4,0,1,0,0.10005,0,0.010018
4,0.05,1,0,0.10002,0,0.010016
4,0.1,1,0,0.099881,0,0.010013
4,0.15,1,0,0.099914,0,0.010012
4,0.2,1,0,0.10016,0,0.010014
4,0.25,1,0,0.10025,0,0.010016
4,0.3,1,0,0.10013,0,0.010018
4,0.35,1,0,0.099757,0,0.010018
4,0.4,1,0,0.099156,0,0.01002
4,0.45,1,0,0.098627,0,0.010019
4,0.5,1,0,0.098587,0,0.010004
4,0.55,1,0,0.099128,0,0.0099755
4,0.6,1,0,0.099808,0,0.009951
4,0.65,1,0,0.10011,0,0.0099497
4,0.7,1,0,0.10001,0,0.0099692
4,0.75,1,0,0.099795,0,0.0099887
4,0.8,1,0,0.099725,0,0.0099976
4,0.85,1,0,0.099871,0,0.0099983
4,0.9,1,0,0.10003,0,0.0099952
4,0.95,1,0,0.10005,0,0.0099943
4,1,1,0,0.10003,0,0.0099951
4,0,0,0,0.10002,0,0.010021
4,0.05,0,0,0.099997,0,0.010018
4,0.1,0,0,0.099854,0,0.010015
4,0.15,0,0,0.099884,0,0.010015
4,0.2,0,0,0.10013,0,0.010016
4,0.25,0,0,0.10022,0,0.010019
4,0.3,0,0,0.1001,0,0.010019
4,0.35,0,0,0.099734,0,0.01002
4,0.4,0,0,0.099144,0,0.010021
4,0.45,0,0,0.098624,0,0.01002
4,0.5,0,0,0.098593,0,0.010005
4,0.55,0,0,0.09914,0,0.0099765
4,0.6,0,0,0.099824,0,0.009952
4,0.65,0,0,0.10014,0,0.0099508
4,0.7,0,0,0.10004,0,0.0099701
4,0.75,0,0,0.099836,0,0.0099894
4,0.8,0,0,0.099778,0,0.0099979
4,0.85,0,0,0.099942,0,0.0099983
4,0.9,0,0,0.10011,0,0.0099951
4,0.95,0,0,0.10014,0,0.0099942
4,1,0,0,0.10013,0,0.009995
5,0,1,0,0.099952,0,0.0099997
5,0.05,1,0,0.10005,0,0.009999
5,0.1,1,0,0.10001,0,0.010001
5,0.15,1,0,0.099635,0,0.010008
5,0.2,1,0,0.099373,0,0.010015
5,0.25,1,0,0.099533,0,0.010009
5,0.3,1,0,0.10004,0,0.0099905
5,0.35,1,0,0.1006,0,0.0099706
5,0.4,1,0,0.10084,0,0.009963
5,0.45,1,0,0.10068,0,0.0099676
5,0.5,1,0,0.10039,0,0.0099738
5,0.55,1,0,0.10025,0,0.0099777
5,0.6,1,0,0.10027,0,0.0099822
5,0.65,1,0,0.10035,0,0.0099887
5,0.7,1,0,0.10032,0,0.009997
5,0.75,1,0,0.10012,0,0.010002
5,0.8,1,0,0.099779,0,0.010002
5,0.85,1,0,0.099337,0,0.010001
5,0.9,1,0,0.098872,0,0.0099988
5,0.95,1,0,0.098463,0,0.0099985
5,1,1,0,0.098272,0,0.0099997
5,0,0,0,0.099937,0,0.010002
5,0.05,0,0,0.10004,0,0.010001
5,0.1,0,0,0.1,0,0.010002
5,0.15,0,0,0.09963,0,0.01001
5,0.2,0,0,0.099364,0,0.010016
5,0.25,0,0,0.099523,0,0.010011
5,0.3,0,0,0.10003,0,0.0099917
5,0.35,0,0,0.10059,0,0.0099717
5,0.4,0,0,0.10083,0,0.009964
5,0.45,0,0,0.10068,0,0.0099685
5,0.5,0,0,0.1004,0,0.0099747
5,0.55,0,0,0.10026,0,0.0099785
5,0.6,0,0,0.10029,0,0.0099828
5,0.65,0,0,0.10037,0,0.0099894
5,0.7,0,0,0.10035,0,0.0099978
5,0.75,0,0,0.10016,0,0.010003
5,0.8,0,0,0.099824,0,0.010002
5,0.85,0,0,0.099395,0,0.010001
5,0.9,0,0,0.098941,0,0.0099991
5,0.95,0,0,0.098557,0,0.0099985
5,1,0,0,0.09839,0,0.0099997
6,0,1,0,0.10012,0,0.010005
6,0.05,1,0,0.10032,0,0.0099983
6,0.1,1,0,0.10071,0,0.0099863
6,0.15,1,0,0.10084,0,0.0099806
6,0.2,1,0,0.10054,0,0.0099856
6,0.25,1,0,0.10013,0,0.0099957
6,0.3,1,0,0.099849,0,0.010005
6,0.35,1,0,0.099654,0,0.010013
6,0.4,1,0,0.099506,0,0.01002
6,0.45,1,0,0.099394,0,0.010028
6,0.5,1,0,0.099298,0,0.010035
6,0.55,1,0,0.099241,0,0.010038
6,0.6,1,0,0.099218,0,0.010037
6,0.65,1,0,0.099232,0,0.010035
6,0.7,1,0,0.099329,0,0.010033
6,0.75,1,0,0.099506,0,0.010029
6,0.8,1,0,0.099776,0,0.01002
6,0.85,1,0,0.10009,0,0.010005
6,0.9,1,0,0.10032,0,0.0099907
6,0.95,1,0,0.10054,0,0.0099875
6,1,1,0,0.10066,0,0.0099895
6,0,0,0,0.10011,0,0.010005
6,0.05,0,0,0.10032,0,0.0099989
6,0.1,0,0,0.10072,0,0.0099869
6,0.15,0,0,0.10085,0,0.0099813
6,0.2,0,0,0.10054,0,0.0099864
6,0.25,0,0,0.10013,0,0.0099964
6,0.3,0,0,0.09985,0,0.010006
6,0.35,0,0,0.099656,0,0.010013
6,0.4,0,0,0.099509,0,0.010021
6,0.45,0,0,0.099395,0,0.010029
6,0.5,0,0,0.099298,0,0.010036
6,0.55,0,0,0.099244,0,0.010039
6,0.6,0,0,0.099224,0,0.010038
6,0.65,0,0,0.099242,0,0.010036
6,0.7,0,0,0.099346,0,0.010034
6,0.75,0,0,0.099531,0,0.010029
6,0.8,0,0,0.099812,0,0.01002
6,0.85,0,0,0.10014,0,0.010005
6,0.9,0,0,0.10039,0,0.009991
6,0.95,0,0,0.10063,0,0.0099877
6,1,0,0,0.10078,0,0.0099896
7,0,1,0,0.099815,0,0.010016
7,0.05,1,0,0.09957,0,0.010017
7,0.1,1,0,0.099273,0,0.010019
7,0.15,1,0,0.099288,0,0.010021
7,0.2,1,0,0.099425,0,0.010023
7,0.25,1,0,0.099573,0,0.010025
7,0.3,1,0,0.099771,0,0.010023
7,0.35,1,0,0.10003,0,0.010017
7,0.4,1,0,0.10025,0,0.010011
7,0.45,1,0,0.10038,0,0.010006
7,0.5,1,0,0.1004,0,0.010003
7,0.55,1,0,0.10038,0,0.01
7,0.6,1,0,0.1004,0,0.0099965
7,0.65,1,0,0.10043,0,0.0099917
7,0.7,1,0,0.10038,0,0.0099896
7,0.75,1,0,0.10022,0,0.0099919
7,0.8,1,0,0.10002,0,0.0099982
7,0.85,1,0,0.099839,0,0.010004
7,0.9,1,0,0.099689,0,0.010006
7,0.95,1,0,0.09955,0,0.010004
7,1,1,0,0.099473,0,0.010002
7,0,0,0,0.099807,0,0.010017
7,0.05,0,0,0.099562,0,0.010018
7,0.1,0,0,0.099265,0,0.01002
7,0.15,0,0,0.099283,0,0.010022
7,0.2,0,0,0.099423,0,0.010024
7,0.25,0,0,0.099572,0,0.010026
7,0.3,0,0,0.099774,0,0.010023
7,0.35,0,0,0.10003,0,0.010017
7,0.4,0,0,0.10025,0,0.010011
7,0.45,0,0,0.10037,0,0.010007
7,0.5,0,0,0.10039,0,0.010004
7,0.55,0,0,0.10037,0,0.010002
7,0.6,0,0,0.10039,0,0.0099977
7,0.65,0,0,0.10043,0,0.009993
7,0.7,0,0,0.10039,0,0.0099908
7,0.75,0,0,0.10024,0,0.0099929
7,0.8,0,0,0.10006,0,0.0099992
7,0.85,0,0,0.099887,0,0.010004
7,0.9,0,0,0.099753,0,0.010006
7,0.95,0,0,0.099642,0,0.010004
7,1,0,0,0.099592,0,0.010002
8,0,1,0,0.099969,0,0.010015
8,0.05,1,0,0.10014,0,0.01001
8,0.1,1,0,0.10032,0,0.01
8,0.15,1,0,0.10031,0,0.0099934
8,0.2,1,0,0.10028,0,0.0099923
8,0.25,1,0,0.10022,0,0.0099958
8,0.3,1,0,0.10012,0,0.010001
8,0.35,1,0,0.10003,0,0.010003
8,0.4,1,0,0.09997,0,0.0099998
8,0.45,1,0,0.099932,0,0.0099944
8,0.5,1,0,0.099896,0,0.0099915
8,0.55,1,0,0.099849,0,0.0099921
8,0.6,1,0,0.099801,0,0.0099953
8,0.65,1,0,0.099805,0,0.0099995
8,0.7,1,0,0.099886,0,0.010003
8,0.75,1,0,0.10003,0,0.010005
8,0.8,1,0,0.10019,0,0.010003
8,0.85,1,0,0.1003,0,0.010001
8,0.9,1,0,0.10036,0,0.0099994
8,0.95,1,0,0.10036,0,0.0099994
8,1,1,0,0.10033,0,0.0099995
8,0,0,0,0.099959,0,0.010016
8,0.05,0,0,0.10013,0,0.010011
8,0.1,0,0,0.1003,0,0.010002
8,0.15,0,0,0.10028,0,0.0099949
8,0.2,0,0,0.10025,0,0.0099939
8,0.25,0,0,0.1002,0,0.0099975
8,0.3,0,0,0.10011,0,0.010002
8,0.35,0,0,0.10002,0,0.010005
8,0.4,0,0,0.099958,0,0.010002
8,0.45,0,0,0.099922,0,0.0099961
8,0.5,0,0,0.09989,0,0.009993
8,0.55,0,0,0.099845,0,0.0099934
8,0.6,0,0,0.099798,0,0.0099966
8,0.65,0,0,0.099805,0,0.010001
8,0.7,0,0,0.099893,0,0.010004
8,0.75,0,0,0.10005,0,0.010006
8,0.8,0,0,0.10022,0,0.010004
8,0.85,0,0,0.10035,0,0.010001
8,0.9,0,0,0.10043,0,0.0099996
8,0.95,0,0,0.10045,0,0.0099996
8,1,0,0,0.10045,0,0.0099997
9,0,1,0,0.10001,0,0.0099886
9,0.05,1,0,0.099945,0,0.0099905
9,0.1,1,0,0.099968,0,0.0099921
9,0.15,1,0,0.10004,0,0.0099895
9,0.2,1,0,0.099974,0,0.0099852
9,0.25,1,0,0.099893,0,0.0099835
9,0.3,1,0,0.099837,0,0.0099868
9,0.35,1,0,0.099793,0,0.0099943
9,0.4,1,0,0.099751,0,0.010003
9,0.45,1,0,0.099717,0,0.010009
9,0.5,1,0,0.099731,0,0.010013
9,0.55,1,0,0.09982,0,0.010013
9,0.6,1,0,0.09995,0,0.010012
9,0.65,1,0,0.10007,0,0.010012
9,0.7,1,0,0.10014,0,0.010012
9,0.75,1,0,0.10018,0,0.01001
9,0.8,1,0,0.10019,0,0.010006
9,0.85,1,0,0.10018,0,0.010001
9,0.9,1,0,0.10011,0,0.0099982
9,0.95,1,0,0.099997,0,0.0099975
9,1,1,0,0.099936,0,0.0099978
9,0,0,0,0.099988,0,0.0099907
9,0.05,0,0,0.099925,0,0.0099925
9,0.1,0,0,0.099944,0,0.0099941
9,0.15,0,0,0.10001,0,0.0099916
9,0.2,0,0,0.099947,0,0.0099872
9,0.25,0,0,0.099868,0,0.0099853
9,0.3,0,0,0.099814,0,0.0099887
9,0.35,0,0,0.099775,0,0.0099962
9,0.4,0,0,0.099741,0,0.010005
9,0.45,0,0,0.099715,0,0.010011
9,0.5,0,0,0.099734,0,0.010014
9,0.55,0,0,0.099827,0,0.010014
9,0.6,0,0,0.099962,0,0.010013
9,0.65,0,0,0.10008,0,0.010013
9,0.7,0,0,0.10016,0,0.010013
9,0.75,0,0,0.1002,0,0.010011
9,0.8,0,0,0.10022,0,0.010007
9,0.85,0,0,0.10023,0,0.010002
9,0.9,0,0,0.10017,0,0.009999
9,0.95,0,0,0.10009,0,0.0099979
9,1,0,0,0.10006,0,0.0099981
10,0,1,0,0.099829,0,0.010018
10,0.05,1,0,0.099674,0,0.010022
10,0.1,1,0,0.09947,0,0.01003
10,0.15,1,0,0.09952,0,0.010037
10,0.2,1,0,0.099705,0,0.010037
10,0.25,1,0,0.099838,0,0.010032
10,0.3,1,0,0.099921,0,0.010024
10,0.35,1,0,0.10002,0,0.010015
10,0.4,1,0,0.10016,0,0.010007
10,0.45,1,0,0.10029,0,0.01
10,0.5,1,0,0.10037,0,0.0099944
10,0.55,1,0,0.10038,0,0.0099891
10,0.6,1,0,0.10034,0,0.009985
10,0.65,1,0,0.10025,0,0.0099833
10,0.7,1,0,0.10014,0,0.0099844
10,0.75,1,0,0.10002,0,0.0099874
10,0.8,1,0,0.09995,0,0.0099898
10,0.85,1,0,0.09995,0,0.0099908
10,0.9,1,0,0.09999,0,0.0099916
10,0.95,1,0,0.10003,0,0.0099941
10,1,1,0,0.10004,0,0.0099961
10,0,0,0,0.099811,0,0.010019
10,0.05,0,0,0.099658,0,0.010023
10,0.1,0,0,0.099455,0,0.010032
10,0.15,0,0,0.099501,0,0.010038
10,0.2,0,0,0.099684,0,0.010039
10,0.25,0,0,0.099818,0,0.010034
10,0.3,0,0,0.099904,0,0.010025
10,0.35,0,0,0.10001,0,0.010016
10,0.4,0,0,0.10015,0,0.010008
10,0.45,0,0,0.10029,0,0.010002
10,0.5,0,0,0.10038,0,0.0099958
10,0.55,0,0,0.10039,0,0.0099905
10,0.6,0,0,0.10036,0,0.0099864
10,0.65,0,0,0.10028,0,0.0099845
10,0.7,0,0,0.10016,0,0.0099855
10,0.75,0,0,0.10005,0,0.0099883
10,0.8,0,0,0.099989,0,0.0099906
10,0.85,0,0,0.1,0,0.0099914
10,0.9,0,0,0.10006,0,0.0099919
10,0.95,0,0,0.10012,0,0.0099943
10,1,0,0,0.10016,0,0.0099962
11,0,1,0,0.10002,0,0.010003
11,0.05,1,0,0.10024,0,0.0099978
11,0.1,1,0,0.10042,0,0.0099899
11,0.15,1,0,0.10035,0,0.0099859
11,0.2,1,0,0.10038,0,0.0099848
11,0.25,1,0,0.1005,0,0.0099851
11,0.3,1,0,0.10054,0,0.0099865
11,0.35,1,0,0.10046,0,0.009989
11,0.4,1,0,0.10031,0,0.0099934
11,0.45,1,0,0.10019,0,0.009999
11,0.5,1,0,0.10015,0,0.010005
11,0.55,1,0,0.10017,0,0.010009
11,0.6,1,0,0.10021,0,0.01001
11,0.65,1,0,0.10024,0,0.010008
11,0.7,1,0,0.10023,0,0.010006
11,0.75,1,0,0.10016,0,0.010006
11,0.8,1,0,0.10007,0,0.010007
11,0.85,1,0,0.1,0,0.010007
11,0.9,1,0,0.099991,0,0.010006
11,0.95,1,0,0.10002,0,0.010003
11,1,1,0,0.10003,0,0.010002
11,0,0,0,0.10001,0,0.010004
11,0.05,0,0,0.10023,0,0.0099991
11,0.1,0,0,0.10041,0,0.0099913
11,0.15,0,0,0.10034,0,0.0099872
11,0.2,0,0,0.10037,0,0.0099862
11,0.25,0,0,0.10049,0,0.0099865
11,0.3,0,0,0.10053,0,0.0099878
11,0.35,0,0,0.10045,0,0.0099902
11,0.4,0,0,0.10031,0,0.0099944
11,0.45,0,0,0.10019,0,0.01
11,0.5,0,0,0.10015,0,0.010006
11,0.55,0,0,0.10018,0,0.01001
11,0.6,0,0,0.10023,0,0.010011
11,0.65,0,0,0.10027,0,0.010009
11,0.7,0,0,0.10026,0,0.010007
11,0.75,0,0,0.1002,0,0.010007
11,0.8,0,0,0.10012,0,0.010007
11,0.85,0,0,0.10005,0,0.010008
11,0.9,0,0,0.10005,0,0.010007
11,0.95,0,0,0.10011,0,0.010004
11,1,0,0,0.10015,0,0.010002
12,0,1,0,0.10005,0,0.0099867
12,0.05,1,0,0.10005,0,0.0099879
12,0.1,1,0,0.10016,0,0.0099895
12,0.15,1,0,0.10019,0,0.0099903
12,0.2,1,0,0.099999,0,0.0099913
12,0.25,1,0,0.09986,0,0.009992
12,0.3,1,0,0.099903,0,0.0099916
12,0.35,1,0,0.10003,0,0.00999
12,0.4,1,0,0.10013,0,0.0099881
12,0.45,1,0,0.10013,0,0.0099874
12,0.5,1,0,0.10005,0,0.0099891
12,0.55,1,0,0.099972,0,0.0099931
12,0.6,1,0,0.099931,0,0.0099972
12,0.65,1,0,0.099938,0,0.0099995
12,0.7,1,0,0.099969,0,0.01
12,0.75,1,0,0.1,0,0.0099994
12,0.8,1,0,0.10005,0,0.0099986
12,0.85,1,0,0.10011,0,0.0099979
12,0.9,1,0,0.10018,0,0.0099976
12,0.95,1,0,0.10026,0,0.0099982
12,1,1,0,0.1003,0,0.0099988
12,0,0,0,0.10004,0,0.0099876
12,0.05,0,0,0.10004,0,0.0099888
12,0.1,0,0,0.10015,0,0.0099903
12,0.15,0,0,0.10019,0,0.0099912
12,0.2,0,0,0.099993,0,0.0099923
12,0.25,0,0,0.099853,0,0.0099931
12,0.3,0,0,0.099897,0,0.0099926
12,0.35,0,0,0.10003,0,0.0099909
12,0.4,0,0,0.10012,0,0.0099891
12,0.45,0,0,0.10012,0,0.0099884
12,0.5,0,0,0.10005,0,0.0099901
12,0.55,0,0,0.099968,0,0.009994
12,0.6,0,0,0.099935,0,0.0099981
12,0.65,0,0,0.099952,0,0.010001
12,0.7,0,0,0.099993,0,0.010001
12,0.75,0,0,0.10004,0,0.01
12,0.8,0,0,0.10009,0,0.0099994
12,0.85,0,0,0.10016,0,0.0099986
12,0.9,0,0,0.10025,0,0.0099981
12,0.95,0,0,0.10035,0,0.0099984
12,1,0,0,0.10041,0,0.0099989
13,0,1,0,0.10004,0,0.0099999
13,0.05,1,0,0.099955,0,0.010001
13,0.1,1,0,0.099874,0,0.010002
13,0.15,1,0,0.099989,0,0.010003
13,0.2,1,0,0.10011,0,0.010004
13,0.25,1,0,0.10003,0,0.010008
13,0.3,1,0,0.099849,0,0.010012
13,0.35,1,0,0.099752,0,0.010015
13,0.4,1,0,0.099792,0,0.010016
13,0.45,1,0,0.099909,0,0.010014
13,0.5,1,0,0.1,0,0.01001
13,0.55,1,0,0.10004,0,0.010006
13,0.6,1,0,0.10005,0,0.010001
13,0.65,1,0,0.1001,0,0.0099974
13,0.7,1,0,0.10016,0,0.0099951
13,0.75,1,0,0.10018,0,0.0099947
13,0.8,1,0,0.10015,0,0.0099959
13,0.85,1,0,0.10009,0,0.009998
13,0.9,1,0,0.10003,0,0.0099997
13,0.95,1,0,0.099998,0,0.01
13,1,1,0,0.09999,0,0.01
13,0,0,0,0.10003,0,0.010001
13,0.05,0,0,0.099944,0,0.010002
13,0.1,0,0,0.099861,0,0.010003
13,0.15,0,0,0.099976,0,0.010004
13,0.2,0,0,0.1001,0,0.010005
13,0.25,0,0,0.10002,0,0.010009
13,0.3,0,0,0.099842,0,0.010013
13,0.35,0,0,0.099748,0,0.010016
13,0.4,0,0,0.099787,0,0.010017
13,0.45,0,0,0.099903,0,0.010015
13,0.5,0,0,0.099998,0,0.010011
13,0.55,0,0,0.10003,0,0.010007
13,0.6,0,0,0.10005,0,0.010002
13,0.65,0,0,0.1001,0,0.0099985
13,0.7,0,0,0.10017,0,0.0099961
13,0.75,0,0,0.10021,0,0.0099955
13,0.8,0,0,0.10019,0,0.0099967
13,0.85,0,0,0.10014,0,0.0099986
13,0.9,0,0,0.10009,0,0.01
13,0.95,0,0,0.10009,0,0.010001
13,1,0,0,0.1001,0,0.010001
14,0,1,0,0.099994,0,0.010002
14,0.05,1,0,0.099982,0,0.010001
14,0.1,1,0,0.099881,0,0.01
14,0.15,1,0,0.099778,0,0.0099982
14,0.2,1,0,0.099859,0,0.0099945
14,0.25,1,0,0.10004,0,0.0099904
14,0.3,1,0,0.10015,0,0.009987
14,0.35,1,0,0.10014,0,0.0099849
14,0.4,1,0,0.10009,0,0.0099842
14,0.45,1,0,0.10008,0,0.0099852
14,0.5,1,0,0.10012,0,0.0099876
14,0.55,1,0,0.10015,0,0.0099909
14,0.6,1,0,0.10012,0,0.0099942
14,0.65,1,0,0.10006,0,0.0099968
14,0.7,1,0,0.10002,0,0.0099985
14,0.75,1,0,0.10003,0,0.0099996
14,0.8,1,0,0.10005,0,0.010001
14,0.85,1,0,0.10006,0,0.010002
14,0.9,1,0,0.10005,0,0.010002
14,0.95,1,0,0.1,0,0.010002
14,1,1,0,0.099974,0,0.010001
14,0,0,0,0.099982,0,0.010003
14,0.05,0,0,0.099968,0,0.010002
14,0.1,0,0,0.099863,0,0.010002
14,0.15,0,0,0.099759,0,0.0099996
14,0.2,0,0,0.099843,0,0.0099959
14,0.25,0,0,0.10003,0,0.0099917
14,0.3,0,0,0.10014,0,0.0099883
14,0.35,0,0,0.10013,0,0.0099863
14,0.4,0,0,0.10009,0,0.0099857
14,0.45,0,0,0.10008,0,0.0099867
14,0.5,0,0,0.10012,0,0.0099892
14,0.55,0,0,0.10015,0,0.0099925
14,0.6,0,0,0.10012,0,0.0099957
14,0.65,0,0,0.10006,0,0.0099982
14,0.7,0,0,0.10003,0,0.0099998
14,0.75,0,0,0.10005,0,0.010001
14,0.8,0,0,0.10009,0,0.010002
14,0.85,0,0,0.10011,0,0.010002
14,0.9,0,0,0.10012,0,0.010003
14,0.95,0,0,0.1001,0,0.010002
14,1,0,0,0.1001,0,0.010001
15,0,1,0,0.10006,0,0.0099912
15,0.05,1,0,0.10013,0,0.0099913
15,0.1,1,0,0.10026,0,0.0099918
15,0.15,1,0,0.10025,0,0.0099929
15,0.2,1,0,0.10013,0,0.0099945
15,0.25,1,0,0.10006,0,0.0099956
15,0.3,1,0,0.10008,0,0.0099963
15,0.35,1,0,0.10012,0,0.0099962
15,0.4,1,0,0.10012,0,0.0099952
15,0.45,1,0,0.10004,0,0.0099938
15,0.5,1,0,0.099963,0,0.0099927
15,0.55,1,0,0.09994,0,0.009992
15,0.6,1,0,0.099958,0,0.0099918
15,0.65,1,0,0.099961,0,0.0099915
15,0.7,1,0,0.099924,0,0.0099908
15,0.75,1,0,0.099872,0,0.0099898
15,0.8,1,0,0.099842,0,0.0099891
15,0.85,1,0,0.099832,0,0.0099897
15,0.9,1,0,0.099826,0,0.0099919
15,0.95,1,0,0.099775,0,0.0099955
15,1,1,0,0.099726,0,0.0099975
15,0,0,0,0.10004,0,0.0099927
15,0.05,0,0,0.10012,0,0.009993
15,0.1,0,0,0.10024,0,0.0099936
15,0.15,0,0,0.10023,0,0.0099948
15,0.2,0,0,0.10011,0,0.0099962
15,0.25,0,0,0.10004,0,0.0099974
15,0.3,0,0,0.10006,0,0.009998
15,0.35,0,0,0.10011,0,0.0099978
15,0.4,0,0,0.10011,0,0.0099968
15,0.45,0,0,0.10004,0,0.0099953
15,0.5,0,0,0.099962,0,0.0099941
15,0.55,0,0,0.099945,0,0.0099934
15,0.6,0,0,0.099968,0,0.009993
15,0.65,0,0,0.099974,0,0.0099927
15,0.7,0,0,0.09994,0,0.0099919
15,0.75,0,0,0.099895,0,0.0099908
15,0.8,0,0,0.099874,0,0.00999
15,0.85,0,0,0.099882,0,0.0099905
15,0.9,0,0,0.099895,0,0.0099925
15,0.95,0,0,0.099876,0,0.0099958
15,1,0,0,0.099856,0,0.0099977
16,0,1,0,0.10004,0,0.0099965
16,0.05,1,0,0.10001,0,0.0099964
16,0.1,1,0,0.10001,0,0.0099961
16,0.15,1,0,0.10009,0,0.0099957
16,0.2,1,0,0.10015,0,0.0099958
16,0.25,1,0,0.1001,0,0.0099967
16,0.3,1,0,0.1,0,0.0099984
16,0.35,1,0,0.099953,0,0.010001
16,0.4,1,0,0.099988,0,0.010003
16,0.45,1,0,0.10005,0,0.010004
16,0.5,1,0,0.10005,0,0.010005
16,0.55,1,0,0.099996,0,0.010005
16,0.6,1,0,0.099958,0,0.010006
16,0.65,1,0,0.09996,0,0.010007
16,0.7,1,0,0.099968,0,0.010009
16,0.75,1,0,0.099937,0,0.010011
16,0.8,1,0,0.099877,0,0.010011
16,0.85,1,0,0.099819,0,0.01001
16,0.9,1,0,0.099818,0,0.010007
16,0.95,1,0,0.099877,0,0.010004
16,1,1,0,0.099913,0,0.010002
16,0,0,0,0.10003,0,0.0099981
16,0.05,0,0,0.099994,0,0.009998
16,0.1,0,0,0.099991,0,0.0099976
16,0.15,0,0,0.10008,0,0.0099972
16,0.2,0,0,0.10013,0,0.0099973
16,0.25,0,0,0.10008,0,0.0099982
16,0.3,0,0,0.099988,0,0.0099999
16,0.35,0,0,0.09994,0,0.010002
16,0.4,0,0,0.099975,0,0.010004
16,0.45,0,0,0.10004,0,0.010005
16,0.5,0,0,0.10005,0,0.010006
16,0.55,0,0,0.10001,0,0.010006
16,0.6,0,0,0.099974,0,0.010007
16,0.65,0,0,0.09998,0,0.010008
16,0.7,0,0,0.099992,0,0.01001
16,0.75,0,0,0.099969,0,0.010011
16,0.8,0,0,0.099914,0,0.010012
16,0.85,0,0,0.09987,0,0.010011
16,0.9,0,0,0.09988,0,0.010008
16,0.95,0,0,0.099967,0,0.010004
16,1,0,0,0.10003,0,0.010002
17,0,1,0,0.10001,0,0.0099998
17,0.05,1,0,0.099977,0,0.01
17,0.1,1,0,0.099898,0,0.010001
17,0.15,1,0,0.099848,0,0.010001
17,0.2,1,0,0.099885,0,0.01
17,0.25,1,0,0.099969,0,0.0099994
17,0.3,1,0,0.10001,0,0.0099986
17,0.35,1,0,0.09998,0,0.0099982
17,0.4,1,0,0.099915,0,0.0099985
17,0.45,1,0,0.099899,0,0.0099992
17,0.5,1,0,0.099932,0,0.0099999
17,0.55,1,0,0.099947,0,0.01
17,0.6,1,0,0.099912,0,0.0099997
17,0.65,1,0,0.09987,0,0.0099985
17,0.7,1,0,0.099883,0,0.0099969
17,0.75,1,0,0.099953,0,0.0099956
17,0.8,1,0,0.10003,0,0.0099948
17,0.85,1,0,0.10007,0,0.0099947
17,0.9,1,0,0.10005,0,0.0099955
17,0.95,1,0,0.099999,0,0.0099972
17,1,1,0,0.099979,0,0.0099983
17,0,0,0,0.099996,0,0.010001
17,0.05,0,0,0.099963,0,0.010001
17,0.1,0,0,0.099885,0,0.010002
17,0.15,0,0,0.099834,0,0.010002
17,0.2,0,0,0.099871,0,0.010002
17,0.25,0,0,0.099957,0,0.010001
17,0.3,0,0,0.1,0,0.0099999
17,0.35,0,0,0.09997,0,0.0099995
17,0.4,0,0,0.099906,0,0.0099997
17,0.45,0,0,0.099894,0,0.01
17,0.5,0,0,0.099934,0,0.010001
17,0.55,0,0,0.099955,0,0.010001
17,0.6,0,0,0.099926,0,0.010001
17,0.65,0,0,0.099891,0,0.0099993
17,0.7,0,0,0.09991,0,0.0099978
17,0.75,0,0,0.099988,0,0.0099964
17,0.8,0,0,0.10007,0,0.0099954
17,0.85,0,0,0.10012,0,0.0099953
17,0.9,0,0,0.10011,0,0.0099959
17,0.95,0,0,0.10008,0,0.0099975
17,1,0,0,0.10009,0,0.0099985
18,0,1,0,0.10006,0,0.0099936
18,0.05,1,0,0.10009,0,0.0099936
18,0.1,1,0,0.10012,0,0.0099938
18,0.15,1,0,0.10006,0,0.0099944
18,0.2,1,0,0.099965,0,0.0099954
18,0.25,1,0,0.099903,0,0.0099964
18,0.3,1,0,0.099906,0,0.0099971
18,0.35,1,0,0.099933,0,0.0099972
18,0.4,1,0,0.099921,0,0.0099969
18,0.45,1,0,0.09987,0,0.0099962
18,0.5,1,0,0.099851,0,0.0099953
18,0.55,1,0,0.099903,0,0.0099944
18,0.6,1,0,0.09998,0,0.0099939
18,0.65,1,0,0.1,0,0.0099941
18,0.7,1,0,0.099962,0,0.0099951
18,0.75,1,0,0.099899,0,0.0099967
18,0.8,1,0,0.099865,0,0.0099987
18,0.85,1,0,0.099872,0,0.01
18,0.9,1,0,0.099897,0,0.010001
18,0.95,1,0,0.099882,0,0.010001
18,1,1,0,0.099853,0,0.010001
18,0,0,0,0.10004,0,0.0099947
18,0.05,0,0,0.10008,0,0.0099947
18,0.1,0,0,0.10011,0,0.0099949
18,0.15,0,0,0.10005,0,0.0099955
18,0.2,0,0,0.099959,0,0.0099964
18,0.25,0,0,0.099898,0,0.0099974
18,0.3,0,0,0.099901,0,0.009998
18,0.35,0,0,0.099929,0,0.0099983
18,0.4,0,0,0.099917,0,0.0099979
18,0.45,0,0,0.099865,0,0.0099972
18,0.5,0,0,0.099847,0,0.0099963
18,0.55,0,0,0.099903,0,0.0099955
18,0.6,0,0,0.099983,0,0.0099949
18,0.65,0,0,0.10002,0,0.0099951
18,0.7,0,0,0.099982,0,0.009996
18,0.75,0,0,0.09993,0,0.0099976
18,0.8,0,0,0.099905,0,0.0099995
18,0.85,0,0,0.099925,0,0.010001
18,0.9,0,0,0.099961,0,0.010002
18,0.95,0,0,0.099969,0,0.010001
18,1,0,0,0.099965,0,0.010001
19,0,1,0,0.099993,0,0.010002
19,0.05,1,0,0.099963,0,0.010002
19,0.1,1,0,0.099942,0,0.010002
19,0.15,1,0,0.099976,0,0.010002
19,0.2,1,0,0.1,0,0.010001
19,0.25,1,0,0.099985,0,0.010001
19,0.3,1,0,0.099962,0,0.01
19,0.35,1,0,0.099982,0,0.0099996
19,0.4,1,0,0.10004,0,0.0099997
19,0.45,1,0,0.10006,0,0.01
19,0.5,1,0,0.099999,0,0.010002
19,0.55,1,0,0.099905,0,0.010003
19,0.6,1,0,0.099853,0,0.010004
19,0.65,1,0,0.099868,0,0.010005
19,0.7,1,0,0.099906,0,0.010004
19,0.75,1,0,0.099912,0,0.010002
19,0.8,1,0,0.099881,0,0.010001
19,0.85,1,0,0.099838,0,0.01
19,0.9,1,0,0.099828,0,0.0099997
19,0.95,1,0,0.099832,0,0.0099998
19,1,1,0,0.099824,0,0.0099999
19,0,0,0,0.099982,0,0.010003
19,0.05,0,0,0.09995,0,0.010003
19,0.1,0,0,0.099929,0,0.010003
19,0.15,0,0,0.099963,0,0.010003
19,0.2,0,0,0.099989,0,0.010002
19,0.25,0,0,0.099974,0,0.010002
19,0.3,0,0,0.099952,0,0.010001
19,0.35,0,0,0.099973,0,0.010001
19,0.4,0,0,0.10003,0,0.010001
19,0.45,0,0,0.10005,0,0.010002
19,0.5,0,0,0.099993,0,0.010003
19,0.55,0,0,0.099903,0,0.010005
19,0.6,0,0,0.099855,0,0.010006
19,0.65,0,0,0.099876,0,0.010006
19,0.7,0,0,0.09992,0,0.010005
19,0.75,0,0,0.099937,0,0.010003
19,0.8,0,0,0.099919,0,0.010002
19,0.85,0,0,0.099893,0,0.010001
19,0.9,0,0,0.099896,0,0.01
19,0.95,0,0,0.099924,0,0.01
19,1,0,0,0.09994,0,0.01
20,0,1,0,0.099983,0,0.010003
20,0.05,1,0,0.099985,0,0.010003
20,0.1,1,0,0.099968,0,0.010003
20,0.15,1,0,0.099944,0,0.010004
20,0.2,1,0,0.099952,0,0.010004
20,0.25,1,0,0.099965,0,0.010005
20,0.3,1,0,0.099938,0,0.010006
20,0.35,1,0,0.099881,0,0.010007
20,0.4,1,0,0.099855,0,0.010006
20,0.45,1,0,0.099904,0,0.010004
20,0.5,1,0,0.09999,0,0.010002
20,0.55,1,0,0.10004,0,0.01
20,0.6,1,0,0.10002,0,0.009999
20,0.65,1,0,0.099978,0,0.0099987
20,0.7,1,0,0.099965,0,0.0099991
20,0.75,1,0,0.099983,0,0.0099997
20,0.8,1,0,0.1,0,0.01
20,0.85,1,0,0.099987,0,0.01
20,0.9,1,0,0.099951,0,0.01
20,0.95,1,0,0.099943,0,0.01
20,1,1,0,0.09995,0,0.01
20,0,0,0,0.09997,0,0.010004
20,0.05,0,0,0.09997,0,0.010004
20,0.1,0,0,0.09995,0,0.010005
20,0.15,0,0,0.099926,0,0.010005
20,0.2,0,0,0.099935,0,0.010006
20,0.25,0,0,0.099949,0,0.010007
20,0.3,0,0,0.099925,0,0.010008
20,0.35,0,0,0.099871,0,0.010008
20,0.4,0,0,0.099849,0,0.010007
20,0.45,0,0,0.0999,0,0.010006
20,0.5,0,0,0.099988,0,0.010003
20,0.55,0,0,0.10004,0,0.010001
20,0.6,0,0,0.10002,0,0.01
20,0.65,0,0,0.099986,0,0.0099998
20,0.7,0,0,0.099979,0,0.01
20,0.75,0,0,0.10001,0,0.010001
20,0.8,0,0,0.10003,0,0.010001
20,0.85,0,0,0.10004,0,0.010001
20,0.9,0,0,0.10002,0,0.010001
20,0.95,0,0,0.10004,0,0.01
20,1,0,0,0.10007,0,0.01
21,0,1,0,0.099973,0,0.010003
21,0.05,1,0,0.099981,0,0.010002
21,0.1,1,0,0.099994,0,0.010001
21,0.15,1,0,0.099998,0,0.0099999
21,0.2,1,0,0.10001,0,0.0099981
21,0.25,1,0,0.10006,0,0.0099962
21,0.3,1,0,0.10012,0,0.0099947
21,0.35,1,0,0.10016,0,0.0099941
21,0.4,1,0,0.10012,0,0.0099944
21,0.45,1,0,0.10005,0,0.0099955
21,0.5,1,0,0.099991,0,0.009997
21,0.55,1,0,0.099986,0,0.0099983
21,0.6,1,0,0.1,0,0.0099991
21,0.65,1,0,0.099988,0,0.0099993
21,0.7,1,0,0.099952,0,0.0099993
21,0.75,1,0,0.099926,0,0.0099992
21,0.8,1,0,0.099932,0,0.0099992
21,0.85,1,0,0.099956,0,0.0099994
21,0.9,1,0,0.099953,0,0.0099997
21,0.95,1,0,0.099901,0,0.0099999
21,1,1,0,0.099862,0,0.01
21,0,0,0,0.099958,0,0.010004
21,0.05,0,0,0.099966,0,0.010004
21,0.1,0,0,0.099978,0,0.010003
21,0.15,0,0,0.09998,0,0.010001
21,0.2,0,0,0.099992,0,0.0099997
21,0.25,0,0,0.10004,0,0.0099977
21,0.3,0,0,0.10011,0,0.0099962
21,0.35,0,0,0.10015,0,0.0099956
21,0.4,0,0,0.10012,0,0.0099959
21,0.45,0,0,0.10004,0,0.009997
21,0.5,0,0,0.099989,0,0.0099984
21,0.55,0,0,0.099988,0,0.0099996
21,0.6,0,0,0.10001,0,0.01
21,0.65,0,0,0.1,0,0.010001
21,0.7,0,0,0.099971,0,0.01
21,0.75,0,0,0.099953,0,0.01
21,0.8,0,0,0.099967,0,0.01
21,0.85,0,0,0.10001,0,0.01
21,0.9,0,0,0.10002,0,0.01
21,0.95,0,0,0.099994,0,0.01
21,1,0,0,0.099983,0,0.01
22,0,1,0,0.10003,0,0.0099955
22,0.05,1,0,0.10006,0,0.0099955
22,0.1,1,0,0.1001,0,0.0099957
22,0.15,1,0,0.1001,0,0.0099968
22,0.2,1,0,0.10005,0,0.0099986
22,0.25,1,0,0.099983,0,0.010001
22,0.3,1,0,0.099932,0,0.010002
22,0.35,1,0,0.099928,0,0.010003
22,0.4,1,0,0.099959,0,0.010004
22,0.45,1,0,0.099979,0,0.010004
22,0.5,1,0,0.099967,0,0.010004
22,0.55,1,0,0.099947,0,0.010003
22,0.6,1,0,0.099957,0,0.010003
22,0.65,1,0,0.099995,0,0.010003
22,0.7,1,0,0.10002,0,0.010004
22,0.75,1,0,0.10001,0,0.010003
22,0.8,1,0,0.099976,0,0.010003
22,0.85,1,0,0.099963,0,0.010002
22,0.9,1,0,0.099996,0,0.010002
22,0.95,1,0,0.10002,0,0.010001
22,1,1,0,0.10002,0,0.01
22,0,0,0,0.10001,0,0.0099971
22,0.05,0,0,0.10004,0,0.009997
22,0.1,0,0,0.10008,0,0.0099972
22,0.15,0,0,0.10009,0,0.0099983
22,0.2,0,0,0.10004,0,0.01
22,0.25,0,0,0.09997,0,0.010002
22,0.3,0,0,0.09992,0,0.010004
22,0.35,0,0,0.099917,0,0.010005
22,0.4,0,0,0.09995,0,0.010005
22,0.45,0,0,0.099975,0,0.010005
22,0.5,0,0,0.099968,0,0.010005
22,0.55,0,0,0.099954,0,0.010005
22,0.6,0,0,0.099969,0,0.010005
22,0.65,0,0,0.10001,0,0.010005
22,0.7,0,0,0.10004,0,0.010005
22,0.75,0,0,0.10004,0,0.010004
22,0.8,0,0,0.10001,0,0.010004
22,0.85,0,0,0.10001,0,0.010003
22,0.9,0,0,0.10006,0,0.010002
22,0.95,0,0,0.10011,0,0.010001
22,1,0,0,0.10013,0,0.01
23,0,1,0,0.099985,0,0.010003
23,0.05,1,0,0.099933,0,0.010003
23,0.1,1,0,0.099871,0,0.010004
23,0.15,1,0,0.099876,0,0.010004
23,0.2,1,0,0.099901,0,0.010004
23,0.25,1,0,0.099915,0,0.010003
23,0.3,1,0,0.099912,0,0.010003
23,0.35,1,0,0.099901,0,0.010002
23,0.4,1,0,0.099905,0,0.010002
23,0.45,1,0,0.099937,0,0.010002
23,0.5,1,0,0.099977,0,0.010002
23,0.55,1,0,0.09999,0,0.010001
23,0.6,1,0,0.099977,0,0.01
23,0.65,1,0,0.099974,0,0.0099998
23,0.7,1,0,0.10001,0,0.0099991
23,0.75,1,0,0.10006,0,0.0099986
23,0.8,1,0,0.10009,0,0.0099983
23,0.85,1,0,0.10007,0,0.0099982
23,0.9,1,0,0.10004,0,0.0099984
23,0.95,1,0,0.10004,0,0.009999
23,1,1,0,0.10004,0,0.0099994
23,0,0,0,0.099972,0,0.010004
23,0.05,0,0,0.09992,0,0.010004
23,0.1,0,0,0.099859,0,0.010005
23,0.15,0,0,0.099863,0,0.010006
23,0.2,0,0,0.099888,0,0.010005
23,0.25,0,0,0.099902,0,0.010005
23,0.3,0,0,0.0999,0,0.010004
23,0.35,0,0,0.099891,0,0.010004
23,0.4,0,0,0.099897,0,0.010003
23,0.45,0,0,0.099931,0,0.010003
23,0.5,0,0,0.099974,0,0.010003
23,0.55,0,0,0.099993,0,0.010002
23,0.6,0,0,0.099986,0,0.010002
23,0.65,0,0,0.09999,0,0.010001
23,0.7,0,0,0.10003,0,0.01
23,0.75,0,0,0.10009,0,0.0099995
23,0.8,0,0,0.10013,0,0.0099991
23,0.85,0,0,0.10013,0,0.0099988
23,0.9,0,0,0.10011,0,0.0099989
23,0.95,0,0,0.10013,0,0.0099993
23,1,0,0,0.10016,0,0.0099996
24,0,1,0,0.099969,0,0.010005
24,0.05,1,0,0.099991,0,0.010004
24,0.1,1,0,0.099999,0,0.010003
24,0.15,1,0,0.099991,0,0.010002
24,0.2,1,0,0.10002,0,0.010001
24,0.25,1,0,0.10006,0,0.01
24,0.3,1,0,0.10009,0,0.0099994
24,0.35,1,0,0.1001,0,0.0099984
24,0.4,1,0,0.1001,0,0.0099974
24,0.45,1,0,0.10008,0,0.0099966
24,0.5,1,0,0.10008,0,0.0099961
24,0.55,1,0,0.1001,0,0.0099957
24,0.6,1,0,0.10011,0,0.0099955
24,0.65,1,0,0.10008,0,0.0099956
24,0.7,1,0,0.10003,0,0.0099959
24,0.75,1,0,0.099989,0,0.0099965
24,0.8,1,0,0.09998,0,0.0099973
24,0.85,1,0,0.099981,0,0.0099982
24,0.9,1,0,0.099954,0,0.009999
24,0.95,1,0,0.099901,0,0.0099996
24,1,1,0,0.099871,0,0.0099998
24,0,0,0,0.099956,0,0.010006
24,0.05,0,0,0.099977,0,0.010005
24,0.1,0,0,0.099984,0,0.010004
24,0.15,0,0,0.099977,0,0.010003
24,0.2,0,0,0.10001,0,0.010003
24,0.25,0,0,0.10005,0,0.010002
24,0.3,0,0,0.10008,0,0.010001
24,0.35,0,0,0.1001,0,0.0099996
24,0.4,0,0,0.10009,0,0.0099986
24,0.45,0,0,0.10007,0,0.0099978
24,0.5,0,0,0.10007,0,0.0099972
24,0.55,0,0,0.1001,0,0.0099968
24,0.6,0,0,0.10011,0,0.0099966
24,0.65,0,0,0.10009,0,0.0099966
24,0.7,0,0,0.10005,0,0.0099969
24,0.75,0,0,0.10002,0,0.0099974
24,0.8,0,0,0.10002,0,0.0099981
24,0.85,0,0,0.10003,0,0.0099989
24,0.9,0,0,0.10002,0,0.0099995
24,0.95,0,0,0.09999,0,0.0099999
24,1,0,0,0.099984,0,0.01
25,0,1,0,0.10001,0,0.0099964
25,0.05,1,0,0.10004,0,0.0099963
25,0.1,1,0,0.10009,0,0.009996
25,0.15,1,0,0.1001,0,0.0099961
25,0.2,1,0,0.10007,0,0.0099965
25,0.25,1,0,0.10005,0,0.009997
25,0.3,1,0,0.10005,0,0.0099976
25,0.35,1,0,0.10006,0,0.0099982
25,0.4,1,0,0.10007,0,0.0099989
25,0.45,1,0,0.10006,0,0.0099995
25,0.5,1,0,0.10003,0,0.01
25,0.55,1,0,0.1,0,0.010001
25,0.6,1,0,0.1,0,0.010002
25,0.65,1,0,0.10002,0,0.010002
25,0.7,1,0,0.10002,0,0.010003
25,0.75,1,0,0.099995,0,0.010003
25,0.8,1,0,0.099968,0,0.010003
25,0.85,1,0,0.099968,0,0.010002
25,0.9,1,0,0.1,0,0.010001
25,0.95,1,0,0.10002,0,0.010001
25,1,1,0,0.10001,0,0.01
25,0,0,0,0.1,0,0.0099976
25,0.05,0,0,0.10003,0,0.0099975
25,0.1,0,0,0.10008,0,0.0099973
25,0.15,0,0,0.10008,0,0.0099974
25,0.2,0,0,0.10005,0,0.0099978
25,0.25,0,0,0.10004,0,0.0099983
25,0.3,0,0,0.10004,0,0.0099988
25,0.35,0,0,0.10005,0,0.0099995
25,0.4,0,0,0.10006,0,0.01
25,0.45,0,0,0.10005,0,0.010001
25,0.5,0,0,0.10003,0,0.010001
25,0.55,0,0,0.1,0,0.010002
25,0.6,0,0,0.10001,0,0.010003
25,0.65,0,0,0.10003,0,0.010003
25,0.7,0,0,0.10004,0,0.010004
25,0.75,0,0,0.10002,0,0.010004
25,0.8,0,0,0.10001,0,0.010003
25,0.85,0,0,0.10002,0,0.010003
25,0.9,0,0,0.10007,0,0.010002
25,0.95,0,0,0.10011,0,0.010001
25,1,0,0,0.10012,0,0.01
26,0,1,0,0.10001,0,0.0099995
26,0.05,1,0,0.099984,0,0.0099997
26,0.1,1,0,0.099977,0,0.01
26,0.15,1,0,0.10001,0,0.01
26,0.2,1,0,0.10003,0,0.01
26,0.25,1,0,0.10001,0,0.01
26,0.3,1,0,0.099992,0,0.010001
26,0.35,1,0,0.099977,0,0.010001
26,0.4,1,0,0.099977,0,0.010001
26,0.45,1,0,0.099995,0,0.010001
26,0.5,1,0,0.10001,0,0.010001
26,0.55,1,0,0.1,0,0.010001
26,0.6,1,0,0.099992,0,0.01
26,0.65,1,0,0.099998,0,0.0099998
26,0.7,1,0,0.10003,0,0.0099993
26,0.75,1,0,0.10006,0,0.0099989
26,0.8,1,0,0.10006,0,0.0099987
26,0.85,1,0,0.10003,0,0.0099988
26,0.9,1,0,0.1,0,0.009999
26,0.95,1,0,0.099997,0,0.0099995
26,1,1,0,0.099994,0,0.0099997
26,0,0,0,0.099993,0,0.010001
26,0.05,0,0,0.099971,0,0.010001
26,0.1,0,0,0.099961,0,0.010001
26,0.15,0,0,0.099993,0,0.010002
26,0.2,0,0,0.10001,0,0.010002
26,0.25,0,0,0.099998,0,0.010002
26,0.3,0,0,0.09998,0,0.010002
26,0.35,0,0,0.099968,0,0.010002
26,0.4,0,0,0.09997,0,0.010003
26,0.45,0,0,0.09999,0,0.010003
26,0.5,0,0,0.10001,0,0.010002
26,0.55,0,0,0.10001,0,0.010002
26,0.6,0,0,0.099997,0,0.010002
26,0.65,0,0,0.10001,0,0.010001
26,0.7,0,0,0.10004,0,0.01
26,0.75,0,0,0.10008,0,0.0099999
26,0.8,0,0,0.1001,0,0.0099996
26,0.85,0,0,0.10008,0,0.0099995
26,0.9,0,0,0.10007,0,0.0099996
26,0.95,0,0,0.10009,0,0.0099998
26,1,0,0,0.10011,0,0.0099999
27,0,1,0,0.1,0,0.01
27,0.05,1,0,0.1,0,0.01
27,0.1,1,0,0.099979,0,0.01
27,0.15,1,0,0.099966,0,0.01
27,0.2,1,0,0.099986,0,0.0099998
27,0.25,1,0,0.10001,0,0.0099995
27,0.3,1,0,0.10003,0,0.009999
27,0.35,1,0,0.10003,0,0.0099985
27,0.4,1,0,0.10003,0,0.0099979
27,0.45,1,0,0.10003,0,0.0099975
27,0.5,1,0,0.10004,0,0.0099973
27,0.55,1,0,0.10006,0,0.0099973
27,0.6,1,0,0.10006,0,0.0099975
27,0.65,1,0,0.10003,0,0.0099978
27,0.7,1,0,0.10001,0,0.0099982
27,0.75,1,0,0.1,0,0.0099986
27,0.8,1,0,0.10001,0,0.009999
27,0.85,1,0,0.10002,0,0.0099992
27,0.9,1,0,0.10001,0,0.0099995
27,0.95,1,0,0.099974,0,0.0099997
27,1,1,0,0.099958,0,0.0099998
27,0,0,0,0.099991,0,0.010002
27,0.05,0,0,0.099985,0,0.010002
27,0.1,0,0,0.099962,0,0.010002
27,0.15,0,0,0.099949,0,0.010001
27,0.2,0,0,0.09997,0,0.010001
27,0.25,0,0,0.099998,0,0.010001
27,0.3,0,0,0.10002,0,0.01
27,0.35,0,0,0.10002,0,0.0099999
27,0.4,0,0,0.10002,0,0.0099993
27,0.45,0,0,0.10002,0,0.0099989
27,0.5,0,0,0.10004,0,0.0099986
27,0.55,0,0,0.10007,0,0.0099985
27,0.6,0,0,0.10007,0,0.0099987
27,0.65,0,0,0.10005,0,0.0099989
27,0.7,0,0,0.10003,0,0.0099993
27,0.75,0,0,0.10003,0,0.0099996
27,0.8,0,0,0.10005,0,0.0099998
27,0.85,0,0,0.10008,0,0.0099999
27,0.9,0,0,0.10007,0,0.01
27,0.95,0,0,0.10007,0,0.01
27,1,0,0,0.10008,0,0.01
28,0,1,0,0.10003,0,0.0099964
28,0.05,1,0,0.10005,0,0.0099962
28,0.1,1,0,0.10007,0,0.0099958
28,0.15,1,0,0.10006,0,0.0099955
28,0.2,1,0,0.10004,0,0.0099955
28,0.25,1,0,0.10003,0,0.0099957
28,0.3,1,0,0.10003,0,0.0099962
28,0.35,1,0,0.10003,0,0.0099967
28,0.4,1,0,0.10002,0,0.0099973
28,0.45,1,0,0.099996,0,0.0099979
28,0.5,1,0,0.099973,0,0.0099984
28,0.55,1,0,0.09997,0,0.0099987
28,0.6,1,0,0.099988,0,0.0099988
28,0.65,1,0,0.10001,0,0.0099989
28,0.7,1,0,0.1,0,0.0099989
28,0.75,1,0,0.099985,0,0.009999
28,0.8,1,0,0.099967,0,0.0099991
28,0.85,1,0,0.099966,0,0.0099993
28,0.9,1,0,0.099979,0,0.0099995
28,0.95,1,0,0.099964,0,0.0099997
28,1,1,0,0.099939,0,0.0099998
28,0,0,0,0.10001,0,0.0099979
28,0.05,0,0,0.10003,0,0.0099977
28,0.1,0,0,0.10006,0,0.0099973
28,0.15,0,0,0.10005,0,0.009997
28,0.2,0,0,0.10002,0,0.009997
28,0.25,0,0,0.10001,0,0.0099972
28,0.3,0,0,0.10001,0,0.0099976
28,0.35,0,0,0.10002,0,0.0099981
28,0.4,0,0,0.10001,0,0.0099987
28,0.45,0,0,0.099992,0,0.0099992
28,0.5,0,0,0.099973,0,0.0099996
28,0.55,0,0,0.099974,0,0.0099999
28,0.6,0,0,0.099997,0,0.01
28,0.65,0,0,0.10002,0,0.01
28,0.7,0,0,0.10003,0,0.0099999
28,0.75,0,0,0.10002,0,0.0099999
28,0.8,0,0,0.10001,0,0.0099999
28,0.85,0,0,0.10002,0,0.01
28,0.9,0,0,0.10004,0,0.01
28,0.95,0,0,0.10005,0,0.01
28,1,0,0,0.10006,0,0.01
29,0,1,0,0.10001,0,0.0099987
29,0.05,1,0,0.099994,0,0.0099991
29,0.1,1,0,0.099984,0,0.0099997
29,0.15,1,0,0.099998,0,0.01
29,0.2,1,0,0.099999,0,0.010001
29,0.25,1,0,0.099984,0,0.010001
29,0.3,1,0,0.099974,0,0.01
29,0.35,1,0,0.09998,0,0.01
29,0.4,1,0,0.1,0,0.0099997
29,0.45,1,0,0.10002,0,0.0099993
29,0.5,1,0,0.10002,0,0.009999
29,0.55,1,0,0.10001,0,0.0099988
29,0.6,1,0,0.099984,0,0.0099988
29,0.65,1,0,0.099978,0,0.0099989
29,0.7,1,0,0.099983,0,0.009999
29,0.75,1,0,0.099984,0,0.0099991
29,0.8,1,0,0.09997,0,0.0099992
29,0.85,1,0,0.099943,0,0.0099993
29,0.9,1,0,0.099932,0,0.0099995
29,0.95,1,0,0.099935,0,0.0099997
29,1,1,0,0.09993,0,0.0099998
29,0,0,0,0.099997,0,0.01
29,0.05,0,0,0.09998,0,0.01
29,0.1,0,0,0.099971,0,0.010001
29,0.15,0,0,0.099984,0,0.010002
29,0.2,0,0,0.099985,0,0.010002
29,0.25,0,0,0.099972,0,0.010002
29,0.3,0,0,0.099963,0,0.010002
29,0.35,0,0,0.099971,0,0.010001
29,0.4,0,0,0.099994,0,0.010001
29,0.45,0,0,0.10002,0,0.01
29,0.5,0,0,0.10002,0,0.01
29,0.55,0,0,0.10001,0,0.0099999
29,0.6,0,0,0.099993,0,0.0099999
29,0.65,0,0,0.099993,0,0.0099999
29,0.7,0,0,0.1,0,0.01
29,0.75,0,0,0.10001,0,0.01
29,0.8,0,0,0.10001,0,0.01
29,0.85,0,0,0.099995,0,0.01
29,0.9,0,0,0.099996,0,0.01
29,0.95,0,0,0.10002,0,0.01
29,1,0,0,0.10005,0,0.01
30,0,1,0,0.1,0,0.010001
30,0.05,1,0,0.1,0,0.010001
30,0.1,1,0,0.099996,0,0.01
30,0.15,1,0,0.1,0,0.0099996
30,0.2,1,0,0.10003,0,0.0099991
30,0.25,1,0,0.10005,0,0.0099988
30,0.3,1,0,0.10005,0,0.0099986
30,0.35,1,0,0.10003,0,0.0099988
30,0.4,1,0,0.10001,0,0.009999
30,0.45,1,0,0.10001,0,0.0099992
30,0.5,1,0,0.10001,0,0.0099994
30,0.55,1,0,0.10002,0,0.0099995
30,0.6,1,0,0.10001,0,0.0099995
30,0.65,1,0,0.099987,0,0.0099995
30,0.7,1,0,0.099973,0,0.0099995
30,0.75,1,0,0.099972,0,0.0099996
30,0.8,1,0,0.099979,0,0.0099997
30,0.85,1,0,0.099973,0,0.0099998
30,0.9,1,0,0.099948,0,0.0099999
30,0.95,1,0,0.099923,0,0.01
30,1,1,0,0.099912,0,0.01
30,0,0,0,0.09999,0,0.010002
30,0.05,0,0,0.09999,0,0.010002
30,0.1,0,0,0.099982,0,0.010001
30,0.15,0,0,0.099987,0,0.010001
30,0.2,0,0,0.10002,0,0.01
30,0.25,0,0,0.10004,0,0.01
30,0.3,0,0,0.10004,0,0.0099999
30,0.35,0,0,0.10002,0,0.01
30,0.4,0,0,0.1,0,0.01
30,0.45,0,0,0.1,0,0.01
30,0.5,0,0,0.10001,0,0.010001
30,0.55,0,0,0.10002,0,0.010001
30,0.6,0,0,0.10001,0,0.010001
30,0.65,0,0,0.099999,0,0.01
30,0.7,0,0,0.099993,0,0.01
30,0.75,0,0,0.1,0,0.01
30,0.8,0,0,0.10002,0,0.01
30,0.85,0,0,0.10003,0,0.01
30,0.9,0,0,0.10001,0,0.01
30,0.95,0,0,0.10001,0,0.01
30,1,0,0,0.10003,0,0.01
31,0,1,0,0.10002,0,0.0099963
31,0.05,1,0,0.10004,0,0.0099962
31,0.1,1,0,0.10005,0,0.0099963
31,0.15,1,0,0.10003,0,0.0099966
31,0.2,1,0,0.1,0,0.009997
31,0.25,1,0,0.099996,0,0.0099973
31,0.3,1,0,0.10001,0,0.0099976
31,0.35,1,0,0.10001,0,0.0099978
31,0.4,1,0,0.10001,0,0.009998
31,0.45,1,0,0.099995,0,0.0099982
31,0.5,1,0,0.099984,0,0.0099985
31,0.55,1,0,0.099985,0,0.0099988
31,0.6,1,0,0.099991,0,0.0099991
31,0.65,1,0,0.099989,0,0.0099994
31,0.7,1,0,0.099976,0,0.0099996
31,0.75,1,0,0.099959,0,0.0099997
31,0.8,1,0,0.099951,0,0.0099997
31,0.85,1,0,0.099957,0,0.0099998
31,0.9,1,0,0.099965,0,0.0099998
31,0.95,1,0,0.099947,0,0.0099999
31,1,1,0,0.099927,0,0.0099999
31,0,0,0,0.10001,0,0.0099975
31,0.05,0,0,0.10002,0,0.0099975
31,0.1,0,0,0.10004,0,0.0099976
31,0.15,0,0,0.10002,0,0.0099979
31,0.2,0,0,0.099988,0,0.0099983
31,0.25,0,0,0.099983,0,0.0099986
31,0.3,0,0,0.099997,0,0.0099989
31,0.35,0,0,0.10001,0,0.0099991
31,0.4,0,0,0.1,0,0.0099993
31,0.45,0,0,0.099988,0,0.0099995
31,0.5,0,0,0.09998,0,0.0099997
31,0.55,0,0,0.099985,0,0.01
31,0.6,0,0,0.099996,0,0.01
31,0.65,0,0,0.1,0,0.01
31,0.7,0,0,0.099995,0,0.010001
31,0.75,0,0,0.099986,0,0.010001
31,0.8,0,0,0.099988,0,0.010001
31,0.85,0,0,0.10001,0,0.01
31,0.9,0,0,0.10003,0,0.01
31,0.95,0,0,0.10004,0,0.01
31,1,0,0,0.10005,0,0.01
32,0,1,0,0.10001,0,0.0099989
32,0.05,1,0,0.1,0,0.0099991
32,0.1,1,0,0.099999,0,0.0099993
32,0.15,1,0,0.10001,0,0.0099995
32,0.2,1,0,0.10001,0,0.0099996
32,0.25,1,0,0.099983,0,0.0099997
32,0.3,1,0,0.099965,0,0.0099998
32,0.35,1,0,0.099964,0,0.0099999
32,0.4,1,0,0.09997,0,0.01
32,0.45,1,0,0.099971,0,0.01
32,0.5,1,0,0.099962,0,0.0099999
32,0.55,1,0,0.09995,0,0.0099998
32,0.6,1,0,0.099948,0,0.0099997
32,0.65,1,0,0.099959,0,0.0099996
32,0.7,1,0,0.099972,0,0.0099996
32,0.75,1,0,0.099975,0,0.0099995
32,0.8,1,0,0.099965,0,0.0099995
32,0.85,1,0,0.099949,0,0.0099996
32,0.9,1,0,0.099949,0,0.0099996
32,0.95,1,0,0.099951,0,0.0099998
32,1,1,0,0.099942,0,0.0099999
32,0,0,0,0.1,0,0.01
32,0.05,0,0,0.099989,0,0.01
32,0.1,0,0,0.099983,0,0.010001
32,0.15,0,0,0.099995,0,0.010001
32,0.2,0,0,0.09999,0,0.010001
32,0.25,0,0,0.099969,0,0.010001
32,0.3,0,0,0.099954,0,0.010001
32,0.35,0,0,0.099954,0,0.010001
32,0.4,0,0,0.099962,0,0.010001
32,0.45,0,0,0.099965,0,0.010001
32,0.5,0,0,0.099959,0,0.010001
32,0.55,0,0,0.099952,0,0.010001
32,0.6,0,0,0.099955,0,0.010001
32,0.65,0,0,0.099971,0,0.010001
32,0.7,0,0,0.09999,0,0.010001
32,0.75,0,0,0.1,0,0.01
32,0.8,0,0,0.1,0,0.01
32,0.85,0,0,0.1,0,0.01
32,0.9,0,0,0.10001,0,0.01
32,0.95,0,0,0.10004,0,0.01
32,1,0,0,0.10006,0,0.01
33,0,1,0,0.1,0,0.01
33,0.05,1,0,0.099996,0,0.01
33,0.1,1,0,0.099978,0,0.01
33,0.15,1,0,0.099971,0,0.01
33,0.2,1,0,0.099985,0,0.01
33,0.25,1,0,0.099996,0,0.01
33,0.3,1,0,0.099993,0,0.01
33,0.35,1,0,0.099983,0,0.01
33,0.4,1,0,0.099981,0,0.01
33,0.45,1,0,0.099991,0,0.01
33,0.5,1,0,0.1,0,0.0099999
33,0.55,1,0,0.10001,0,0.0099998
33,0.6,1,0,0.099995,0,0.0099997
33,0.65,1,0,0.099982,0,0.0099996
33,0.7,1,0,0.099978,0,0.0099995
33,0.75,1,0,0.09998,0,0.0099995
33,0.8,1,0,0.099981,0,0.0099995
33,0.85,1,0,0.099966,0,0.0099996
33,0.9,1,0,0.099942,0,0.0099997
33,0.95,1,0,0.099921,0,0.0099998
33,1,1,0,0.099911,0,0.0099999
33,0,0,0,0.099988,0,0.010002
33,0.05,0,0,0.099981,0,0.010002
33,0.1,0,0,0.099962,0,0.010002
33,0.15,0,0,0.099955,0,0.010002
33,0.2,0,0,0.09997,0,0.010002
33,0.25,0,0,0.099982,0,0.010002
33,0.3,0,0,0.09998,0,0.010002
33,0.35,0,0,0.099973,0,0.010002
33,0.4,0,0,0.099973,0,0.010001
33,0.45,0,0,0.099986,0,0.010001
33,0.5,0,0,0.1,0,0.010001
33,0.55,0,0,0.10001,0,0.010001
33,0.6,0,0,0.1,0,0.010001
33,0.65,0,0,0.099995,0,0.010001
33,0.7,0,0,0.099997,0,0.010001
33,0.75,0,0,0.10001,0,0.01
33,0.8,0,0,0.10002,0,0.01
33,0.85,0,0,0.10002,0,0.01
33,0.9,0,0,0.10001,0,0.01
33,0.95,0,0,0.10001,0,0.01
33,1,0,0,0.10003,0,0.01
34,0,1,0,0.1,0,0.0099998
34,0.05,1,0,0.10001,0,0.0099997
34,0.1,1,0,0.10001,0,0.0099995
34,0.15,1,0,0.1,0,0.0099993
34,0.2,1,0,0.099997,0,0.0099992
34,0.25,1,0,0.1,0,0.0099989
34,0.3,1,0,0.10002,0,0.0099987
34,0.35,1,0,0.10002,0,0.0099986
34,0.4,1,0,0.10001,0,0.0099985
34,0.45,1,0,0.099999,0,0.0099984
34,0.5,1,0,0.099994,0,0.0099984
34,0.55,1,0,0.099997,0,0.0099985
34,0.6,1,0,0.099999,0,0.0099986
34,0.65,1,0,0.099991,0,0.0099988
34,0.7,1,0,0.099975,0,0.009999
34,0.75,1,0,0.09996,0,0.0099992
34,0.8,1,0,0.099957,0,0.0099994
34,0.85,1,0,0.099961,0,0.0099995
34,0.9,1,0,0.09996,0,0.0099997
34,0.95,1,0,0.09994,0,0.0099998
34,1,1,0,0.099922,0,0.0099999
34,0,0,0,0.099988,0,0.010001
34,0.05,0,0,0.099995,0,0.010001
34,0.1,0,0,0.1,0,0.010001
34,0.15,0,0,0.09999,0,0.010001
34,0.2,0,0,0.099981,0,0.010001
34,0.25,0,0,0.099989,0,0.01
34,0.3,0,0,0.1,0,0.01
34,0.35,0,0,0.10001,0,0.0099999
34,0.4,0,0,0.1,0,0.0099998
34,0.45,0,0,0.099993,0,0.0099997
34,0.5,0,0,0.099991,0,0.0099997
34,0.55,0,0,0.1,0,0.0099997
34,0.6,0,0,0.10001,0,0.0099998
34,0.65,0,0,0.10001,0,0.0099999
34,0.7,0,0,0.099995,0,0.01
34,0.75,0,0,0.099989,0,0.01
34,0.8,0,0,0.099994,0,0.01
34,0.85,0,0,0.10001,0,0.01
34,0.9,0,0,0.10003,0,0.01
34,0.95,0,0,0.10003,0,0.01
34,1,0,0,0.10004,0,0.01
35,0,1,0,0.10001,0,0.009999
35,0.05,1,0,0.10001,0,0.0099991
35,0.1,1,0,0.10002,0,0.0099991
35,0.15,1,0,0.10003,0,0.0099991
35,0.2,1,0,0.10002,0,0.0099992
35,0.25,1,0,0.10001,0,0.0099994
35,0.3,1,0,0.10001,0,0.0099996
35,0.35,1,0,0.10001,0,0.0099998
35,0.4,1,0,0.10001,0,0.01
35,0.45,1,0,0.10001,0,0.01
35,0.5,1,0,0.099992,0,0.01
35,0.55,1,0,0.099979,0,0.01
35,0.6,1,0,0.099977,0,0.01
35,0.65,1,0,0.099983,0,0.01
35,0.7,1,0,0.099986,0,0.01
35,0.75,1,0,0.099978,0,0.01
35,0.8,1,0,0.099964,0,0.01
35,0.85,1,0,0.09995,0,0.01
35,0.9,1,0,0.099951,0,0.01
35,0.95,1,0,0.099946,0,0.01
35,1,1,0,0.099933,0,0.01
35,0,0,0,0.099992,0,0.01
35,0.05,0,0,0.099996,0,0.01
35,0.1,0,0,0.10001,0,0.01
35,0.15,0,0,0.10002,0,0.01
35,0.2,0,0,0.10001,0,0.010001
35,0.25,0,0,0.1,0,0.010001
35,0.3,0,0,0.099994,0,0.010001
35,0.35,0,0,0.099998,0,0.010001
35,0.4,0,0,0.1,0,0.010001
35,0.45,0,0,0.1,0,0.010001
35,0.5,0,0,0.099991,0,0.010002
35,0.55,0,0,0.099982,0,0.010002
35,0.6,0,0,0.099985,0,0.010002
35,0.65,0,0,0.099997,0,0.010001
35,0.7,0,0,0.10001,0,0.010001
35,0.75,0,0,0.10001,0,0.010001
35,0.8,0,0,0.1,0,0.010001
35,0.85,0,0,0.1,0,0.010001
35,0.9,0,0,0.10002,0,0.010001
35,0.95,0,0,0.10004,0,0.01
35,1,0,0,0.10005,0,0.01
36,0,1,0,0.1,0,0.0099999
36,0.05,1,0,0.099995,0,0.01
36,0.1,1,0,0.099986,0,0.01
36,0.15,1,0,0.099988,0,0.01
36,0.2,1,0,0.099994,0,0.01
36,0.25,1,0,0.099995,0,0.01
36,0.3,1,0,0.099988,0,0.01
36,0.35,1,0,0.099981,0,0.01
36,0.4,1,0,0.099981,0,0.01
36,0.45,1,0,0.099991,0,0.01
36,0.5,1,0,0.1,0,0.01
36,0.55,1,0,0.099998,0,0.01
36,0.6,1,0,0.09999,0,0.01
36,0.65,1,0,0.099985,0,0.01
36,0.7,1,0,0.09999,0,0.01
36,0.75,1,0,0.099997,0,0.01
36,0.8,1,0,0.1,0,0.01
36,0.85,1,0,0.099994,0,0.01
36,0.9,1,0,0.099982,0,0.0099999
36,0.95,1,0,0.099974,0,0.0099999
36,1,1,0,0.099968,0,0.0099999
36,0,0,0,0.099989,0,0.010001
36,0.05,0,0,0.099982,0,0.010001
36,0.1,0,0,0.099973,0,0.010001
36,0.15,0,0,0.099975,0,0.010002
36,0.2,0,0,0.099981,0,0.010002
36,0.25,0,0,0.099983,0,0.010002
36,0.3,0,0,0.099977,0,0.010002
36,0.35,0,0,0.099971,0,0.010002
36,0.4,0,0,0.099974,0,0.010002
36,0.45,0,0,0.099986,0,0.010002
36,0.5,0,0,0.099998,0,0.010002
36,0.55,0,0,0.1,0,0.010002
36,0.6,0,0,0.099996,0,0.010001
36,0.65,0,0,0.099998,0,0.010001
36,0.7,0,0,0.10001,0,0.010001
36,0.75,0,0,0.10003,0,0.010001
36,0.8,0,0,0.10004,0,0.010001
36,0.85,0,0,0.10005,0,0.010001
36,0.9,0,0,0.10005,0,0.01
36,0.95,0,0,0.10007,0,0.01
36,1,0,0,0.10008,0,0.01
37,0,1,0,0.1,0,0.01
37,0.05,1,0,0.1,0,0.0099999
37,0.1,1,0,0.099999,0,0.0099999
37,0.15,1,0,0.099992,0,0.0099998
37,0.2,1,0,0.099991,0,0.0099997
37,0.25,1,0,0.099996,0,0.0099996
37,0.3,1,0,0.1,0,0.0099995
37,0.35,1,0,0.1,0,0.0099994
37,0.4,1,0,0.099999,0,0.0099993
37,0.45,1,0,0.099994,0,0.0099992
37,0.5,1,0,0.099998,0,0.009999
37,0.55,1,0,0.10001,0,0.0099989
37,0.6,1,0,0.10001,0,0.0099988
37,0.65,1,0,0.10001,0,0.0099987
37,0.7,1,0,0.1,0,0.0099987
37,0.75,1,0,0.099994,0,0.0099988
37,0.8,1,0,0.099993,0,0.0099989
37,0.85,1,0,0.099991,0,0.0099992
37,0.9,1,0,0.099982,0,0.0099994
37,0.95,1,0,0.099959,0,0.0099997
37,1,1,0,0.099942,0,0.0099998
37,0,0,0,0.099988,0,0.010001
37,0.05,0,0,0.099989,0,0.010001
37,0.1,0,0,0.099985,0,0.010001
37,0.15,0,0,0.099978,0,0.010001
37,0.2,0,0,0.099977,0,0.010001
37,0.25,0,0,0.099984,0,0.010001
37,0.3,0,0,0.099992,0,0.010001
37,0.35,0,0,0.099996,0,0.010001
37,0.4,0,0,0.099992,0,0.010001
37,0.45,0,0,0.099989,0,0.01
37,0.5,0,0,0.099996,0,0.01
37,0.55,0,0,0.10001,0,0.01
37,0.6,0,0,0.10002,0,0.0099999
37,0.65,0,0,0.10002,0,0.0099998
37,0.7,0,0,0.10002,0,0.0099997
37,0.75,0,0,0.10002,0,0.0099997
37,0.8,0,0,0.10003,0,0.0099998
37,0.85,0,0,0.10004,0,0.0099999
37,0.9,0,0,0.10005,0,0.0099999
37,0.95,0,0,0.10005,0,0.01
37,1,0,0,0.10006,0,0.01
38,0,1,0,0.1,0,0.0099995
38,0.05,1,0,0.10001,0,0.0099994
38,0.1,1,0,0.10002,0,0.0099994
38,0.15,1,0,0.10002,0,0.0099993
38,0.2,1,0,0.10002,0,0.0099992
38,0.25,1,0,0.10001,0,0.0099991
38,0.3,1,0,0.10001,0,0.0099991
38,0.35,1,0,0.10002,0,0.009999
38,0.4,1,0,0.10002,0,0.009999
38,0.45,1,0,0.10002,0,0.009999
38,0.5,1,0,0.10001,0,0.0099991
38,0.55,1,0,0.1,0,0.0099993
38,0.6,1,0,0.1,0,0.0099994
38,0.65,1,0,0.1,0,0.0099996
38,0.7,1,0,0.099997,0,0.0099997
38,0.75,1,0,0.099986,0,0.0099997
38,0.8,1,0,0.099974,0,0.0099998
38,0.85,1,0,0.099966,0,0.0099998
38,0.9,1,0,0.099967,0,0.0099999
38,0.95,1,0,0.099958,0,0.0099999
38,1,1,0,0.099944,0,0.0099999
38,0,0,0,0.09999,0,0.010001
38,0.05,0,0,0.099994,0,0.010001
38,0.1,0,0,0.1,0,0.010001
38,0.15,0,0,0.1,0,0.010001
38,0.2,0,0,0.1,0,0.010001
38,0.25,0,0,0.099999,0,0.010001
38,0.3,0,0,0.1,0,0.01
38,0.35,0,0,0.10001,0,0.01
38,0.4,0,0,0.10002,0,0.01
38,0.45,0,0,0.10001,0,0.01
38,0.5,0,0,0.10001,0,0.01
38,0.55,0,0,0.1,0,0.01
38,0.6,0,0,0.10001,0,0.010001
38,0.65,0,0,0.10001,0,0.010001
38,0.7,0,0,0.10002,0,0.010001
38,0.75,0,0,0.10001,0,0.010001
38,0.8,0,0,0.10001,0,0.010001
38,0.85,0,0,0.10002,0,0.010001
38,0.9,0,0,0.10003,0,0.01
38,0.95,0,0,0.10005,0,0.01
38,1,0,0,0.10006,0,0.01
39,0,1,0,0.1,0,0.0099996
39,0.05,1,0,0.1,0,0.0099996
39,0.1,1,0,0.1,0,0.0099996
39,0.15,1,0,0.10001,0,0.0099997
39,0.2,1,0,0.10001,0,0.0099998
39,0.25,1,0,0.10001,0,0.0099999
39,0.3,1,0,0.10001,0,0.01
39,0.35,1,0,0.1,0,0.01
39,0.4,1,0,0.1,0,0.01
39,0.45,1,0,0.10001,0,0.01
39,0.5,1,0,0.10001,0,0.01
39,0.55,1,0,0.10001,0,0.01
39,0.6,1,0,0.099999,0,0.01
39,0.65,1,0,0.099997,0,0.0099999
39,0.7,1,0,0.1,0,0.0099998
39,0.75,1,0,0.1,0,0.0099998
39,0.8,1,0,0.099998,0,0.0099997
39,0.85,1,0,0.099984,0,0.0099997
39,0.9,1,0,0.099973,0,0.0099998
39,0.95,1,0,0.099964,0,0.0099998
39,1,1,0,0.099955,0,0.0099999
39,0,0,0,0.09999,0,0.010001
39,0.05,0,0,0.099989,0,0.010001
39,0.1,0,0,0.09999,0,0.010001
39,0.15,0,0,0.099996,0,0.010001
39,0.2,0,0,0.1,0,0.010001
39,0.25,0,0,0.099999,0,0.010001
39,0.3,0,0,0.099995,0,0.010001
39,0.35,0,0,0.099991,0,0.010001
39,0.4,0,0,0.099994,0,0.010002
39,0.45,0,0,0.1,0,0.010001
39,0.5,0,0,0.10001,0,0.010001
39,0.55,0,0,0.10001,0,0.010001
39,0.6,0,0,0.10001,0,0.010001
39,0.65,0,0,0.10001,0,0.010001
39,0.7,0,0,0.10002,0,0.010001
39,0.75,0,0,0.10003,0,0.010001
39,0.8,0,0,0.10004,0,0.010001
39,0.85,0,0,0.10004,0,0.01
39,0.9,0,0,0.10004,0,0.01
39,0.95,0,0,0.10006,0,0.01
39,1,0,0,0.10007,0,0.01
40,0,1,0,0.1,0,0.0099997
40,0.05,1,0,0.1,0,0.0099997
40,0.1,1,0,0.1,0,0.0099996
40,0.15,1,0,0.099999,0,0.0099995
40,0.2,1,0,0.1,0,0.0099994
40,0.25,1,0,0.10001,0,0.0099993
40,0.3,1,0,0.10001,0,0.0099992
40,0.35,1,0,0.10002,0,0.009999
40,0.4,1,0,0.10001,0,0.009999
40,0.45,1,0,0.10001,0,0.0099989
40,0.5,1,0,0.10001,0,0.0099989
40,0.55,1,0,0.10002,0,0.009999
40,0.6,1,0,0.10001,0,0.009999
40,0.65,1,0,0.10001,0,0.0099991
40,0.7,1,0,0.099999,0,0.0099992
40,0.75,1,0,0.099994,0,0.0099993
40,0.8,1,0,0.099994,0,0.0099995
40,0.85,1,0,0.099991,0,0.0099996
40,0.9,1,0,0.09998,0,0.0099997
40,0.95,1,0,0.099962,0,0.0099998
40,1,1,0,0.099948,0,0.0099999
40,0,0,0,0.09999,0,0.010001
40,0.05,0,0,0.099989,0,0.010001
40,0.1,0,0,0.099985,0,0.010001
40,0.15,0,0,0.099984,0,0.010001
40,0.2,0,0,0.099989,0,0.010001
40,0.25,0,0,0.099997,0,0.010001
40,0.3,0,0,0.10001,0,0.01
40,0.35,0,0,0.10001,0,0.01
40,0.4,0,0,0.1,0,0.01
40,0.45,0,0,0.10001,0,0.01
40,0.5,0,0,0.10001,0,0.01
40,0.55,0,0,0.10002,0,0.01
40,0.6,0,0,0.10002,0,0.01
40,0.65,0,0,0.10002,0,0.01
40,0.7,0,0,0.10002,0,0.01
40,0.75,0,0,0.10002,0,0.01
40,0.8,0,0,0.10003,0,0.01
40,0.85,0,0,0.10004,0,0.01
40,0.9,0,0,0.10005,0,0.01
40,0.95,0,0,0.10005,0,0.01
40,1,0,0,0.10007,0,0.01
41,0,1,0,0.10001,0,0.0099988
41,0.05,1,0,0.10002,0,0.0099987
41,0.1,1,0,0.10002,0,0.0099986
41,0.15,1,0,0.10002,0,0.0099985
41,0.2,1,0,0.10002,0,0.0099985
41,0.25,1,0,0.10002,0,0.0099986
41,0.3,1,0,0.10002,0,0.0099987
41,0.35,1,0,0.10002,0,0.0099988
41,0.4,1,0,0.10002,0,0.0099989
41,0.45,1,0,0.10001,0,0.009999
41,0.5,1,0,0.1,0,0.0099991
41,0.55,1,0,0.099996,0,0.0099992
41,0.6,1,0,0.099998,0,0.0099993
41,0.65,1,0,0.099998,0,0.0099994
41,0.7,1,0,0.099994,0,0.0099994
41,0.75,1,0,0.099986,0,0.0099995
41,0.8,1,0,0.099979,0,0.0099995
41,0.85,1,0,0.099975,0,0.0099996
41,0.9,1,0,0.099976,0,0.0099997
41,0.95,1,0,0.099964,0,0.0099998
41,1,1,0,0.099949,0,0.0099999
41,0,0,0,0.099997,0,0.01
41,0.05,0,0,0.1,0,0.01
41,0.1,0,0,0.10001,0,0.01
41,0.15,0,0,0.10001,0,0.0099999
41,0.2,0,0,0.10001,0,0.0099999
41,0.25,0,0,0.1,0,0.0099999
41,0.3,0,0,0.10001,0,0.01
41,0.35,0,0,0.10001,0,0.01
41,0.4,0,0,0.10001,0,0.01
41,0.45,0,0,0.1,0,0.01
41,0.5,0,0,0.099999,0,0.01
41,0.55,0,0,0.1,0,0.01
41,0.6,0,0,0.10001,0,0.01
41,0.65,0,0,0.10001,0,0.01
41,0.7,0,0,0.10001,0,0.01
41,0.75,0,0,0.10002,0,0.01
41,0.8,0,0,0.10002,0,0.01
41,0.85,0,0,0.10003,0,0.01
41,0.9,0,0,0.10004,0,0.01
41,0.95,0,0,0.10005,0,0.01
41,1,0,0,0.10007,0,0.01
42,0,1,0,0.10001,0,0.0099987
42,0.05,1,0,0.10001,0,0.0099988
42,0.1,1,0,0.10001,0,0.009999
42,0.15,1,0,0.10001,0,0.0099991
42,0.2,1,0,0.1,0,0.0099993
42,0.25,1,0,0.099999,0,0.0099994
42,0.3,1,0,0.099992,0,0.0099995
42,0.35,1,0,0.09999,0,0.0099996
42,0.4,1,0,0.099994,0,0.0099996
42,0.45,1,0,0.099998,0,0.0099996
42,0.5,1,0,0.099999,0,0.0099996
42,0.55,1,0,0.099996,0,0.0099996
42,0.6,1,0,0.099993,0,0.0099996
42,0.65,1,0,0.099993,0,0.0099995
42,0.7,1,0,0.099996,0,0.0099995
42,0.75,1,0,0.099995,0,0.0099996
42,0.8,1,0,0.099989,0,0.0099996
42,0.85,1,0,0.099976,0,0.0099997
42,0.9,1,0,0.099969,0,0.0099998
42,0.95,1,0,0.09996,0,0.0099999
42,1,1,0,0.09995,0,0.0099999
42,0,0,0,0.099998,0,0.01
42,0.05,0,0,0.099995,0,0.01
42,0.1,0,0,0.099992,0,0.01
42,0.15,0,0,0.099994,0,0.01
42,0.2,0,0,0.099992,0,0.010001
42,0.25,0,0,0.099987,0,0.010001
42,0.3,0,0,0.099982,0,0.010001
42,0.35,0,0,0.099982,0,0.010001
42,0.4,0,0,0.099987,0,0.010001
42,0.45,0,0,0.099994,0,0.010001
42,0.5,0,0,0.099998,0,0.010001
42,0.55,0,0,0.099999,0,0.010001
42,0.6,0,0,0.1,0,0.010001
42,0.65,0,0,0.10001,0,0.010001
42,0.7,0,0,0.10002,0,0.010001
42,0.75,0,0,0.10002,0,0.01
42,0.8,0,0,0.10003,0,0.01
42,0.85,0,0,0.10003,0,0.01
42,0.9,0,0,0.10003,0,0.01
42,0.95,0,0,0.10005,0,0.01
42,1,0,0,0.10007,0,0.01
43,0,1,0,0.10001,0,0.0099999
43,0.05,1,0,0.1,0,0.0099999
43,0.1,1,0,0.099996,0,0.0099998
43,0.15,1,0,0.099996,0,0.0099997
43,0.2,1,0,0.1,0,0.0099996
43,0.25,1,0,0.10001,0,0.0099995
43,0.3,1,0,0.10001,0,0.0099993
43,0.35,1,0,0.10001,0,0.0099992
43,0.4,1,0,0.10001,0,0.009999
43,0.45,1,0,0.10001,0,0.0099989
43,0.5,1,0,0.10001,0,0.0099989
43,0.55,1,0,0.10001,0,0.0099989
43,0.6,1,0,0.1,0,0.0099989
43,0.65,1,0,0.099994,0,0.009999
43,0.7,1,0,0.099988,0,0.009999
43,0.75,1,0,0.099984,0,0.0099991
43,0.8,1,0,0.099983,0,0.0099992
43,0.85,1,0,0.099975,0,0.0099993
43,0.9,1,0,0.099963,0,0.0099995
43,0.95,1,0,0.099946,0,0.0099997
43,1,1,0,0.099933,0,0.0099998
43,0,0,0,0.099991,0,0.010001
43,0.05,0,0,0.099988,0,0.010001
43,0.1,0,0,0.099981,0,0.010001
43,0.15,0,0,0.099982,0,0.010001
43,0.2,0,0,0.099989,0,0.010001
43,0.25,0,0,0.099996,0,0.010001
43,0.3,0,0,0.1,0,0.010001
43,0.35,0,0,0.1,0,0.01
43,0.4,0,0,0.1,0,0.01
43,0.45,0,0,0.1,0,0.01
43,0.5,0,0,0.10001,0,0.01
43,0.55,0,0,0.10001,0,0.01
43,0.6,0,0,0.10001,0,0.01
43,0.65,0,0,0.10001,0,0.01
43,0.7,0,0,0.10001,0,0.01
43,0.75,0,0,0.10001,0,0.01
43,0.8,0,0,0.10002,0,0.01
43,0.85,0,0,0.10003,0,0.01
43,0.9,0,0,0.10003,0,0.01
43,0.95,0,0,0.10004,0,0.01
43,1,0,0,0.10005,0,0.01
44,0,1,0,0.10001,0,0.0099989
44,0.05,1,0,0.10001,0,0.0099989
44,0.1,1,0,0.10002,0,0.0099987
44,0.15,1,0,0.10002,0,0.0099986
44,0.2,1,0,0.10002,0,0.0099986
44,0.25,1,0,0.10002,0,0.0099986
44,0.3,1,0,0.10002,0,0.0099987
44,0.35,1,0,0.10002,0,0.0099988
44,0.4,1,0,0.10001,0,0.0099989
44,0.45,1,0,0.10001,0,0.009999
44,0.5,1,0,0.1,0,0.0099991
44,0.55,1,0,0.099999,0,0.0099992
44,0.6,1,0,0.099999,0,0.0099993
44,0.65,1,0,0.099995,0,0.0099994
44,0.7,1,0,0.099987,0,0.0099995
44,0.75,1,0,0.099977,0,0.0099996
44,0.8,1,0,0.09997,0,0.0099997
44,0.85,1,0,0.099965,0,0.0099998
44,0.9,1,0,0.099961,0,0.0099998
44,0.95,1,0,0.099946,0,0.0099999
44,1,1,0,0.099931,0,0.0099999
44,0,0,0,0.099996,0,0.01
44,0.05,0,0,0.1,0,0.01
44,0.1,0,0,0.10001,0,0.01
44,0.15,0,0,0.1,0,0.01
44,0.2,0,0,0.1,0,0.01
44,0.25,0,0,0.1,0,0.01
44,0.3,0,0,0.10001,0,0.01
44,0.35,0,0,0.10001,0,0.01
44,0.4,0,0,0.10001,0,0.01
44,0.45,0,0,0.1,0,0.01
44,0.5,0,0,0.1,0,0.01
44,0.55,0,0,0.1,0,0.01
44,0.6,0,0,0.10001,0,0.01
44,0.65,0,0,0.10001,0,0.01
44,0.7,0,0,0.10001,0,0.01
44,0.75,0,0,0.10001,0,0.01
44,0.8,0,0,0.10001,0,0.01
44,0.85,0,0,0.10002,0,0.01
44,0.9,0,0,0.10003,0,0.01
44,0.95,0,0,0.10004,0,0.01
44,1,0,0,0.10005,0,0.01
45,0,1,0,0.10001,0,0.0099987
45,0.05,1,0,0.10001,0,0.0099987
45,0.1,1,0,0.10001,0,0.0099988
45,0.15,1,0,0.10001,0,0.0099989
45,0.2,1,0,0.10001,0,0.009999
45,0.25,1,0,0.1,0,0.0099992
45,0.3,1,0,0.099999,0,0.0099993
45,0.35,1,0,0.099998,0,0.0099993
45,0.4,1,0,0.099999,0,0.0099994
45,0.45,1,0,0.099998,0,0.0099995
45,0.5,1,0,0.099994,0,0.0099996
45,0.55,1,0,0.099988,0,0.0099996
45,0.6,1,0,0.099984,0,0.0099997
45,0.65,1,0,0.099984,0,0.0099997
45,0.7,1,0,0.099985,0,0.0099997
45,0.75,1,0,0.099982,0,0.0099997
45,0.8,1,0,0.099977,0,0.0099997
45,0.85,1,0,0.099968,0,0.0099997
45,0.9,1,0,0.099964,0,0.0099998
45,0.95,1,0,0.099955,0,0.0099998
45,1,1,0,0.099943,0,0.0099999
45,0,0,0,0.099997,0,0.01
45,0.05,0,0,0.099996,0,0.01
45,0.1,0,0,0.099997,0,0.01
45,0.15,0,0,0.099998,0,0.01
45,0.2,0,0,0.099995,0,0.01
45,0.25,0,0,0.09999,0,0.010001
45,0.3,0,0,0.099988,0,0.010001
45,0.35,0,0,0.099989,0,0.010001
45,0.4,0,0,0.099992,0,0.010001
45,0.45,0,0,0.099993,0,0.010001
45,0.5,0,0,0.099993,0,0.010001
45,0.55,0,0,0.099991,0,0.010001
45,0.6,0,0,0.099993,0,0.010001
45,0.65,0,0,0.099998,0,0.010001
45,0.7,0,0,0.10001,0,0.010001
45,0.75,0,0,0.10001,0,0.010001
45,0.8,0,0,0.10002,0,0.010001
45,0.85,0,0,0.10002,0,0.01
45,0.9,0,0,0.10003,0,0.01
45,0.95,0,0,0.10005,0,0.01
45,1,0,0,0.10006,0,0.01
46,0,1,0,0.10001,0,0.0099995
46,0.05,1,0,0.1,0,0.0099996
46,0.1,1,0,0.099997,0,0.0099996
46,0.15,1,0,0.099997,0,0.0099996
46,0.2,1,0,0.1,0,0.0099996
46,0.25,1,0,0.1,0,0.0099996
46,0.3,1,0,0.099999,0,0.0099996
46,0.35,1,0,0.099996,0,0.0099996
46,0.4,1,0,0.099994,0,0.0099995
46,0.45,1,0,0.099994,0,0.0099995
46,0.5,1,0,0.099997,0,0.0099994
46,0.55,1,0,0.099997,0,0.0099994
46,0.6,1,0,0.099993,0,0.0099993
46,0.65,1,0,0.099989,0,0.0099993
46,0.7,1,0,0.099986,0,0.0099994
46,0.75,1,0,0.099984,0,0.0099994
46,0.8,1,0,0.099982,0,0.0099995
46,0.85,1,0,0.099973,0,0.0099996
46,0.9,1,0,0.099963,0,0.0099997
46,0.95,1,0,0.099949,0,0.0099998
46,1,1,0,0.099937,0,0.0099999
46,0,0,0,0.099993,0,0.010001
46,0.05,0,0,0.099989,0,0.010001
46,0.1,0,0,0.099983,0,0.010001
46,0.15,0,0,0.099983,0,0.010001
46,0.2,0,0,0.099987,0,0.010001
46,0.25,0,0,0.099988,0,0.010001
46,0.3,0,0,0.099987,0,0.010001
46,0.35,0,0,0.099986,0,0.010001
46,0.4,0,0,0.099987,0,0.010001
46,0.45,0,0,0.099991,0,0.010001
46,0.5,0,0,0.099996,0,0.010001
46,0.55,0,0,0.1,0,0.010001
46,0.6,0,0,0.1,0,0.01
46,0.65,0,0,0.1,0,0.01
46,0.7,0,0,0.10001,0,0.01
46,0.75,0,0,0.10001,0,0.01
46,0.8,0,0,0.10002,0,0.01
46,0.85,0,0,0.10003,0,0.01
46,0.9,0,0,0.10003,0,0.01
46,0.95,0,0,0.10004,0,0.01
46,1,0,0,0.10006,0,0.01
47,0,1,0,0.10001,0,0.0099993
47,0.05,1,0,0.10001,0,0.0099993
47,0.1,1,0,0.10001,0,0.0099992
47,0.15,1,0,0.10001,0,0.0099992
47,0.2,1,0,0.1,0,0.0099991
47,0.25,1,0,0.10001,0,0.0099991
47,0.3,1,0,0.10001,0,0.0099991
47,0.35,1,0,0.10001,0,0.0099991
47,0.4,1,0,0.1,0,0.0099991
47,0.45,1,0,0.1,0,0.0099991
47,0.5,1,0,0.099997,0,0.0099992
47,0.55,1,0,0.099996,0,0.0099992
47,0.6,1,0,0.099994,0,0.0099993
47,0.65,1,0,0.09999,0,0.0099993
47,0.7,1,0,0.099984,0,0.0099994
47,0.75,1,0,0.099978,0,0.0099995
47,0.8,1,0,0.099973,0,0.0099995
47,0.85,1,0,0.099969,0,0.0099996
47,0.9,1,0,0.099963,0,0.0099997
47,0.95,1,0,0.099948,0,0.0099998
47,1,1,0,0.099933,0,0.0099999
47,0,0,0,0.099993,0,0.010001
47,0.05,0,0,0.099995,0,0.010001
47,0.1,0,0,0.099995,0,0.010001
47,0.15,0,0,0.099991,0,0.010001
47,0.2,0,0,0.09999,0,0.01
47,0.25,0,0,0.099993,0,0.01
47,0.3,0,0,0.099997,0,0.01
47,0.35,0,0,0.099998,0,0.01
47,0.4,0,0,0.099997,0,0.01
47,0.45,0,0,0.099995,0,0.01
47,0.5,0,0,0.099996,0,0.01
47,0.55,0,0,0.099999,0,0.01
47,0.6,0,0,0.1,0,0.01
47,0.65,0,0,0.10001,0,0.01
47,0.7,0,0,0.10001,0,0.01
47,0.75,0,0,0.10001,0,0.01
47,0.8,0,0,0.10001,0,0.01
47,0.85,0,0,0.10002,0,0.01
47,0.9,0,0,0.10003,0,0.01
47,0.95,0,0,0.10004,0,0.01
47,1,0,0,0.10005,0,0.01
48,0,1,0,0.10001,0,0.0099992
48,0.05,1,0,0.10001,0,0.0099992
48,0.1,1,0,0.10001,0,0.0099992
48,0.15,1,0,0.10001,0,0.0099993
48,0.2,1,0,0.10001,0,0.0099993
48,0.25,1,0,0.1,0,0.0099994
48,0.3,1,0,0.1,0,0.0099994
48,0.35,1,0,0.1,0,0.0099994
48,0.4,1,0,0.1,0,0.0099995
48,0.45,1,0,0.1,0,0.0099995
48,0.5,1,0,0.099997,0,0.0099995
48,0.55,1,0,0.099993,0,0.0099995
48,0.6,1,0,0.099991,0,0.0099995
48,0.65,1,0,0.099989,0,0.0099995
48,0.7,1,0,0.099987,0,0.0099996
48,0.75,1,0,0.099981,0,0.0099996
48,0.8,1,0,0.099974,0,0.0099997
48,0.85,1,0,0.099964,0,0.0099997
48,0.9,1,0,0.09996,0,0.0099998
48,0.95,1,0,0.099949,0,0.0099999
48,1,1,0,0.099936,0,0.0099999
48,0,0,0,0.099994,0,0.01
48,0.05,0,0,0.099994,0,0.010001
48,0.1,0,0,0.099996,0,0.010001
48,0.15,0,0,0.099997,0,0.010001
48,0.2,0,0,0.099994,0,0.010001
48,0.25,0,0,0.099991,0,0.010001
48,0.3,0,0,0.099991,0,0.010001
48,0.35,0,0,0.099992,0,0.010001
48,0.4,0,0,0.099995,0,0.010001
48,0.45,0,0,0.099996,0,0.010001
48,0.5,0,0,0.099996,0,0.010001
48,0.55,0,0,0.099996,0,0.010001
48,0.6,0,0,0.099998,0,0.010001
48,0.65,0,0,0.1,0,0.010001
48,0.7,0,0,0.10001,0,0.010001
48,0.75,0,0,0.10001,0,0.010001
48,0.8,0,0,0.10001,0,0.01
48,0.85,0,0,0.10002,0,0.01
48,0.9,0,0,0.10003,0,0.01
48,0.95,0,0,0.10004,0,0.01
48,1,0,0,0.10005,0,0.01
49,0,1,0,0.10001,0,0.0099996
49,0.05,1,0,0.1,0,0.0099997
49,0.1,1,0,0.1,0,0.0099997
49,0.15,1,0,0.1,0,0.0099997
49,0.2,1,0,0.10001,0,0.0099997
49,0.25,1,0,0.10001,0,0.0099996
49,0.3,1,0,0.1,0,0.0099996
49,0.35,1,0,0.1,0,0.0099996
49,0.4,1,0,0.1,0,0.0099996
49,0.45,1,0,0.1,0,0.0099996
49,0.5,1,0,0.1,0,0.0099996
49,0.55,1,0,0.099998,0,0.0099996
49,0.6,1,0,0.099993,0,0.0099997
49,0.65,1,0,0.099989,0,0.0099997
49,0.7,1,0,0.099987,0,0.0099997
49,0.75,1,0,0.099984,0,0.0099997
49,0.8,1,0,0.099981,0,0.0099997
49,0.85,1,0,0.099973,0,0.0099998
49,0.9,1,0,0.099964,0,0.0099998
49,0.95,1,0,0.099953,0,0.0099999
49,1,1,0,0.099941,0,0.0099999
49,0,0,0,0.099991,0,0.010001
49,0.05,0,0,0.099989,0,0.010001
49,0.1,0,0,0.099987,0,0.010001
49,0.15,0,0,0.099988,0,0.010001
49,0.2,0,0,0.099992,0,0.010001
49,0.25,0,0,0.099993,0,0.010001
49,0.3,0,0,0.099993,0,0.010001
49,0.35,0,0,0.099993,0,0.010001
49,0.4,0,0,0.099994,0,0.010001
49,0.45,0,0,0.099997,0,0.010001
49,0.5,0,0,0.1,0,0.010001
49,0.55,0,0,0.1,0,0.010001
49,0.6,0,0,0.1,0,0.010001
49,0.65,0,0,0.1,0,0.010001
49,0.7,0,0,0.10001,0,0.010001
49,0.75,0,0,0.10001,0,0.010001
49,0.8,0,0,0.10002,0,0.010001
49,0.85,0,0,0.10003,0,0.01
49,0.9,0,0,0.10003,0,0.01
49,0.95,0,0,0.10005,0,0.01
49,1,0,0,0.10006,0,0.01
50,0,1,0,0.10001,0,0.0099994
50,0.05,1,0,0.10001,0,0.0099994
50,0.1,1,0,0.10001,0,0.0099994
50,0.15,1,0,0.10001,0,0.0099993
50,0.2,1,0,0.10001,0,0.0099993
50,0.25,1,0,0.10001,0,0.0099993
50,0.3,1,0,0.10001,0,0.0099993
50,0.35,1,0,0.10001,0,0.0099993
50,0.4,1,0,0.1,0,0.0099994
50,0.45,1,0,0.1,0,0.0099994
50,0.5,1,0,0.1,0,0.0099994
50,0.55,1,0,0.1,0,0.0099994
50,0.6,1,0,0.099999,0,0.0099994
50,0.65,1,0,0.099995,0,0.0099995
50,0.7,1,0,0.09999,0,0.0099995
50,0.75,1,0,0.099985,0,0.0099995
50,0.8,1,0,0.099982,0,0.0099996
50,0.85,1,0,0.099977,0,0.0099996
50,0.9,1,0,0.09997,0,0.0099997
50,0.95,1,0,0.099955,0,0.0099998
50,1,1,0,0.099941,0,0.0099999
50,0,0,0,0.099992,0,0.010001
50,0.05,0,0,0.099993,0,0.010001
50,0.1,0,0,0.099994,0,0.010001
50,0.15,0,0,0.099992,0,0.010001
50,0.2,0,0,0.099992,0,0.010001
50,0.25,0,0,0.099994,0,0.010001
50,0.3,0,0,0.099997,0,0.010001
50,0.35,0,0,0.099997,0,0.010001
50,0.4,0,0,0.099996,0,0.010001
50,0.45,0,0,0.099996,0,0.010001
50,0.5,0,0,0.099998,0,0.010001
50,0.55,0,0,0.1,0,0.010001
50,0.6,0,0,0.10001,0,0.010001
50,0.65,0,0,0.10001,0,0.010001
50,0.7,0,0,0.10001,0,0.01
50,0.75,0,0,0.10001,0,0.01
50,0.8,0,0,0.10002,0,0.01
50,0.85,0,0,0.10003,0,0.01
50,0.9,0,0,0.10004,0,0.01
50,0.95,0,0,0.10005,0,0.01
50,1,0,0,0.10006,0,0.01
51,0,1,0,0.10001,0,0.0099992
51,0.05,1,0,0.10001,0,0.0099992
51,0.1,1,0,0.10001,0,0.0099992
51,0.15,1,0,0.10001,0,0.0099993
51,0.2,1,0,0.10001,0,0.0099993
51,0.25,1,0,0.1,0,0.0099993
51,0.3,1,0,0.1,0,0.0099993
51,0.35,1,0,0.1,0,0.0099993
51,0.4,1,0,0.1,0,0.0099993
51,0.45,1,0,0.1,0,0.0099994
51,0.5,1,0,0.099998,0,0.0099994
51,0.55,1,0,0.099996,0,0.0099994
51,0.6,1,0,0.099995,0,0.0099994
51,0.65,1,0,0.099994,0,0.0099995
51,0.7,1,0,0.099991,0,0.0099995
51,0.75,1,0,0.099986,0,0.0099996
51,0.8,1,0,0.09998,0,0.0099996
51,0.85,1,0,0.099973,0,0.0099997
51,0.9,1,0,0.099969,0,0.0099998
51,0.95,1,0,0.099957,0,0.0099998
51,1,1,0,0.099944,0,0.0099999
51,0,0,0,0.099993,0,0.010001
51,0.05,0,0,0.099993,0,0.010001
51,0.1,0,0,0.099994,0,0.010001
51,0.15,0,0,0.099994,0,0.010001
51,0.2,0,0,0.099992,0,0.010001
51,0.25,0,0,0.09999,0,0.010001
51,0.3,0,0,0.099991,0,0.010001
51,0.35,0,0,0.099994,0,0.010001
51,0.4,0,0,0.099997,0,0.010001
51,0.45,0,0,0.099997,0,0.010001
51,0.5,0,0,0.099998,0,0.010001
51,0.55,0,0,0.1,0,0.010001
51,0.6,0,0,0.1,0,0.010001
51,0.65,0,0,0.10001,0,0.010001
51,0.7,0,0,0.10001,0,0.010001
51,0.75,0,0,0.10002,0,0.01
51,0.8,0,0,0.10002,0,0.01
51,0.85,0,0,0.10003,0,0.01
51,0.9,0,0,0.10004,0,0.01
51,0.95,0,0,0.10005,0,0.01
51,1,0,0,0.10006,0,0.01
52,0,1,0,0.10001,0,0.0099995
52,0.05,1,0,0.1,0,0.0099995
52,0.1,1,0,0.1,0,0.0099996
52,0.15,1,0,0.10001,0,0.0099996
52,0.2,1,0,0.10001,0,0.0099995
52,0.25,1,0,0.10001,0,0.0099995
52,0.3,1,0,0.1,0,0.0099995
52,0.35,1,0,0.1,0,0.0099995
52,0.4,1,0,0.1,0,0.0099995
52,0.45,1,0,0.1,0,0.0099995
52,0.5,1,0,0.1,0,0.0099995
52,0.55,1,0,0.099999,0,0.0099995
52,0.6,1,0,0.099995,0,0.0099995
52,0.65,1,0,0.099993,0,0.0099995
52,0.7,1,0,0.099991,0,0.0099996
52,0.75,1,0,0.099988,0,0.0099996
52,0.8,1,0,0.099984,0,0.0099996
52,0.85,1,0,0.099975,0,0.0099996
52,0.9,1,0,0.099967,0,0.0099997
52,0.95,1,0,0.099956,0,0.0099998
52,1,1,0,0.099944,0,0.0099999
52,0,0,0,0.099992,0,0.010001
52,0.05,0,0,0.09999,0,0.010001
52,0.1,0,0,0.099989,0,0.010001
52,0.15,0,0,0.099991,0,0.010001
52,0.2,0,0,0.099993,0,0.010001
52,0.25,0,0,0.099994,0,0.010001
52,0.3,0,0,0.099993,0,0.010001
52,0.35,0,0,0.099993,0,0.010001
52,0.4,0,0,0.099996,0,0.010001
52,0.45,0,0,0.099999,0,0.010001
52,0.5,0,0,0.1,0,0.010001
52,0.55,0,0,0.1,0,0.010001
52,0.6,0,0,0.1,0,0.010001
52,0.65,0,0,0.10001,0,0.010001
52,0.7,0,0,0.10001,0,0.010001
52,0.75,0,0,0.10002,0,0.01
52,0.8,0,0,0.10002,0,0.01
52,0.85,0,0,0.10003,0,0.01
52,0.9,0,0,0.10003,0,0.01
52,0.95,0,0,0.10005,0,0.01
52,1,0,0,0.10006,0,0.01
53,0,1,0,0.10001,0,0.0099995
53,0.05,1,0,0.10001,0,0.0099995
53,0.1,1,0,0.10001,0,0.0099995
53,0.15,1,0,0.10001,0,0.0099994
53,0.2,1,0,0.10001,0,0.0099994
53,0.25,1,0,0.10001,0,0.0099994
53,0.3,1,0,0.10001,0,0.0099994
53,0.35,1,0,0.10001,0,0.0099994
53,0.4,1,0,0.10001,0,0.0099993
53,0.45,1,0,0.1,0,0.0099993
53,0.5,1,0,0.1,0,0.0099993
53,0.55,1,0,0.1,0,0.0099993
53,0.6,1,0,0.1,0,0.0099993
53,0.65,1,0,0.099997,0,0.0099994
53,0.7,1,0,0.099992,0,0.0099994
53,0.75,1,0,0.099987,0,0.0099995
53,0.8,1,0,0.099984,0,0.0099995
53,0.85,1,0,0.099977,0,0.0099996
53,0.9,1,0,0.099969,0,0.0099997
53,0.95,1,0,0.099955,0,0.0099998
53,1,1,0,0.099942,0,0.0099999
53,0,0,0,0.099992,0,0.010001
53,0.05,0,0,0.099992,0,0.010001
53,0.1,0,0,0.099992,0,0.010001
53,0.15,0,0,0.099991,0,0.010001
53,0.2,0,0,0.099993,0,0.010001
53,0.25,0,0,0.099995,0,0.010001
53,0.3,0,0,0.099998,0,0.010001
53,0.35,0,0,0.099998,0,0.010001
53,0.4,0,0,0.099999,0,0.010001
53,0.45,0,0,0.1,0,0.010001
53,0.5,0,0,0.1,0,0.010001
53,0.55,0,0,0.10001,0,0.01
53,0.6,0,0,0.10001,0,0.01
53,0.65,0,0,0.10001,0,0.01
53,0.7,0,0,0.10001,0,0.01
53,0.75,0,0,0.10002,0,0.01
53,0.8,0,0,0.10002,0,0.01
53,0.85,0,0,0.10003,0,0.01
53,0.9,0,0,0.10004,0,0.01
53,0.95,0,0,0.10005,0,0.01
53,1,0,0,0.10006,0,0.01
54,0,1,0,0.10001,0,0.0099992
54,0.05,1,0,0.10001,0,0.0099992
54,0.1,1,0,0.10001,0,0.0099992
54,0.15,1,0,0.10001,0,0.0099992
54,0.2,1,0,0.10001,0,0.0099992
54,0.25,1,0,0.10001,0,0.0099992
54,0.3,1,0,0.10001,0,0.0099992
54,0.35,1,0,0.10001,0,0.0099992
54,0.4,1,0,0.10001,0,0.0099992
54,0.45,1,0,0.10001,0,0.0099992
54,0.5,1,0,0.1,0,0.0099993
54,0.55,1,0,0.1,0,0.0099993
54,0.6,1,0,0.099998,0,0.0099994
54,0.65,1,0,0.099995,0,0.0099994
54,0.7,1,0,0.099992,0,0.0099995
54,0.75,1,0,0.099986,0,0.0099995
54,0.8,1,0,0.09998,0,0.0099996
54,0.85,1,0,0.099974,0,0.0099997
54,0.9,1,0,0.099969,0,0.0099998
54,0.95,1,0,0.099956,0,0.0099998
54,1,1,0,0.099942,0,0.0099999
54,0,0,0,0.099993,0,0.010001
54,0.05,0,0,0.099995,0,0.010001
54,0.1,0,0,0.099997,0,0.010001
54,0.15,0,0,0.099997,0,0.010001
54,0.2,0,0,0.099997,0,0.01
54,0.25,0,0,0.099997,0,0.01
54,0.3,0,0,0.099998,0,0.01
54,0.35,0,0,0.1,0,0.01
54,0.4,0,0,0.1,0,0.01
54,0.45,0,0,0.1,0,0.01
54,0.5,0,0,0.1,0,0.01
54,0.55,0,0,0.1,0,0.01
54,0.6,0,0,0.10001,0,0.01
54,0.65,0,0,0.10001,0,0.01
54,0.7,0,0,0.10001,0,0.01
54,0.75,0,0,0.10002,0,0.01
54,0.8,0,0,0.10002,0,0.01
54,0.85,0,0,0.10003,0,0.01
54,0.9,0,0,0.10004,0,0.01
54,0.95,0,0,0.10005,0,0.01
54,1,0,0,0.10006,0,0.01
55,0,1,0,0.10001,0,0.0099992
55,0.05,1,0,0.10001,0,0.0099992
55,0.1,1,0,0.10001,0,0.0099992
55,0.15,1,0,0.10001,0,0.0099993
55,0.2,1,0,0.10001,0,0.0099993
55,0.25,1,0,0.10001,0,0.0099993
55,0.3,1,0,0.1,0,0.0099994
55,0.35,1,0,0.1,0,0.0099994
55,0.4,1,0,0.1,0,0.0099994
55,0.45,1,0,0.1,0,0.0099995
55,0.5,1,0,0.1,0,0.0099995
55,0.55,1,0,0.099998,0,0.0099995
55,0.6,1,0,0.099995,0,0.0099995
55,0.65,1,0,0.099993,0,0.0099995
55,0.7,1,0,0.099991,0,0.0099996
55,0.75,1,0,0.099988,0,0.0099996
55,0.8,1,0,0.099983,0,0.0099996
55,0.85,1,0,0.099975,0,0.0099997
55,0.9,1,0,0.099969,0,0.0099998
55,0.95,1,0,0.099957,0,0.0099998
55,1,1,0,0.099945,0,0.0099999
55,0,0,0,0.099994,0,0.010001
55,0.05,0,0,0.099993,0,0.010001
55,0.1,0,0,0.099994,0,0.010001
55,0.15,0,0,0.099995,0,0.010001
55,0.2,0,0,0.099995,0,0.010001
55,0.25,0,0,0.099995,0,0.010001
55,0.3,0,0,0.099994,0,0.010001
55,0.35,0,0,0.099994,0,0.010001
55,0.4,0,0,0.099996,0,0.010001
55,0.45,0,0,0.099999,0,0.010001
55,0.5,0,0,0.1,0,0.010001
55,0.55,0,0,0.1,0,0.010001
55,0.6,0,0,0.1,0,0.010001
55,0.65,0,0,0.10001,0,0.010001
55,0.7,0,0,0.10001,0,0.010001
55,0.75,0,0,0.10002,0,0.010001
55,0.8,0,0,0.10002,0,0.01
55,0.85,0,0,0.10003,0,0.01
55,0.9,0,0,0.10004,0,0.01
55,0.95,0,0,0.10005,0,0.01
55,1,0,0,0.10006,0,0.01
56,0,1,0,0.10001,0,0.0099993
56,0.05,1,0,0.10001,0,0.0099994
56,0.1,1,0,0.1,0,0.0099994
56,0.15,1,0,0.1,0,0.0099994
56,0.2,1,0,0.1,0,0.0099994
56,0.25,1,0,0.10001,0,0.0099993
56,0.3,1,0,0.1,0,0.0099993
56,0.35,1,0,0.1,0,0.0099993
56,0.4,1,0,0.1,0,0.0099993
56,0.45,1,0,0.1,0,0.0099993
56,0.5,1,0,0.1,0,0.0099993
56,0.55,1,0,0.1,0,0.0099993
56,0.6,1,0,0.099998,0,0.0099993
56,0.65,1,0,0.099994,0,0.0099994
56,0.7,1,0,0.099991,0,0.0099994
56,0.75,1,0,0.099987,0,0.0099994
56,0.8,1,0,0.099984,0,0.0099995
56,0.85,1,0,0.099976,0,0.0099996
56,0.9,1,0,0.099968,0,0.0099997
56,0.95,1,0,0.099954,0,0.0099998
56,1,1,0,0.099941,0,0.0099999
56,0,0,0,0.099993,0,0.010001
56,0.05,0,0,0.099992,0,0.010001
56,0.1,0,0,0.099991,0,0.010001
56,0.15,0,0,0.09999,0,0.010001
56,0.2,0,0,0.099992,0,0.010001
56,0.25,0,0,0.099993,0,0.010001
56,0.3,0,0,0.099994,0,0.010001
56,0.35,0,0,0.099995,0,0.010001
56,0.4,0,0,0.099995,0,0.010001
56,0.45,0,0,0.099998,0,0.010001
56,0.5,0,0,0.1,0,0.010001
56,0.55,0,0,0.1,0,0.01
56,0.6,0,0,0.10001,0,0.01
56,0.65,0,0,0.10001,0,0.01
56,0.7,0,0,0.10001,0,0.01
56,0.75,0,0,0.10002,0,0.01
56,0.8,0,0,0.10002,0,0.01
56,0.85,0,0,0.10003,0,0.01
56,0.9,0,0,0.10003,0,0.01
56,0.95,0,0,0.10005,0,0.01
56,1,0,0,0.10006,0,0.01
57,0,1,0,0.10001,0,0.0099993
57,0.05,1,0,0.10001,0,0.0099993
57,0.1,1,0,0.10001,0,0.0099992
57,0.15,1,0,0.10001,0,0.0099992
57,0.2,1,0,0.10001,0,0.0099992
57,0.25,1,0,0.10001,0,0.0099992
57,0.3,1,0,0.10001,0,0.0099992
57,0.35,1,0,0.10001,0,0.0099992
57,0.4,1,0,0.10001,0,0.0099992
57,0.45,1,0,0.1,0,0.0099992
57,0.5,1,0,0.1,0,0.0099992
57,0.55,1,0,0.099999,0,0.0099992
57,0.6,1,0,0.099997,0,0.0099993
57,0.65,1,0,0.099994,0,0.0099993
57,0.7,1,0,0.09999,0,0.0099994
57,0.75,1,0,0.099983,0,0.0099995
57,0.8,1,0,0.099978,0,0.0099995
57,0.85,1,0,0.099971,0,0.0099996
57,0.9,1,0,0.099965,0,0.0099997
57,0.95,1,0,0.099952,0,0.0099998
57,1,1,0,0.099938,0,0.0099999
57,0,0,0,0.099993,0,0.010001
57,0.05,0,0,0.099994,0,0.010001
57,0.1,0,0,0.099995,0,0.010001
57,0.15,0,0,0.099994,0,0.010001
57,0.2,0,0,0.099994,0,0.010001
57,0.25,0,0,0.099995,0,0.010001
57,0.3,0,0,0.099997,0,0.01
57,0.35,0,0,0.099999,0,0.01
57,0.4,0,0,0.1,0,0.01
57,0.45,0,0,0.1,0,0.01
57,0.5,0,0,0.1,0,0.01
57,0.55,0,0,0.1,0,0.01
57,0.6,0,0,0.10001,0,0.01
57,0.65,0,0,0.10001,0,0.01
57,0.7,0,0,0.10001,0,0.01
57,0.75,0,0,0.10001,0,0.01
57,0.8,0,0,0.10002,0,0.01
57,0.85,0,0,0.10003,0,0.01
57,0.9,0,0,0.10003,0,0.01
57,0.95,0,0,0.10004,0,0.01
57,1,0,0,0.10006,0,0.01
58,0,1,0,0.10001,0,0.0099992
58,0.05,1,0,0.10001,0,0.0099992
58,0.1,1,0,0.10001,0,0.0099992
58,0.15,1,0,0.10001,0,0.0099992
58,0.2,1,0,0.10001,0,0.0099992
58,0.25,1,0,0.10001,0,0.0099993
58,0.3,1,0,0.10001,0,0.0099993
58,0.35,1,0,0.1,0,0.0099993
58,0.4,1,0,0.1,0,0.0099993
58,0.45,1,0,0.1,0,0.0099994
58,0.5,1,0,0.1,0,0.0099994
58,0.55,1,0,0.099996,0,0.0099995
58,0.6,1,0,0.099993,0,0.0099995
58,0.65,1,0,0.099991,0,0.0099995
58,0.7,1,0,0.099988,0,0.0099996
58,0.75,1,0,0.099984,0,0.0099996
58,0.8,1,0,0.099979,0,0.0099996
58,0.85,1,0,0.099971,0,0.0099997
58,0.9,1,0,0.099965,0,0.0099998
58,0.95,1,0,0.099953,0,0.0099999
58,1,1,0,0.09994,0,0.0099999
58,0,0,0,0.099994,0,0.010001
58,0.05,0,0,0.099994,0,0.010001
58,0.1,0,0,0.099995,0,0.010001
58,0.15,0,0,0.099996,0,0.010001
58,0.2,0,0,0.099996,0,0.010001
58,0.25,0,0,0.099996,0,0.010001
58,0.3,0,0,0.099996,0,0.010001
58,0.35,0,0,0.099996,0,0.010001
58,0.4,0,0,0.099997,0,0.010001
58,0.45,0,0,0.099999,0,0.010001
58,0.5,0,0,0.099999,0,0.010001
58,0.55,0,0,0.1,0,0.010001
58,0.6,0,0,0.1,0,0.010001
58,0.65,0,0,0.10001,0,0.010001
58,0.7,0,0,0.10001,0,0.010001
58,0.75,0,0,0.10001,0,0.01
58,0.8,0,0,0.10002,0,0.01
58,0.85,0,0,0.10002,0,0.01
58,0.9,0,0,0.10003,0,0.01
58,0.95,0,0,0.10005,0,0.01
58,1,0,0,0.10006,0,0.01
59,0,1,0,0.10001,0,0.0099993
59,0.05,1,0,0.10001,0,0.0099993
59,0.1,1,0,0.10001,0,0.0099993
59,0.15,1,0,0.10001,0,0.0099993
59,0.2,1,0,0.10001,0,0.0099993
59,0.25,1,0,0.10001,0,0.0099994
59,0.3,1,0,0.1,0,0.0099994
59,0.35,1,0,0.1,0,0.0099994
59,0.4,1,0,0.1,0,0.0099994
59,0.45,1,0,0.1,0,0.0099994
59,0.5,1,0,0.1,0,0.0099994
59,0.55,1,0,0.099998,0,0.0099994
59,0.6,1,0,0.099995,0,0.0099994
59,0.65,1,0,0.099992,0,0.0099995
59,0.7,1,0,0.099989,0,0.0099995
59,0.75,1,0,0.099985,0,0.0099995
59,0.8,1,0,0.099981,0,0.0099996
59,0.85,1,0,0.099973,0,0.0099996
59,0.9,1,0,0.099965,0,0.0099997
59,0.95,1,0,0.099952,0,0.0099998
59,1,1,0,0.09994,0,0.0099999
59,0,0,0,0.099993,0,0.010001
59,0.05,0,0,0.099993,0,0.010001
59,0.1,0,0,0.099992,0,0.010001
59,0.15,0,0,0.099992,0,0.010001
59,0.2,0,0,0.099993,0,0.010001
59,0.25,0,0,0.099993,0,0.010001
59,0.3,0,0,0.099994,0,0.010001
59,0.35,0,0,0.099994,0,0.010001
59,0.4,0,0,0.099995,0,0.010001
59,0.45,0,0,0.099997,0,0.010001
59,0.5,0,0,0.1,0,0.010001
59,0.55,0,0,0.1,0,0.010001
59,0.6,0,0,0.1,0,0.010001
59,0.65,0,0,0.10001,0,0.010001
59,0.7,0,0,0.10001,0,0.01
59,0.75,0,0,0.10001,0,0.01
59,0.8,0,0,0.10002,0,0.01
59,0.85,0,0,0.10003,0,0.01
59,0.9,0,0,0.10003,0,0.01
59,0.95,0,0,0.10005,0,0.01
59,1,0,0,0.10006,0,0.01
60,0,1,0,0.10001,0,0.0099993
60,0.05,1,0,0.10001,0,0.0099993
60,0.1,1,0,0.10001,0,0.0099993
60,0.15,1,0,0.10001,0,0.0099993
60,0.2,1,0,0.10001,0,0.0099993
60,0.25,1,0,0.10001,0,0.0099993
60,0.3,1,0,0.10001,0,0.0099993
60,0.35,1,0,0.1,0,0.0099993
60,0.4,1,0,0.1,0,0.0099993
60,0.45,1,0,0.1,0,0.0099993
60,0.5,1,0,0.099999,0,0.0099993
60,0.55,1,0,0.099997,0,0.0099993
60,0.6,1,0,0.099995,0,0.0099994
60,0.65,1,0,0.099992,0,0.0099994
60,0.7,1,0,0.099988,0,0.0099995
60,0.75,1,0,0.099983,0,0.0099995
60,0.8,1,0,0.099979,0,0.0099996
60,0.85,1,0,0.099972,0,0.0099996
60,0.9,1,0,0.099966,0,0.0099997
60,0.95,1,0,0.099952,0,0.0099998
60,1,1,0,0.099939,0,0.0099999
60,0,0,0,0.099993,0,0.010001
60,0.05,0,0,0.099994,0,0.010001
60,0.1,0,0,0.099993,0,0.010001
60,0.15,0,0,0.099993,0,0.010001
60,0.2,0,0,0.099993,0,0.010001
60,0.25,0,0,0.099994,0,0.010001
60,0.3,0,0,0.099995,0,0.010001
60,0.35,0,0,0.099996,0,0.010001
60,0.4,0,0,0.099997,0,0.010001
60,0.45,0,0,0.099998,0,0.010001
60,0.5,0,0,0.099999,0,0.01
60,0.55,0,0,0.1,0,0.01
60,0.6,0,0,0.1,0,0.01
60,0.65,0,0,0.10001,0,0.01
60,0.7,0,0,0.10001,0,0.01
60,0.75,0,0,0.10001,0,0.01
60,0.8,0,0,0.10002,0,0.01
60,0.85,0,0,0.10003,0,0.01
60,0.9,0,0,0.10003,0,0.01
60,0.95,0,0,0.10005,0,0.01
60,1,0,0,0.10006,0,0.01
61,0,1,0,0.10001,0,0.0099992
61,0.05,1,0,0.10001,0,0.0099992
61,0.1,1,0,0.10001,0,0.0099992
61,0.15,1,0,0.10001,0,0.0099992
61,0.2,1,0,0.10001,0,0.0099993
61,0.25,1,0,0.10001,0,0.0099993
61,0.3,1,0,0.1,0,0.0099993
61,0.35,1,0,0.1,0,0.0099993
61,0.4,1,0,0.1,0,0.0099994
61,0.45,1,0,0.1,0,0.0099994
61,0.5,1,0,0.099998,0,0.0099994
61,0.55,1,0,0.099995,0,0.0099994
61,0.6,1,0,0.099993,0,0.0099995
61,0.65,1,0,0.099991,0,0.0099995
61,0.7,1,0,0.099988,0,0.0099995
61,0.75,1,0,0.099983,0,0.0099996
61,0.8,1,0,0.099978,0,0.0099996
61,0.85,1,0,0.099971,0,0.0099997
61,0.9,1,0,0.099965,0,0.0099997
61,0.95,1,0,0.099952,0,0.0099998
61,1,1,0,0.09994,0,0.0099999
61,0,0,0,0.099994,0,0.010001
61,0.05,0,0,0.099994,0,0.010001
61,0.1,0,0,0.099994,0,0.010001
61,0.15,0,0,0.099994,0,0.010001
61,0.2,0,0,0.099994,0,0.010001
61,0.25,0,0,0.099994,0,0.010001
61,0.3,0,0,0.099994,0,0.010001
61,0.35,0,0,0.099995,0,0.010001
61,0.4,0,0,0.099996,0,0.010001
61,0.45,0,0,0.099997,0,0.010001
61,0.5,0,0,0.099998,0,0.010001
61,0.55,0,0,0.1,0,0.010001
61,0.6,0,0,0.1,0,0.010001
61,0.65,0,0,0.10001,0,0.010001
61,0.7,0,0,0.10001,0,0.010001
61,0.75,0,0,0.10001,0,0.01
61,0.8,0,0,0.10002,0,0.01
61,0.85,0,0,0.10002,0,0.01
61,0.9,0,0,0.10003,0,0.01
61,0.95,0,0,0.10005,0,0.01
61,1,0,0,0.10006,0,0.01
62,0,1,0,0.10001,0,0.0099994
62,0.05,1,0,0.10001,0,0.0099994
62,0.1,1,0,0.10001,0,0.0099994
62,0.15,1,0,0.10001,0,0.0099994
62,0.2,1,0,0.10001,0,0.0099994
62,0.25,1,0,0.1,0,0.0099994
62,0.3,1,0,0.1,0,0.0099994
62,0.35,1,0,0.1,0,0.0099994
62,0.4,1,0,0.1,0,0.0099994
62,0.45,1,0,0.1,0,0.0099994
62,0.5,1,0,0.1,0,0.0099994
62,0.55,1,0,0.099998,0,0.0099994
62,0.6,1,0,0.099995,0,0.0099995
62,0.65,1,0,0.099991,0,0.0099995
62,0.7,1,0,0.099988,0,0.0099995
62,0.75,1,0,0.099984,0,0.0099995
62,0.8,1,0,0.09998,0,0.0099996
62,0.85,1,0,0.099972,0,0.0099997
62,0.9,1,0,0.099965,0,0.0099997
62,0.95,1,0,0.099952,0,0.0099998
62,1,1,0,0.09994,0,0.0099999
62,0,0,0,0.099993,0,0.010001
62,0.05,0,0,0.099992,0,0.010001
62,0.1,0,0,0.099991,0,0.010001
62,0.15,0,0,0.099991,0,0.010001
62,0.2,0,0,0.099992,0,0.010001
62,0.25,0,0,0.099993,0,0.010001
62,0.3,0,0,0.099993,0,0.010001
62,0.35,0,0,0.099994,0,0.010001
62,0.4,0,0,0.099995,0,0.010001
62,0.45,0,0,0.099998,0,0.010001
62,0.5,0,0,0.1,0,0.010001
62,0.55,0,0,0.1,0,0.010001
62,0.6,0,0,0.1,0,0.010001
62,0.65,0,0,0.10001,0,0.010001
62,0.7,0,0,0.10001,0,0.01
62,0.75,0,0,0.10001,0,0.01
62,0.8,0,0,0.10002,0,0.01
62,0.85,0,0,0.10003,0,0.01
62,0.9,0,0,0.10003,0,0.01
62,0.95,0,0,0.10005,0,0.01
62,1,0,0,0.10006,0,0.01
63,0,1,0,0.10001,0,0.0099994
63,0.05,1,0,0.10001,0,0.0099994
63,0.1,1,0,0.10001,0,0.0099994
63,0.15,1,0,0.10001,0,0.0099993
63,0.2,1,0,0.10001,0,0.0099993
63,0.25,1,0,0.10001,0,0.0099993
63,0.3,1,0,0.10001,0,0.0099993
63,0.35,1,0,0.10001,0,0.0099993
63,0.4,1,0,0.1,0,0.0099993
63,0.45,1,0,0.1,0,0.0099993
63,0.5,1,0,0.1,0,0.0099994
63,0.55,1,0,0.099998,0,0.0099994
63,0.6,1,0,0.099996,0,0.0099994
63,0.65,1,0,0.099992,0,0.0099995
63,0.7,1,0,0.099989,0,0.0099995
63,0.75,1,0,0.099984,0,0.0099995
63,0.8,1,0,0.099979,0,0.0099996
63,0.85,1,0,0.099973,0,0.0099997
63,0.9,1,0,0.099966,0,0.0099997
63,0.95,1,0,0.099952,0,0.0099998
63,1,1,0,0.099939,0,0.0099999
63,0,0,0,0.099993,0,0.010001
63,0.05,0,0,0.099993,0,0.010001
63,0.1,0,0,0.099993,0,0.010001
63,0.15,0,0,0.099992,0,0.010001
63,0.2,0,0,0.099993,0,0.010001
63,0.25,0,0,0.099995,0,0.010001
63,0.3,0,0,0.099996,0,0.010001
63,0.35,0,0,0.099997,0,0.010001
63,0.4,0,0,0.099998,0,0.010001
63,0.45,0,0,0.099999,0,0.010001
63,0.5,0,0,0.1,0,0.010001
63,0.55,0,0,0.1,0,0.010001
63,0.6,0,0,0.10001,0,0.010001
63,0.65,0,0,0.10001,0,0.010001
63,0.7,0,0,0.10001,0,0.01
63,0.75,0,0,0.10001,0,0.01
63,0.8,0,0,0.10002,0,0.01
63,0.85,0,0,0.10003,0,0.01
63,0.9,0,0,0.10003,0,0.01
63,0.95,0,0,0.10005,0,0.01
63,1,0,0,0.10006,0,0.01
64,0,1,0,0.10001,0,0.0099993
64,0.05,1,0,0.10001,0,0.0099993
64,0.1,1,0,0.10001,0,0.0099993
64,0.15,1,0,0.10001,0,0.0099993
64,0.2,1,0,0.10001,0,0.0099993
64,0.25,1,0,0.10001,0,0.0099993
64,0.3,1,0,0.10001,0,0.0099993
64,0.35,1,0,0.1,0,0.0099993
64,0.4,1,0,0.1,0,0.0099994
64,0.45,1,0,0.1,0,0.0099994
64,0.5,1,0,0.099999,0,0.0099994
64,0.55,1,0,0.099997,0,0.0099994
64,0.6,1,0,0.099995,0,0.0099995
64,0.65,1,0,0.099992,0,0.0099995
64,0.7,1,0,0.099989,0,0.0099995
64,0.75,1,0,0.099984,0,0.0099996
64,0.8,1,0,0.099979,0,0.0099996
64,0.85,1,0,0.099972,0,0.0099997
64,0.9,1,0,0.099966,0,0.0099998
64,0.95,1,0,0.099954,0,0.0099998
64,1,1,0,0.099941,0,0.0099999
64,0,0,0,0.099993,0,0.010001
64,0.05,0,0,0.099994,0,0.010001
64,0.1,0,0,0.099994,0,0.010001
64,0.15,0,0,0.099994,0,0.010001
64,0.2,0,0,0.099994,0,0.010001
64,0.25,0,0,0.099994,0,0.010001
64,0.3,0,0,0.099995,0,0.010001
64,0.35,0,0,0.099996,0,0.010001
64,0.4,0,0,0.099997,0,0.010001
64,0.45,0,0,0.099998,0,0.010001
64,0.5,0,0,0.099999,0,0.010001
64,0.55,0,0,0.1,0,0.010001
64,0.6,0,0,0.1,0,0.010001
64,0.65,0,0,0.10001,0,0.010001
64,0.7,0,0,0.10001,0,0.010001
64,0.75,0,0,0.10001,0,0.01
64,0.8,0,0,0.10002,0,0.01
64,0.85,0,0,0.10003,0,0.01
64,0.9,0,0,0.10003,0,0.01
64,0.95,0,0,0.10005,0,0.01
64,1,0,0,0.10006,0,0.01
65,0,1,0,0.10001,0,0.0099993
65,0.05,1,0,0.10001,0,0.0099993
65,0.1,1,0,0.10001,0,0.0099994
65,0.15,1,0,0.10001,0,0.0099994
65,0.2,1,0,0.10001,0,0.0099994
65,0.25,1,0,0.1,0,0.0099994
65,0.3,1,0,0.1,0,0.0099994
65,0.35,1,0,0.1,0,0.0099994
65,0.4,1,0,0.1,0,0.0099994
65,0.45,1,0,0.1,0,0.0099994
65,0.5,1,0,0.099999,0,0.0099994
65,0.55,1,0,0.099997,0,0.0099995
65,0.6,1,0,0.099995,0,0.0099995
65,0.65,1,0,0.099992,0,0.0099995
65,0.7,1,0,0.09999,0,0.0099995
65,0.75,1,0,0.099985,0,0.0099996
65,0.8,1,0,0.099981,0,0.0099996
65,0.85,1,0,0.099973,0,0.0099997
65,0.9,1,0,0.099967,0,0.0099997
65,0.95,1,0,0.099954,0,0.0099998
65,1,1,0,0.099942,0,0.0099999
65,0,0,0,0.099993,0,0.010001
65,0.05,0,0,0.099992,0,0.010001
65,0.1,0,0,0.099992,0,0.010001
65,0.15,0,0,0.099992,0,0.010001
65,0.2,0,0,0.099993,0,0.010001
65,0.25,0,0,0.099993,0,0.010001
65,0.3,0,0,0.099993,0,0.010001
65,0.35,0,0,0.099994,0,0.010001
65,0.4,0,0,0.099996,0,0.010001
65,0.45,0,0,0.099998,0,0.010001
65,0.5,0,0,0.1,0,0.010001
65,0.55,0,0,0.1,0,0.010001
65,0.6,0,0,0.1,0,0.010001
65,0.65,0,0,0.10001,0,0.010001
65,0.7,0,0,0.10001,0,0.010001
65,0.75,0,0,0.10002,0,0.01
65,0.8,0,0,0.10002,0,0.01
65,0.85,0,0,0.10003,0,0.01
65,0.9,0,0,0.10003,0,0.01
65,0.95,0,0,0.10005,0,0.01
65,1,0,0,0.10006,0,0.01
66,0,1,0,0.10001,0,0.0099994
66,0.05,1,0,0.10001,0,0.0099994
66,0.1,1,0,0.10001,0,0.0099994
66,0.15,1,0,0.10001,0,0.0099994
66,0.2,1,0,0.10001,0,0.0099994
66,0.25,1,0,0.10001,0,0.0099994
66,0.3,1,0,0.10001,0,0.0099994
66,0.35,1,0,0.1,0,0.0099993
66,0.4,1,0,0.1,0,0.0099994
66,0.45,1,0,0.1,0,0.0099994
66,0.5,1,0,0.1,0,0.0099994
66,0.55,1,0,0.099999,0,0.0099994
66,0.6,1,0,0.099997,0,0.0099994
66,0.65,1,0,0.099993,0,0.0099994
66,0.7,1,0,0.09999,0,0.0099995
66,0.75,1,0,0.099985,0,0.0099995
66,0.8,1,0,0.099981,0,0.0099996
66,0.85,1,0,0.099974,0,0.0099996
66,0.9,1,0,0.099967,0,0.0099997
66,0.95,1,0,0.099954,0,0.0099998
66,1,1,0,0.099941,0,0.0099999
66,0,0,0,0.099992,0,0.010001
66,0.05,0,0,0.099992,0,0.010001
66,0.1,0,0,0.099992,0,0.010001
66,0.15,0,0,0.099992,0,0.010001
66,0.2,0,0,0.099993,0,0.010001
66,0.25,0,0,0.099994,0,0.010001
66,0.3,0,0,0.099995,0,0.010001
66,0.35,0,0,0.099996,0,0.010001
66,0.4,0,0,0.099997,0,0.010001
66,0.45,0,0,0.099999,0,0.010001
66,0.5,0,0,0.1,0,0.010001
66,0.55,0,0,0.1,0,0.010001
66,0.6,0,0,0.10001,0,0.010001
66,0.65,0,0,0.10001,0,0.01
66,0.7,0,0,0.10001,0,0.01
66,0.75,0,0,0.10002,0,0.01
66,0.8,0,0,0.10002,0,0.01
66,0.85,0,0,0.10003,0,0.01
66,0.9,0,0,0.10003,0,0.01
66,0.95,0,0,0.10005,0,0.01
66,1,0,0,0.10006,0,0.01
67,0,1,0,0.10001,0,0.0099993
67,0.05,1,0,0.10001,0,0.0099993
67,0.1,1,0,0.10001,0,0.0099993
67,0.15,1,0,0.10001,0,0.0099993
67,0.2,1,0,0.10001,0,0.0099993
67,0.25,1,0,0.10001,0,0.0099993
67,0.3,1,0,0.10001,0,0.0099993
67,0.35,1,0,0.10001,0,0.0099993
67,0.4,1,0,0.1,0,0.0099993
67,0.45,1,0,0.1,0,0.0099993
67,0.5,1,0,0.1,0,0.0099994
67,0.55,1,0,0.099998,0,0.0099994
67,0.6,1,0,0.099996,0,0.0099994
67,0.65,1,0,0.099993,0,0.0099994
67,0.7,1,0,0.09999,0,0.0099995
67,0.75,1,0,0.099985,0,0.0099995
67,0.8,1,0,0.09998,0,0.0099996
67,0.85,1,0,0.099973,0,0.0099997
67,0.9,1,0,0.099967,0,0.0099997
67,0.95,1,0,0.099954,0,0.0099998
67,1,1,0,0.099941,0,0.0099999
67,0,0,0,0.099993,0,0.010001
67,0.05,0,0,0.099993,0,0.010001
67,0.1,0,0,0.099994,0,0.010001
67,0.15,0,0,0.099994,0,0.010001
67,0.2,0,0,0.099994,0,0.010001
67,0.25,0,0,0.099995,0,0.010001
67,0.3,0,0,0.099996,0,0.010001
67,0.35,0,0,0.099997,0,0.010001
67,0.4,0,0,0.099998,0,0.010001
67,0.45,0,0,0.099999,0,0.010001
67,0.5,0,0,0.1,0,0.010001
67,0.55,0,0,0.1,0,0.010001
67,0.6,0,0,0.10001,0,0.010001
67,0.65,0,0,0.10001,0,0.01
67,0.7,0,0,0.10001,0,0.01
67,0.75,0,0,0.10002,0,0.01
67,0.8,0,0,0.10002,0,0.01
67,0.85,0,0,0.10003,0,0.01
67,0.9,0,0,0.10003,0,0.01
67,0.95,0,0,0.10005,0,0.01
67,1,0,0,0.10006,0,0.01
68,0,1,0,0.10001,0,0.0099993
68,0.05,1,0,0.10001,0,0.0099993
68,0.1,1,0,0.10001,0,0.0099993
68,0.15,1,0,0.10001,0,0.0099993
68,0.2,1,0,0.10001,0,0.0099993
68,0.25,1,0,0.10001,0,0.0099993
68,0.3,1,0,0.10001,0,0.0099993
68,0.35,1,0,0.1,0,0.0099994
68,0.4,1,0,0.1,0,0.0099994
68,0.45,1,0,0.1,0,0.0099994
68,0.5,1,0,0.1,0,0.0099994
68,0.55,1,0,0.099998,0,0.0099994
68,0.6,1,0,0.099996,0,0.0099995
68,0.65,1,0,0.099993,0,0.0099995
68,0.7,1,0,0.09999,0,0.0099995
68,0.75,1,0,0.099985,0,0.0099996
68,0.8,1,0,0.099981,0,0.0099996
68,0.85,1,0,0.099973,0,0.0099997
68,0.9,1,0,0.099966,0,0.0099997
68,0.95,1,0,0.099954,0,0.0099998
68,1,1,0,0.099941,0,0.0099999
68,0,0,0,0.099993,0,0.010001
68,0.05,0,0,0.099993,0,0.010001
68,0.1,0,0,0.099993,0,0.010001
68,0.15,0,0,0.099994,0,0.010001
68,0.2,0,0,0.099994,0,0.010001
68,0.25,0,0,0.099994,0,0.010001
68,0.3,0,0,0.099995,0,0.010001
68,0.35,0,0,0.099996,0,0.010001
68,0.4,0,0,0.099997,0,0.010001
68,0.45,0,0,0.099999,0,0.010001
68,0.5,0,0,0.1,0,0.010001
68,0.55,0,0,0.1,0,0.010001
68,0.6,0,0,0.1,0,0.010001
68,0.65,0,0,0.10001,0,0.010001
68,0.7,0,0,0.10001,0,0.010001
68,0.75,0,0,0.10002,0,0.01
68,0.8,0,0,0.10002,0,0.01
68,0.85,0,0,0.10003,0,0.01
68,0.9,0,0,0.10003,0,0.01
68,0.95,0,0,0.10005,0,0.01
68,1,0,0,0.10006,0,0.01
69,0,1,0,0.10001,0,0.0099993
69,0.05,1,0,0.10001,0,0.0099993
69,0.1,1,0,0.10001,0,0.0099993
69,0.15,1,0,0.10001,0,0.0099993
69,0.2,1,0,0.10001,0,0.0099993
69,0.25,1,0,0.10001,0,0.0099993
69,0.3,1,0,0.10001,0,0.0099993
69,0.35,1,0,0.1,0,0.0099993
69,0.4,1,0,0.1,0,0.0099994
69,0.45,1,0,0.1,0,0.0099994
69,0.5,1,0,0.1,0,0.0099994
69,0.55,1,0,0.099998,0,0.0099994
69,0.6,1,0,0.099996,0,0.0099994
69,0.65,1,0,0.099993,0,0.0099995
69,0.7,1,0,0.09999,0,0.0099995
69,0.75,1,0,0.099985,0,0.0099995
69,0.8,1,0,0.099981,0,0.0099996
69,0.85,1,0,0.099974,0,0.0099996
69,0.9,1,0,0.099967,0,0.0099997
69,0.95,1,0,0.099954,0,0.0099998
69,1,1,0,0.099941,0,0.0099999
69,0,0,0,0.099993,0,0.010001
69,0.05,0,0,0.099993,0,0.010001
69,0.1,0,0,0.099992,0,0.010001
69,0.15,0,0,0.099993,0,0.010001
69,0.2,0,0,0.099994,0,0.010001
69,0.25,0,0,0.099994,0,0.010001
69,0.3,0,0,0.099995,0,0.010001
69,0.35,0,0,0.099996,0,0.010001
69,0.4,0,0,0.099997,0,0.010001
69,0.45,0,0,0.099999,0,0.010001
69,0.5,0,0,0.1,0,0.010001
69,0.55,0,0,0.1,0,0.010001
69,0.6,0,0,0.10001,0,0.010001
69,0.65,0,0,0.10001,0,0.010001
69,0.7,0,0,0.10001,0,0.01
69,0.75,0,0,0.10002,0,0.01
69,0.8,0,0,0.10002,0,0.01
69,0.85,0,0,0.10003,0,0.01
69,0.9,0,0,0.10003,0,0.01
69,0.95,0,0,0.10005,0,0.01
69,1,0,0,0.10006,0,0.01
70,0,1,0,0.10001,0,0.0099993
70,0.05,1,0,0.10001,0,0.0099993
70,0.1,1,0,0.10001,0,0.0099993
70,0.15,1,0,0.10001,0,0.0099993
70,0.2,1,0,0.10001,0,0.0099993
70,0.25,1,0,0.10001,0,0.0099993
70,0.3,1,0,0.10001,0,0.0099993
70,0.35,1,0,0.1,0,0.0099993
70,0.4,1,0,0.1,0,0.0099993
70,0.45,1,0,0.1,0,0.0099993
70,0.5,1,0,0.1,0,0.0099993
70,0.55,1,0,0.099998,0,0.0099994
70,0.6,1,0,0.099996,0,0.0099994
70,0.65,1,0,0.099993,0,0.0099994
70,0.7,1,0,0.09999,0,0.0099995
70,0.75,1,0,0.099985,0,0.0099995
70,0.8,1,0,0.09998,0,0.0099996
70,0.85,1,0,0.099973,0,0.0099996
70,0.9,1,0,0.099967,0,0.0099997
70,0.95,1,0,0.099953,0,0.0099998
70,1,1,0,0.09994,0,0.0099999
70,0,0,0,0.099993,0,0.010001
70,0.05,0,0,0.099993,0,0.010001
70,0.1,0,0,0.099994,0,0.010001
70,0.15,0,0,0.099994,0,0.010001
70,0.2,0,0,0.099994,0,0.010001
70,0.25,0,0,0.099994,0,0.010001
70,0.3,0,0,0.099995,0,0.010001
70,0.35,0,0,0.099996,0,0.010001
70,0.4,0,0,0.099997,0,0.010001
70,0.45,0,0,0.099999,0,0.010001
70,0.5,0,0,0.1,0,0.010001
70,0.55,0,0,0.1,0,0.010001
70,0.6,0,0,0.10001,0,0.010001
70,0.65,0,0,0.10001,0,0.01
70,0.7,0,0,0.10001,0,0.01
70,0.75,0,0,0.10002,0,0.01
70,0.8,0,0,0.10002,0,0.01
70,0.85,0,0,0.10003,0,0.01
70,0.9,0,0,0.10003,0,0.01
70,0.95,0,0,0.10005,0,0.01
70,1,0,0,0.10006,0,0.01
71,0,1,0,0.10001,0,0.0099993
71,0.05,1,0,0.10001,0,0.0099993
71,0.1,1,0,0.10001,0,0.0099993
71,0.15,1,0,0.10001,0,0.0099993
71,0.2,1,0,0.10001,0,0.0099993
71,0.25,1,0,0.10001,0,0.0099993
71,0.3,1,0,0.10001,0,0.0099993
71,0.35,1,0,0.1,0,0.0099993
71,0.4,1,0,0.1,0,0.0099993
71,0.45,1,0,0.1,0,0.0099994
71,0.5,1,0,0.1,0,0.0099994
71,0.55,1,0,0.099998,0,0.0099994
71,0.6,1,0,0.099995,0,0.0099994
71,0.65,1,0,0.099992,0,0.0099995
71,0.7,1,0,0.099989,0,0.0099995
71,0.75,1,0,0.099984,0,0.0099995
71,0.8,1,0,0.09998,0,0.0099996
71,0.85,1,0,0.099972,0,0.0099997
71,0.9,1,0,0.099966,0,0.0099997
71,0.95,1,0,0.099953,0,0.0099998
71,1,1,0,0.09994,0,0.0099999
71,0,0,0,0.099993,0,0.010001
71,0.05,0,0,0.099993,0,0.010001
71,0.1,0,0,0.099993,0,0.010001
71,0.15,0,0,0.099994,0,0.010001
71,0.2,0,0,0.099994,0,0.010001
71,0.25,0,0,0.099994,0,0.010001
71,0.3,0,0,0.099995,0,0.010001
71,0.35,0,0,0.099996,0,0.010001
71,0.4,0,0,0.099997,0,0.010001
71,0.45,0,0,0.099999,0,0.010001
71,0.5,0,0,0.1,0,0.010001
71,0.55,0,0,0.1,0,0.010001
71,0.6,0,0,0.1,0,0.010001
71,0.65,0,0,0.10001,0,0.010001
71,0.7,0,0,0.10001,0,0.01
71,0.75,0,0,0.10002,0,0.01
71,0.8,0,0,0.10002,0,0.01
71,0.85,0,0,0.10003,0,0.01
71,0.9,0,0,0.10003,0,0.01
71,0.95,0,0,0.10005,0,0.01
71,1,0,0,0.10006,0,0.01
72,0,1,0,0.10001,0,0.0099993
72,0.05,1,0,0.10001,0,0.0099993
72,0.1,1,0,0.10001,0,0.0099993
72,0.15,1,0,0.10001,0,0.0099993
72,0.2,1,0,0.10001,0,0.0099993
72,0.25,1,0,0.10001,0,0.0099993
72,0.3,1,0,0.10001,0,0.0099993
72,0.35,1,0,0.1,0,0.0099993
72,0.4,1,0,0.1,0,0.0099994
72,0.45,1,0,0.1,0,0.0099994
72,0.5,1,0,0.1,0,0.0099994
72,0.55,1,0,0.099998,0,0.0099994
72,0.6,1,0,0.099996,0,0.0099994
72,0.65,1,0,0.099992,0,0.0099995
72,0.7,1,0,0.099989,0,0.0099995
72,0.75,1,0,0.099985,0,0.0099995
72,0.8,1,0,0.09998,0,0.0099996
72,0.85,1,0,0.099973,0,0.0099996
72,0.9,1,0,0.099966,0,0.0099997
72,0.95,1,0,0.099953,0,0.0099998
72,1,1,0,0.09994,0,0.0099999
72,0,0,0,0.099993,0,0.010001
72,0.05,0,0,0.099993,0,0.010001
72,0.1,0,0,0.099993,0,0.010001
72,0.15,0,0,0.099993,0,0.010001
72,0.2,0,0,0.099994,0,0.010001
72,0.25,0,0,0.099994,0,0.010001
72,0.3,0,0,0.099995,0,0.010001
72,0.35,0,0,0.099996,0,0.010001
72,0.4,0,0,0.099997,0,0.010001
72,0.45,0,0,0.099999,0,0.010001
72,0.5,0,0,0.1,0,0.010001
72,0.55,0,0,0.1,0,0.010001
72,0.6,0,0,0.1,0,0.010001
72,0.65,0,0,0.10001,0,0.010001
72,0.7,0,0,0.10001,0,0.01
72,0.75,0,0,0.10002,0,0.01
72,0.8,0,0,0.10002,0,0.01
72,0.85,0,0,0.10003,0,0.01
72,0.9,0,0,0.10003,0,0.01
72,0.95,0,0,0.10005,0,0.01
72,1,0,0,0.10006,0,0.01
73,0,1,0,0.10001,0,0.0099993
73,0.05,1,0,0.10001,0,0.0099993
73,0.1,1,0,0.10001,0,0.0099993
73,0.15,1,0,0.10001,0,0.0099993
73,0.2,1,0,0.10001,0,0.0099993
73,0.25,1,0,0.10001,0,0.0099993
73,0.3,1,0,0.10001,0,0.0099993
73,0.35,1,0,0.1,0,0.0099993
73,0.4,1,0,0.1,0,0.0099993
73,0.45,1,0,0.1,0,0.0099993
73,0.5,1,0,0.1,0,0.0099994
73,0.55,1,0,0.099998,0,0.0099994
73,0.6,1,0,0.099996,0,0.0099994
73,0.65,1,0,0.099992,0,0.0099994
73,0.7,1,0,0.099989,0,0.0099995
73,0.75,1,0,0.099984,0,0.0099995
73,0.8,1,0,0.09998,0,0.0099996
73,0.85,1,0,0.099973,0,0.0099996
73,0.9,1,0,0.099966,0,0.0099997
73,0.95,1,0,0.099953,0,0.0099998
73,1,1,0,0.09994,0,0.0099999
73,0,0,0,0.099993,0,0.010001
73,0.05,0,0,0.099993,0,0.010001
73,0.1,0,0,0.099993,0,0.010001
73,0.15,0,0,0.099993,0,0.010001
73,0.2,0,0,0.099994,0,0.010001
73,0.25,0,0,0.099994,0,0.010001
73,0.3,0,0,0.099995,0,0.010001
73,0.35,0,0,0.099996,0,0.010001
73,0.4,0,0,0.099997,0,0.010001
73,0.45,0,0,0.099999,0,0.010001
73,0.5,0,0,0.1,0,0.010001
73,0.55,0,0,0.1,0,0.010001
73,0.6,0,0,0.10001,0,0.010001
73,0.65,0,0,0.10001,0,0.01
73,0.7,0,0,0.10001,0,0.01
73,0.75,0,0,0.10001,0,0.01
73,0.8,0,0,0.10002,0,0.01
73,0.85,0,0,0.10003,0,0.01
73,0.9,0,0,0.10003,0,0.01
73,0.95,0,0,0.10005,0,0.01
73,1,0,0,0.10006,0,0.01
74,0,1,0,0.10001,0,0.0099993
74,0.05,1,0,0.10001,0,0.0099993
74,0.1,1,0,0.10001,0,0.0099993
74,0.15,1,0,0.10001,0,0.0099993
74,0.2,1,0,0.10001,0,0.0099993
74,0.25,1,0,0.10001,0,0.0099993
74,0.3,1,0,0.1,0,0.0099993
74,0.35,1,0,0.1,0,0.0099993
74,0.4,1,0,0.1,0,0.0099993
74,0.45,1,0,0.1,0,0.0099994
74,0.5,1,0,0.099999,0,0.0099994
74,0.55,1,0,0.099997,0,0.0099994
74,0.6,1,0,0.099995,0,0.0099994
74,0.65,1,0,0.099992,0,0.0099995
74,0.7,1,0,0.099989,0,0.0099995
74,0.75,1,0,0.099984,0,0.0099995
74,0.8,1,0,0.09998,0,0.0099996
74,0.85,1,0,0.099972,0,0.0099997
74,0.9,1,0,0.099966,0,0.0099997
74,0.95,1,0,0.099953,0,0.0099998
74,1,1,0,0.09994,0,0.0099999
74,0,0,0,0.099993,0,0.010001
74,0.05,0,0,0.099993,0,0.010001
74,0.1,0,0,0.099993,0,0.010001
74,0.15,0,0,0.099994,0,0.010001
74,0.2,0,0,0.099994,0,0.010001
74,0.25,0,0,0.099994,0,0.010001
74,0.3,0,0,0.099995,0,0.010001
74,0.35,0,0,0.099996,0,0.010001
74,0.4,0,0,0.099997,0,0.010001
74,0.45,0,0,0.099998,0,0.010001
74,0.5,0,0,0.1,0,0.010001
74,0.55,0,0,0.1,0,0.010001
74,0.6,0,0,0.1,0,0.010001
74,0.65,0,0,0.10001,0,0.010001
74,0.7,0,0,0.10001,0,0.01
74,0.75,0,0,0.10001,0,0.01
74,0.8,0,0,0.10002,0,0.01
74,0.85,0,0,0.10003,0,0.01
74,0.9,0,0,0.10003,0,0.01
74,0.95,0,0,0.10005,0,0.01
74,1,0,0,0.10006,0,0.01
75,0,1,0,0.10001,0,0.0099993
75,0.05,1,0,0.10001,0,0.0099993
75,0.1,1,0,0.10001,0,0.0099993
75,0.15,1,0,0.10001,0,0.0099993
75,0.2,1,0,0.10001,0,0.0099993
75,0.25,1,0,0.10001,0,0.0099993
75,0.3,1,0,0.1,0,0.0099993
75,0.35,1,0,0.1,0,0.0099994
75,0.4,1,0,0.1,0,0.0099994
75,0.45,1,0,0.1,0,0.0099994
75,0.5,1,0,0.099999,0,0.0099994
75,0.55,1,0,0.099997,0,0.0099994
75,0.6,1,0,0.099995,0,0.0099994
75,0.65,1,0,0.099992,0,0.0099995
75,0.7,1,0,0.099989,0,0.0099995
75,0.75,1,0,0.099984,0,0.0099995
75,0.8,1,0,0.09998,0,0.0099996
75,0.85,1,0,0.099973,0,0.0099997
75,0.9,1,0,0.099966,0,0.0099997
75,0.95,1,0,0.099953,0,0.0099998
75,1,1,0,0.09994,0,0.0099999
75,0,0,0,0.099993,0,0.010001
75,0.05,0,0,0.099993,0,0.010001
75,0.1,0,0,0.099993,0,0.010001
75,0.15,0,0,0.099993,0,0.010001
75,0.2,0,0,0.099993,0,0.010001
75,0.25,0,0,0.099994,0,0.010001
75,0.3,0,0,0.099994,0,0.010001
75,0.35,0,0,0.099995,0,0.010001
75,0.4,0,0,0.099996,0,0.010001
75,0.45,0,0,0.099998,0,0.010001
75,0.5,0,0,0.1,0,0.010001
75,0.55,0,0,0.1,0,0.010001
75,0.6,0,0,0.1,0,0.010001
75,0.65,0,0,0.10001,0,0.010001
75,0.7,0,0,0.10001,0,0.01
75,0.75,0,0,0.10002,0,0.01
75,0.8,0,0,0.10002,0,0.01
75,0.85,0,0,0.10003,0,0.01
75,0.9,0,0,0.10003,0,0.01
75,0.95,0,0,0.10005,0,0.01
75,1,0,0,0.10006,0,0.01
76,0,1,0,0.10001,0,0.0099993
76,0.05,1,0,0.10001,0,0.0099993
76,0.1,1,0,0.10001,0,0.0099993
76,0.15,1,0,0.10001,0,0.0099993
76,0.2,1,0,0.10001,0,0.0099993
76,0.25,1,0,0.10001,0,0.0099993
76,0.3,1,0,0.10001,0,0.0099993
76,0.35,1,0,0.1,0,0.0099993
76,0.4,1,0,0.1,0,0.0099993
76,0.45,1,0,0.1,0,0.0099994
76,0.5,1,0,0.1,0,0.0099994
76,0.55,1,0,0.099998,0,0.0099994
76,0.6,1,0,0.099996,0,0.0099994
76,0.65,1,0,0.099992,0,0.0099994
76,0.7,1,0,0.099989,0,0.0099995
76,0.75,1,0,0.099984,0,0.0099995
76,0.8,1,0,0.09998,0,0.0099996
76,0.85,1,0,0.099972,0,0.0099996
76,0.9,1,0,0.099966,0,0.0099997
76,0.95,1,0,0.099953,0,0.0099998
76,1,1,0,0.09994,0,0.0099999
76,0,0,0,0.099993,0,0.010001
76,0.05,0,0,0.099993,0,0.010001
76,0.1,0,0,0.099993,0,0.010001
76,0.15,0,0,0.099993,0,0.010001
76,0.2,0,0,0.099993,0,0.010001
76,0.25,0,0,0.099994,0,0.010001
76,0.3,0,0,0.099995,0,0.010001
76,0.35,0,0,0.099996,0,0.010001
76,0.4,0,0,0.099997,0,0.010001
76,0.45,0,0,0.099998,0,0.010001
76,0.5,0,0,0.1,0,0.010001
76,0.55,0,0,0.1,0,0.010001
76,0.6,0,0,0.10001,0,0.010001
76,0.65,0,0,0.10001,0,0.01
76,0.7,0,0,0.10001,0,0.01
76,0.75,0,0,0.10002,0,0.01
76,0.8,0,0,0.10002,0,0.01
76,0.85,0,0,0.10003,0,0.01
76,0.9,0,0,0.10003,0,0.01
76,0.95,0,0,0.10005,0,0.01
76,1,0,0,0.10006,0,0.01
77,0,1,0,0.10001,0,0.0099993
77,0.05,1,0,0.10001,0,0.0099993
77,0.1,1,0,0.10001,0,0.0099993
77,0.15,1,0,0.10001,0,0.0099993
77,0.2,1,0,0.10001,0,0.0099993
77,0.25,1,0,0.10001,0,0.0099993
77,0.3,1,0,0.10001,0,0.0099993
77,0.35,1,0,0.1,0,0.0099993
77,0.4,1,0,0.1,0,0.0099993
77,0.45,1,0,0.1,0,0.0099994
77,0.5,1,0,0.1,0,0.0099994
77,0.55,1,0,0.099997,0,0.0099994
77,0.6,1,0,0.099995,0,0.0099994
77,0.65,1,0,0.099992,0,0.0099995
77,0.7,1,0,0.099989,0,0.0099995
77,0.75,1,0,0.099984,0,0.0099995
77,0.8,1,0,0.09998,0,0.0099996
77,0.85,1,0,0.099972,0,0.0099997
77,0.9,1,0,0.099966,0,0.0099997
77,0.95,1,0,0.099953,0,0.0099998
77,1,1,0,0.09994,0,0.0099999
77,0,0,0,0.099993,0,0.010001
77,0.05,0,0,0.099993,0,0.010001
77,0.1,0,0,0.099993,0,0.010001
77,0.15,0,0,0.099994,0,0.010001
77,0.2,0,0,0.099994,0,0.010001
77,0.25,0,0,0.099994,0,0.010001
77,0.3,0,0,0.099995,0,0.010001
77,0.35,0,0,0.099996,0,0.010001
77,0.4,0,0,0.099997,0,0.010001
77,0.45,0,0,0.099999,0,0.010001
77,0.5,0,0,0.1,0,0.010001
77,0.55,0,0,0.1,0,0.010001
77,0.6,0,0,0.1,0,0.010001
77,0.65,0,0,0.10001,0,0.010001
77,0.7,0,0,0.10001,0,0.01
77,0.75,0,0,0.10002,0,0.01
77,0.8,0,0,0.10002,0,0.01
77,0.85,0,0,0.10003,0,0.01
77,0.9,0,0,0.10003,0,0.01
77,0.95,0,0,0.10005,0,0.01
77,1,0,0,0.10006,0,0.01
78,0,1,0,0.10001,0,0.0099993
78,0.05,1,0,0.10001,0,0.0099993
78,0.1,1,0,0.10001,0,0.0099993
78,0.15,1,0,0.10001,0,0.0099993
78,0.2,1,0,0.10001,0,0.0099993
78,0.25,1,0,0.10001,0,0.0099993
78,0.3,1,0,0.1,0,0.0099993
78,0.35,1,0,0.1,0,0.0099994
78,0.4,1,0,0.1,0,0.0099994
78,0.45,1,0,0.1,0,0.0099994
78,0.5,1,0,0.099999,0,0.0099994
78,0.55,1,0,0.099997,0,0.0099994
78,0.6,1,0,0.099995,0,0.0099994
78,0.65,1,0,0.099992,0,0.0099995
78,0.7,1,0,0.099989,0,0.0099995
78,0.75,1,0,0.099985,0,0.0099995
78,0.8,1,0,0.09998,0,0.0099996
78,0.85,1,0,0.099973,0,0.0099997
78,0.9,1,0,0.099966,0,0.0099997
78,0.95,1,0,0.099953,0,0.0099998
78,1,1,0,0.099941,0,0.0099999
78,0,0,0,0.099993,0,0.010001
78,0.05,0,0,0.099993,0,0.010001
78,0.1,0,0,0.099993,0,0.010001
78,0.15,0,0,0.099993,0,0.010001
78,0.2,0,0,0.099994,0,0.010001
78,0.25,0,0,0.099994,0,0.010001
78,0.3,0,0,0.099995,0,0.010001
78,0.35,0,0,0.099996,0,0.010001
78,0.4,0,0,0.099997,0,0.010001
78,0.45,0,0,0.099998,0,0.010001
78,0.5,0,0,0.1,0,0.010001
78,0.55,0,0,0.1,0,0.010001
78,0.6,0,0,0.1,0,0.010001
78,0.65,0,0,0.10001,0,0.010001
78,0.7,0,0,0.10001,0,0.01
78,0.75,0,0,0.10002,0,0.01
78,0.8,0,0,0.10002,0,0.01
78,0.85,0,0,0.10003,0,0.01
78,0.9,0,0,0.10003,0,0.01
78,0.95,0,0,0.10005,0,0.01
78,1,0,0,0.10006,0,0.01
79,0,1,0,0.10001,0,0.0099993
79,0.05,1,0,0.10001,0,0.0099993
79,0.1,1,0,0.10001,0,0.0099993
79,0.15,1,0,0.10001,0,0.0099993
79,0.2,1,0,0.10001,0,0.0099993
79,0.25,1,0,0.10001,0,0.0099993
79,0.3,1,0,0.1,0,0.0099993
79,0.35,1,0,0.1,0,0.0099993
79,0.4,1,0,0.1,0,0.0099994
79,0.45,1,0,0.1,0,0.0099994
79,0.5,1,0,0.1,0,0.0099994
79,0.55,1,0,0.099998,0,0.0099994
79,0.6,1,0,0.099996,0,0.0099994
79,0.65,1,0,0.099992,0,0.0099995
79,0.7,1,0,0.099989,0,0.0099995
79,0.75,1,0,0.099985,0,0.0099995
79,0.8,1,0,0.09998,0,0.0099996
79,0.85,1,0,0.099973,0,0.0099997
79,0.9,1,0,0.099966,0,0.0099997
79,0.95,1,0,0.099953,0,0.0099998
79,1,1,0,0.09994,0,0.0099999
79,0,0,0,0.099993,0,0.010001
79,0.05,0,0,0.099993,0,0.010001
79,0.1,0,0,0.099993,0,0.010001
79,0.15,0,0,0.099993,0,0.010001
79,0.2,0,0,0.099993,0,0.010001
79,0.25,0,0,0.099994,0,0.010001
79,0.3,0,0,0.099995,0,0.010001
79,0.35,0,0,0.099996,0,0.010001
79,0.4,0,0,0.099997,0,0.010001
79,0.45,0,0,0.099998,0,0.010001
79,0.5,0,0,0.1,0,0.010001
79,0.55,0,0,0.1,0,0.010001
79,0.6,0,0,0.10001,0,0.010001
79,0.65,0,0,0.10001,0,0.010001
79,0.7,0,0,0.10001,0,0.01
79,0.75,0,0,0.10002,0,0.01
79,0.8,0,0,0.10002,0,0.01
79,0.85,0,0,0.10003,0,0.01
79,0.9,0,0,0.10003,0,0.01
79,0.95,0,0,0.10005,0,0.01
79,1,0,0,0.10006,0,0.01
80,0,1,0,0.10001,0,0.0099993
80,0.05,1,0,0.10001,0,0.0099993
80,0.1,1,0,0.10001,0,0.0099993
80,0.15,1,0,0.10001,0,0.0099993
80,0.2,1,0,0.10001,0,0.0099993
80,0.25,1,0,0.10001,0,0.0099993
80,0.3,1,0,0.10001,0,0.0099993
80,0.35,1,0,0.1,0,0.0099993
80,0.4,1,0,0.1,0,0.0099993
80,0.45,1,0,0.1,0,0.0099994
80,0.5,1,0,0.1,0,0.0099994
80,0.55,1,0,0.099998,0,0.0099994
80,0.6,1,0,0.099996,0,0.0099994
80,0.65,1,0,0.099992,0,0.0099995
80,0.7,1,0,0.099989,0,0.0099995
80,0.75,1,0,0.099984,0,0.0099995
80,0.8,1,0,0.09998,0,0.0099996
80,0.85,1,0,0.099973,0,0.0099997
80,0.9,1,0,0.099966,0,0.0099997
80,0.95,1,0,0.099953,0,0.0099998
80,1,1,0,0.09994,0,0.0099999
80,0,0,0,0.099993,0,0.010001
80,0.05,0,0,0.099993,0,0.010001
80,0.1,0,0,0.099993,0,0.010001
80,0.15,0,0,0.099993,0,0.010001
80,0.2,0,0,0.099994,0,0.010001
80,0.25,0,0,0.099994,0,0.010001
80,0.3,0,0,0.099995,0,0.010001
80,0.35,0,0,0.099996,0,0.010001
80,0.4,0,0,0.099997,0,0.010001
80,0.45,0,0,0.099999,0,0.010001
80,0.5,0,0,0.1,0,0.010001
80,0.55,0,0,0.1,0,0.010001
80,0.6,0,0,0.10001,0,0.010001
80,0.65,0,0,0.10001,0,0.010001
80,0.7,0,0,0.10001,0,0.01
80,0.75,0,0,0.10002,0,0.01
80,0.8,0,0,0.10002,0,0.01
80,0.85,0,0,0.10003,0,0.01
80,0.9,0,0,0.10003,0,0.01
80,0.95,0,0,0.10005,0,0.01
80,1,0,0,0.10006,0,0.01
81,0,1,0,0.10001,0,0.0099993
81,0.05,1,0,0.10001,0,0.0099993
81,0.1,1,0,0.10001,0,0.0099993
81,0.15,1,0,0.10001,0,0.0099993
81,0.2,1,0,0.10001,0,0.0099993
81,0.25,1,0,0.10001,0,0.0099993
81,0.3,1,0,0.10001,0,0.0099993
81,0.35,1,0,0.1,0,0.0099993
81,0.4,1,0,0.1,0,0.0099994
81,0.45,1,0,0.1,0,0.0099994
81,0.5,1,0,0.1,0,0.0099994
81,0.55,1,0,0.099998,0,0.0099994
81,0.6,1,0,0.099996,0,0.0099994
81,0.65,1,0,0.099992,0,0.0099995
81,0.7,1,0,0.099989,0,0.0099995
81,0.75,1,0,0.099985,0,0.0099995
81,0.8,1,0,0.09998,0,0.0099996
81,0.85,1,0,0.099973,0,0.0099997
81,0.9,1,0,0.099966,0,0.0099997
81,0.95,1,0,0.099953,0,0.0099998
81,1,1,0,0.099941,0,0.0099999
81,0,0,0,0.099993,0,0.010001
81,0.05,0,0,0.099993,0,0.010001
81,0.1,0,0,0.099993,0,0.010001
81,0.15,0,0,0.099993,0,0.010001
81,0.2,0,0,0.099994,0,0.010001
81,0.25,0,0,0.099994,0,0.010001
81,0.3,0,0,0.099995,0,0.010001
81,0.35,0,0,0.099996,0,0.010001
81,0.4,0,0,0.099997,0,0.010001
81,0.45,0,0,0.099999,0,0.010001
81,0.5,0,0,0.1,0,0.010001
81,0.55,0,0,0.1,0,0.010001
81,0.6,0,0,0.1,0,0.010001
81,0.65,0,0,0.10001,0,0.010001
81,0.7,0,0,0.10001,0,0.01
81,0.75,0,0,0.10002,0,0.01
81,0.8,0,0,0.10002,0,0.01
81,0.85,0,0,0.10003,0,0.01
81,0.9,0,0,0.10003,0,0.01
81,0.95,0,0,0.10005,0,0.01
81,1,0,0,0.10006,0,0.01
82,0,1,0,0.10001,0,0.0099993
82,0.05,1,0,0.10001,0,0.0099993
82,0.1,1,0,0.10001,0,0.0099993
82,0.15,1,0,0.10001,0,0.0099993
82,0.2,1,0,0.10001,0,0.0099993
82,0.25,1,0,0.10001,0,0.0099993
82,0.3,1,0,0.10001,0,0.0099993
82,0.35,1,0,0.1,0,0.0099993
82,0.4,1,0,0.1,0,0.0099994
82,0.45,1,0,0.1,0,0.0099994
82,0.5,1,0,0.1,0,0.0099994
82,0.55,1,0,0.099998,0,0.0099994
82,0.6,1,0,0.099996,0,0.0099994
82,0.65,1,0,0.099992,0,0.0099995
82,0.7,1,0,0.099989,0,0.0099995
82,0.75,1,0,0.099985,0,0.0099995
82,0.8,1,0,0.09998,0,0.0099996
82,0.85,1,0,0.099973,0,0.0099997
82,0.9,1,0,0.099966,0,0.0099997
82,0.95,1,0,0.099953,0,0.0099998
82,1,1,0,0.09994,0,0.0099999
82,0,0,0,0.099993,0,0.010001
82,0.05,0,0,0.099993,0,0.010001
82,0.1,0,0,0.099993,0,0.010001
82,0.15,0,0,0.099993,0,0.010001
82,0.2,0,0,0.099994,0,0.010001
82,0.25,0,0,0.099994,0,0.010001
82,0.3,0,0,0.099995,0,0.010001
82,0.35,0,0,0.099996,0,0.010001
82,0.4,0,0,0.099997,0,0.010001
82,0.45,0,0,0.099999,0,0.010001
82,0.5,0,0,0.1,0,0.010001
82,0.55,0,0,0.1,0,0.010001
82,0.6,0,0,0.10001,0,0.010001
82,0.65,0,0,0.10001,0,0.010001
82,0.7,0,0,0.10001,0,0.01
82,0.75,0,0,0.10002,0,0.01
82,0.8,0,0,0.10002,0,0.01
82,0.85,0,0,0.10003,0,0.01
82,0.9,0,0,0.10003,0,0.01
82,0.95,0,0,0.10005,0,0.01
82,1,0,0,0.10006,0,0.01
83,0,1,0,0.10001,0,0.0099993
83,0.05,1,0,0.10001,0,0.0099993
83,0.1,1,0,0.10001,0,0.0099993
83,0.15,1,0,0.10001,0,0.0099993
83,0.2,1,0,0.10001,0,0.0099993
83,0.25,1,0,0.10001,0,0.0099993
83,0.3,1,0,0.10001,0,0.0099993
83,0.35,1,0,0.1,0,0.0099993
83,0.4,1,0,0.1,0,0.0099993
83,0.45,1,0,0.1,0,0.0099994
83,0.5,1,0,0.1,0,0.0099994
83,0.55,1,0,0.099998,0,0.0099994
83,0.6,1,0,0.099996,0,0.0099994
83,0.65,1,0,0.099992,0,0.0099995
83,0.7,1,0,0.099989,0,0.0099995
83,0.75,1,0,0.099985,0,0.0099995
83,0.8,1,0,0.09998,0,0.0099996
83,0.85,1,0,0.099973,0,0.0099997
83,0.9,1,0,0.099966,0,0.0099997
83,0.95,1,0,0.099953,0,0.0099998
83,1,1,0,0.09994,0,0.0099999
83,0,0,0,0.099993,0,0.010001
83,0.05,0,0,0.099993,0,0.010001
83,0.1,0,0,0.099993,0,0.010001
83,0.15,0,0,0.099993,0,0.010001
83,0.2,0,0,0.099994,0,0.010001
83,0.25,0,0,0.099994,0,0.010001
83,0.3,0,0,0.099995,0,0.010001
83,0.35,0,0,0.099996,0,0.010001
83,0.4,0,0,0.099997,0,0.010001
83,0.45,0,0,0.099999,0,0.010001
83,0.5,0,0,0.1,0,0.010001
83,0.55,0,0,0.1,0,0.010001
83,0.6,0,0,0.10001,0,0.010001
83,0.65,0,0,0.10001,0,0.010001
83,0.7,0,0,0.10001,0,0.01
83,0.75,0,0,0.10002,0,0.01
83,0.8,0,0,0.10002,0,0.01
83,0.85,0,0,0.10003,0,0.01
83,0.9,0,0,0.10003,0,0.01
83,0.95,0,0,0.10005,0,0.01
83,1,0,0,0.10006,0,0.01
84,0,1,0,0.10001,0,0.0099993
84,0.05,1,0,0.10001,0,0.0099993
84,0.1,1,0,0.10001,0,0.0099993
84,0.15,1,0,0.10001,0,0.0099993
84,0.2,1,0,0.10001,0,0.0099993
84,0.25,1,0,0.10001,0,0.0099993
84,0.3,1,0,0.10001,0,0.0099993
84,0.35,1,0,0.1,0,0.0099993
84,0.4,1,0,0.1,0,0.0099993
84,0.45,1,0,0.1,0,0.0099994
84,0.5,1,0,0.1,0,0.0099994
84,0.55,1,0,0.099998,0,0.0099994
84,0.6,1,0,0.099995,0,0.0099994
84,0.65,1,0,0.099992,0,0.0099995
84,0.7,1,0,0.099989,0,0.0099995
84,0.75,1,0,0.099985,0,0.0099995
84,0.8,1,0,0.09998,0,0.0099996
84,0.85,1,0,0.099973,0,0.0099997
84,0.9,1,0,0.099966,0,0.0099997
84,0.95,1,0,0.099953,0,0.0099998
84,1,1,0,0.09994,0,0.0099999
84,0,0,0,0.099993,0,0.010001
84,0.05,0,0,0.099993,0,0.010001
84,0.1,0,0,0.099993,0,0.010001
84,0.15,0,0,0.099993,0,0.010001
84,0.2,0,0,0.099994,0,0.010001
84,0.25,0,0,0.099994,0,0.010001
84,0.3,0,0,0.099995,0,0.010001
84,0.35,0,0,0.099996,0,0.010001
84,0.4,0,0,0.099997,0,0.010001
84,0.45,0,0,0.099999,0,0.010001
84,0.5,0,0,0.1,0,0.010001
84,0.55,0,0,0.1,0,0.010001
84,0.6,0,0,0.1,0,0.010001
84,0.65,0,0,0.10001,0,0.010001
84,0.7,0,0,0.10001,0,0.01
84,0.75,0,0,0.10002,0,0.01
84,0.8,0,0,0.10002,0,0.01
84,0.85,0,0,0.10003,0,0.01
84,0.9,0,0,0.10003,0,0.01
84,0.95,0,0,0.10005,0,0.01
84,1,0,0,0.10006,0,0.01
85,0,1,0,0.10001,0,0.0099993
85,0.05,1,0,0.10001,0,0.0099993
85,0.1,1,0,0.10001,0,0.0099993
85,0.15,1,0,0.10001,0,0.0099993
85,0.2,1,0,0.10001,0,0.0099993
85,0.25,1,0,0.10001,0,0.0099993
85,0.3,1,0,0.10001,0,0.0099993
85,0.35,1,0,0.1,0,0.0099993
85,0.4,1,0,0.1,0,0.0099994
85,0.45,1,0,0.1,0,0.0099994
85,0.5,1,0,0.1,0,0.0099994
85,0.55,1,0,0.099998,0,0.0099994
85,0.6,1,0,0.099996,0,0.0099994
85,0.65,1,0,0.099992,0,0.0099995
85,0.7,1,0,0.099989,0,0.0099995
85,0.75,1,0,0.099985,0,0.0099995
85,0.8,1,0,0.09998,0,0.0099996
85,0.85,1,0,0.099973,0,0.0099997
85,0.9,1,0,0.099966,0,0.0099997
85,0.95,1,0,0.099953,0,0.0099998
85,1,1,0,0.09994,0,0.0099999
85,0,0,0,0.099993,0,0.010001
85,0.05,0,0,0.099993,0,0.010001
85,0.1,0,0,0.099993,0,0.010001
85,0.15,0,0,0.099993,0,0.010001
85,0.2,0,0,0.099994,0,0.010001
85,0.25,0,0,0.099994,0,0.010001
85,0.3,0,0,0.099995,0,0.010001
85,0.35,0,0,0.099996,0,0.010001
85,0.4,0,0,0.099997,0,0.010001
85,0.45,0,0,0.099999,0,0.010001
85,0.5,0,0,0.1,0,0.010001
85,0.55,0,0,0.1,0,0.010001
85,0.6,0,0,0.1,0,0.010001
85,0.65,0,0,0.10001,0,0.010001
85,0.7,0,0,0.10001,0,0.01
85,0.75,0,0,0.10002,0,0.01
85,0.8,0,0,0.10002,0,0.01
85,0.85,0,0,0.10003,0,0.01
85,0.9,0,0,0.10003,0,0.01
85,0.95,0,0,0.10005,0,0.01
85,1,0,0,0.10006,0,0.01
86,0,1,0,0.10001,0,0.0099993
86,0.05,1,0,0.10001,0,0.0099993
86,0.1,1,0,0.10001,0,0.0099993
86,0.15,1,0,0.10001,0,0.0099993
86,0.2,1,0,0.10001,0,0.0099993
86,0.25,1,0,0.10001,0,0.0099993
86,0.3,1,0,0.10001,0,0.0099993
86,0.35,1,0,0.1,0,0.0099993
86,0.4,1,0,0.1,0,0.0099993
86,0.45,1,0,0.1,0,0.0099994
86,0.5,1,0,0.1,0,0.0099994
86,0.55,1,0,0.099998,0,0.0099994
86,0.6,1,0,0.099996,0,0.0099994
86,0.65,1,0,0.099992,0,0.0099995
86,0.7,1,0,0.099989,0,0.0099995
86,0.75,1,0,0.099984,0,0.0099995
86,0.8,1,0,0.09998,0,0.0099996
86,0.85,1,0,0.099973,0,0.0099997
86,0.9,1,0,0.099966,0,0.0099997
86,0.95,1,0,0.099953,0,0.0099998
86,1,1,0,0.09994,0,0.0099999
86,0,0,0,0.099993,0,0.010001
86,0.05,0,0,0.099993,0,0.010001
86,0.1,0,0,0.099993,0,0.010001
86,0.15,0,0,0.099993,0,0.010001
86,0.2,0,0,0.099994,0,0.010001
86,0.25,0,0,0.099994,0,0.010001
86,0.3,0,0,0.099995,0,0.010001
86,0.35,0,0,0.099996,0,0.010001
86,0.4,0,0,0.099997,0,0.010001
86,0.45,0,0,0.099999,0,0.010001
86,0.5,0,0,0.1,0,0.010001
86,0.55,0,0,0.1,0,0.010001
86,0.6,0,0,0.10001,0,0.010001
86,0.65,0,0,0.10001,0,0.010001
86,0.7,0,0,0.10001,0,0.01
86,0.75,0,0,0.10002,0,0.01
86,0.8,0,0,0.10002,0,0.01
86,0.85,0,0,0.10003,0,0.01
86,0.9,0,0,0.10003,0,0.01
86,0.95,0,0,0.10005,0,0.01
86,1,0,0,0.10006,0,0.01
87,0,1,0,0.10001,0,0.0099993
87,0.05,1,0,0.10001,0,0.0099993
87,0.1,1,0,0.10001,0,0.0099993
87,0.15,1,0,0.10001,0,0.0099993
87,0.2,1,0,0.10001,0,0.0099993
87,0.25,1,0,0.10001,0,0.0099993
87,0.3,1,0,0.10001,0,0.0099993
87,0.35,1,0,0.1,0,0.0099993
87,0.4,1,0,0.1,0,0.0099993
87,0.45,1,0,0.1,0,0.0099994
87,0.5,1,0,0.1,0,0.0099994
87,0.55,1,0,0.099998,0,0.0099994
87,0.6,1,0,0.099995,0,0.0099994
87,0.65,1,0,0.099992,0,0.0099995
87,0.7,1,0,0.099989,0,0.0099995
87,0.75,1,0,0.099984,0,0.0099995
87,0.8,1,0,0.09998,0,0.0099996
87,0.85,1,0,0.099973,0,0.0099997
87,0.9,1,0,0.099966,0,0.0099997
87,0.95,1,0,0.099953,0,0.0099998
87,1,1,0,0.09994,0,0.0099999
87,0,0,0,0.099993,0,0.010001
87,0.05,0,0,0.099993,0,0.010001
87,0.1,0,0,0.099993,0,0.010001
87,0.15,0,0,0.099993,0,0.010001
87,0.2,0,0,0.099994,0,0.010001
87,0.25,0,0,0.099994,0,0.010001
87,0.3,0,0,0.099995,0,0.010001
87,0.35,0,0,0.099996,0,0.010001
87,0.4,0,0,0.099997,0,0.010001
87,0.45,0,0,0.099999,0,0.010001
87,0.5,0,0,0.1,0,0.010001
87,0.55,0,0,0.1,0,0.010001
87,0.6,0,0,0.1,0,0.010001
87,0.65,0,0,0.10001,0,0.010001
87,0.7,0,0,0.10001,0,0.01
87,0.75,0,0,0.10002,0,0.01
87,0.8,0,0,0.10002,0,0.01
87,0.85,0,0,0.10003,0,0.01
87,0.9,0,0,0.10003,0,0.01
87,0.95,0,0,0.10005,0,0.01
87,1,0,0,0.10006,0,0.01
88,0,1,0,0.10001,0,0.0099993
88,0.05,1,0,0.10001,0,0.0099993
88,0.1,1,0,0.10001,0,0.0099993
88,0.15,1,0,0.10001,0,0.0099993
88,0.2,1,0,0.10001,0,0.0099993
88,0.25,1,0,0.10001,0,0.0099993
88,0.3,1,0,0.1,0,0.0099993
88,0.35,1,0,0.1,0,0.0099993
88,0.4,1,0,0.1,0,0.0099994
88,0.45,1,0,0.1,0,0.0099994
88,0.5,1,0,0.1,0,0.0099994
88,0.55,1,0,0.099998,0,0.0099994
88,0.6,1,0,0.099995,0,0.0099994
88,0.65,1,0,0.099992,0,0.0099995
88,0.7,1,0,0.099989,0,0.0099995
88,0.75,1,0,0.099984,0,0.0099995
88,0.8,1,0,0.09998,0,0.0099996
88,0.85,1,0,0.099973,0,0.0099997
88,0.9,1,0,0.099966,0,0.0099997
88,0.95,1,0,0.099953,0,0.0099998
88,1,1,0,0.09994,0,0.0099999
88,0,0,0,0.099993,0,0.010001
88,0.05,0,0,0.099993,0,0.010001
88,0.1,0,0,0.099993,0,0.010001
88,0.15,0,0,0.099993,0,0.010001
88,0.2,0,0,0.099994,0,0.010001
88,0.25,0,0,0.099994,0,0.010001
88,0.3,0,0,0.099995,0,0.010001
88,0.35,0,0,0.099996,0,0.010001
88,0.4,0,0,0.099997,0,0.010001
88,0.45,0,0,0.099998,0,0.010001
88,0.5,0,0,0.1,0,0.010001
88,0.55,0,0,0.1,0,0.010001
88,0.6,0,0,0.1,0,0.010001
88,0.65,0,0,0.10001,0,0.010001
88,0.7,0,0,0.10001,0,0.01
88,0.75,0,0,0.10002,0,0.01
88,0.8,0,0,0.10002,0,0.01
88,0.85,0,0,0.10003,0,0.01
88,0.9,0,0,0.10003,0,0.01
88,0.95,0,0,0.10005,0,0.01
88,1,0,0,0.10006,0,0.01
89,0,1,0,0.10001,0,0.0099993
89,0.05,1,0,0.10001,0,0.0099993
89,0.1,1,0,0.10001,0,0.0099993
89,0.15,1,0,0.10001,0,0.0099993
89,0.2,1,0,0.10001,0,0.0099993
89,0.25,1,0,0.10001,0,0.0099993
89,0.3,1,0,0.10001,0,0.0099993
89,0.35,1,0,0.1,0,0.0099993
89,0.4,1,0,0.1,0,0.0099993
89,0.45,1,0,0.1,0,0.0099994
89,0.5,1,0,0.1,0,0.0099994
89,0.55,1,0,0.099998,0,0.0099994
89,0.6,1,0,0.099995,0,0.0099994
89,0.65,1,0,0.099992,0,0.0099995
89,0.7,1,0,0.099989,0,0.0099995
89,0.75,1,0,0.099984,0,0.0099995
89,0.8,1,0,0.09998,0,0.0099996
89,0.85,1,0,0.099973,0,0.0099997
89,0.9,1,0,0.099966,0,0.0099997
89,0.95,1,0,0.099953,0,0.0099998
89,1,1,0,0.09994,0,0.0099999
89,0,0,0,0.099993,0,0.010001
89,0.05,0,0,0.099993,0,0.010001
89,0.1,0,0,0.099993,0,0.010001
89,0.15,0,0,0.099993,0,0.010001
89,0.2,0,0,0.099994,0,0.010001
89,0.25,0,0,0.099994,0,0.010001
89,0.3,0,0,0.099995,0,0.010001
89,0.35,0,0,0.099996,0,0.010001
89,0.4,0,0,0.099997,0,0.010001
89,0.45,0,0,0.099998,0,0.010001
89,0.5,0,0,0.1,0,0.010001
89,0.55,0,0,0.1,0,0.010001
89,0.6,0,0,0.1,0,0.010001
89,0.65,0,0,0.10001,0,0.010001
89,0.7,0,0,0.10001,0,0.01
89,0.75,0,0,0.10002,0,0.01
89,0.8,0,0,0.10002,0,0.01
89,0.85,0,0,0.10003,0,0.01
89,0.9,0,0,0.10003,0,0.01
89,0.95,0,0,0.10005,0,0.01
89,1,0,0,0.10006,0,0.01
90,0,1,0,0.10001,0,0.0099993
90,0.05,1,0,0.10001,0,0.0099993
90,0.1,1,0,0.10001,0,0.0099993
90,0.15,1,0,0.10001,0,0.0099993
90,0.2,1,0,0.10001,0,0.0099993
90,0.25,1,0,0.10001,0,0.0099993
90,0.3,1,0,0.10001,0,0.0099993
90,0.35,1,0,0.1,0,0.0099993
90,0.4,1,0,0.1,0,0.0099993
90,0.45,1,0,0.1,0,0.0099994
90,0.5,1,0,0.1,0,0.0099994
90,0.55,1,0,0.099998,0,0.0099994
90,0.6,1,0,0.099995,0,0.0099994
90,0.65,1,0,0.099992,0,0.0099995
90,0.7,1,0,0.099989,0,0.0099995
90,0.75,1,0,0.099984,0,0.0099995
90,0.8,1,0,0.09998,0,0.0099996
90,0.85,1,0,0.099973,0,0.0099997
90,0.9,1,0,0.099966,0,0.0099997
90,0.95,1,0,0.099953,0,0.0099998
90,1,1,0,0.09994,0,0.0099999
90,0,0,0,0.099993,0,0.010001
90,0.05,0,0,0.099993,0,0.010001
90,0.1,0,0,0.099993,0,0.010001
90,0.15,0,0,0.099993,0,0.010001
90,0.2,0,0,0.099994,0,0.010001
90,0.25,0,0,0.099994,0,0.010001
90,0.3,0,0,0.099995,0,0.010001
90,0.35,0,0,0.099996,0,0.010001
90,0.4,0,0,0.099997,0,0.010001
90,0.45,0,0,0.099999,0,0.010001
90,0.5,0,0,0.1,0,0.010001
90,0.55,0,0,0.1,0,0.010001
90,0.6,0,0,0.1,0,0.010001
90,0.65,0,0,0.10001,0,0.010001
90,0.7,0,0,0.10001,0,0.01
90,0.75,0,0,0.10002,0,0.01
90,0.8,0,0,0.10002,0,0.01
90,0.85,0,0,0.10003,0,0.01
90,0.9,0,0,0.10003,0,0.01
90,0.95,0,0,0.10005,0,0.01
90,1,0,0,0.10006,0,0.01
91,0,1,0,0.10001,0,0.0099993
91,0.05,1,0,0.10001,0,0.0099993
91,0.1,1,0,0.10001,0,0.0099993
91,0.15,1,0,0.10001,0,0.0099993
91,0.2,1,0,0.10001,0,0.0099993
91,0.25,1,0,0.10001,0,0.0099993
91,0.3,1,0,0.10001,0,0.0099993
91,0.35,1,0,0.1,0,0.0099993
91,0.4,1,0,0.1,0,0.0099994
91,0.45,1,0,0.1,0,0.0099994
91,0.5,1,0,0.1,0,0.0099994
91,0.55,1,0,0.099998,0,0.0099994
91,0.6,1,0,0.099995,0,0.0099994
91,0.65,1,0,0.099992,0,0.0099995
91,0.7,1,0,0.099989,0,0.0099995
91,0.75,1,0,0.099984,0,0.0099995
91,0.8,1,0,0.09998,0,0.0099996
91,0.85,1,0,0.099973,0,0.0099997
91,0.9,1,0,0.099966,0,0.0099997
91,0.95,1,0,0.099953,0,0.0099998
91,1,1,0,0.09994,0,0.0099999
91,0,0,0,0.099993,0,0.010001
91,0.05,0,0,0.099993,0,0.010001
91,0.1,0,0,0.099993,0,0.010001
91,0.15,0,0,0.099993,0,0.010001
91,0.2,0,0,0.099994,0,0.010001
91,0.25,0,0,0.099994,0,0.010001
91,0.3,0,0,0.099995,0,0.010001
91,0.35,0,0,0.099996,0,0.010001
91,0.4,0,0,0.099997,0,0.010001
91,0.45,0,0,0.099999,0,0.010001
91,0.5,0,0,0.1,0,0.010001
91,0.55,0,0,0.1,0,0.010001
91,0.6,0,0,0.1,0,0.010001
91,0.65,0,0,0.10001,0,0.010001
91,0.7,0,0,0.10001,0,0.01
91,0.75,0,0,0.10002,0,0.01
91,0.8,0,0,0.10002,0,0.01
91,0.85,0,0,0.10003,0,0.01
91,0.9,0,0,0.10003,0,0.01
91,0.95,0,0,0.10005,0,0.01
91,1,0,0,0.10006,0,0.01
92,0,1,0,0.10001,0,0.0099993
92,0.05,1,0,0.10001,0,0.0099993
92,0.1,1,0,0.10001,0,0.0099993
92,0.15,1,0,0.10001,0,0.0099993
92,0.2,1,0,0.10001,0,0.0099993
92,0.25,1,0,0.10001,0,0.0099993
92,0.3,1,0,0.10001,0,0.0099993
92,0.35,1,0,0.1,0,0.0099993
92,0.4,1,0,0.1,0,0.0099994
92,0.45,1,0,0.1,0,0.0099994
92,0.5,1,0,0.1,0,0.0099994
92,0.55,1,0,0.099998,0,0.0099994
92,0.6,1,0,0.099995,0,0.0099994
92,0.65,1,0,0.099992,0,0.0099995
92,0.7,1,0,0.099989,0,0.0099995
92,0.75,1,0,0.099984,0,0.0099995
92,0.8,1,0,0.09998,0,0.0099996
92,0.85,1,0,0.099973,0,0.0099997
92,0.9,1,0,0.099966,0,0.0099997
92,0.95,1,0,0.099953,0,0.0099998
92,1,1,0,0.09994,0,0.0099999
92,0,0,0,0.099993,0,0.010001
92,0.05,0,0,0.099993,0,0.010001
92,0.1,0,0,0.099993,0,0.010001
92,0.15,0,0,0.099993,0,0.010001
92,0.2,0,0,0.099994,0,0.010001
92,0.25,0,0,0.099994,0,0.010001
92,0.3,0,0,0.099995,0,0.010001
92,0.35,0,0,0.099996,0,0.010001
92,0.4,0,0,0.099997,0,0.010001
92,0.45,0,0,0.099999,0,0.010001
92,0.5,0,0,0.1,0,0.010001
92,0.55,0,0,0.1,0,0.010001
92,0.6,0,0,0.1,0,0.010001
92,0.65,0,0,0.10001,0,0.010001
92,0.7,0,0,0.10001,0,0.01
92,0.75,0,0,0.10002,0,0.01
92,0.8,0,0,0.10002,0,0.01
92,0.85,0,0,0.10003,0,0.01
92,0.9,0,0,0.10003,0,0.01
92,0.95,0,0,0.10005,0,0.01
92,1,0,0,0.10006,0,0.01
93,0,1,0,0.10001,0,0.0099993
93,0.05,1,0,0.10001,0,0.0099993
93,0.1,1,0,0.10001,0,0.0099993
93,0.15,1,0,0.10001,0,0.0099993
93,0.2,1,0,0.10001,0,0.0099993
93,0.25,1,0,0.10001,0,0.0099993
93,0.3,1,0,0.10001,0,0.0099993
93,0.35,1,0,0.1,0,0.0099993
93,0.4,1,0,0.1,0,0.0099993
93,0.45,1,0,0.1,0,0.0099994
93,0.5,1,0,0.1,0,0.0099994
93,0.55,1,0,0.099998,0,0.0099994
93,0.6,1,0,0.099995,0,0.0099994
93,0.65,1,0,0.099992,0,0.0099995
93,0.7,1,0,0.099989,0,0.0099995
93,0.75,1,0,0.099984,0,0.0099995
93,0.8,1,0,0.09998,0,0.0099996
93,0.85,1,0,0.099973,0,0.0099997
93,0.9,1,0,0.099966,0,0.0099997
93,0.95,1,0,0.099953,0,0.0099998
93,1,1,0,0.09994,0,0.0099999
93,0,0,0,0.099993,0,0.010001
93,0.05,0,0,0.099993,0,0.010001
93,0.1,0,0,0.099993,0,0.010001
93,0.15,0,0,0.099993,0,0.010001
93,0.2,0,0,0.099994,0,0.010001
93,0.25,0,0,0.099994,0,0.010001
93,0.3,0,0,0.099995,0,0.010001
93,0.35,0,0,0.099996,0,0.010001
93,0.4,0,0,0.099997,0,0.010001
93,0.45,0,0,0.099999,0,0.010001
93,0.5,0,0,0.1,0,0.010001
93,0.55,0,0,0.1,0,0.010001
93,0.6,0,0,0.1,0,0.010001
93,0.65,0,0,0.10001,0,0.010001
93,0.7,0,0,0.10001,0,0.01
93,0.75,0,0,0.10002,0,0.01
93,0.8,0,0,0.10002,0,0.01
93,0.85,0,0,0.10003,0,0.01
93,0.9,0,0,0.10003,0,0.01
93,0.95,0,0,0.10005,0,0.01
93,1,0,0,0.10006,0,0.01
94,0,1,0,0.10001,0,0.0099993
94,0.05,1,0,0.10001,0,0.0099993
94,0.1,1,0,0.10001,0,0.0099993
94,0.15,1,0,0.10001,0,0.0099993
94,0.2,1,0,0.10001,0,0.0099993
94,0.25,1,0,0.10001,0,0.0099993
94,0.3,1,0,0.10001,0,0.0099993
94,0.35,1,0,0.1,0,0.0099993
94,0.4,1,0,0.1,0,0.0099994
94,0.45,1,0,0.1,0,0.0099994
94,0.5,1,0,0.1,0,0.0099994
94,0.55,1,0,0.099998,0,0.0099994
94,0.6,1,0,0.099995,0,0.0099994
94,0.65,1,0,0.099992,0,0.0099995
94,0.7,1,0,0.099989,0,0.0099995
94,0.75,1,0,0.099985,0,0.0099995
94,0.8,1,0,0.09998,0,0.0099996
94,0.85,1,0,0.099973,0,0.0099997
94,0.9,1,0,0.099966,0,0.0099997
94,0.95,1,0,0.099953,0,0.0099998
94,1,1,0,0.09994,0,0.0099999
94,0,0,0,0.099993,0,0.010001
94,0.05,0,0,0.099993,0,0.010001
94,0.1,0,0,0.099993,0,0.010001
94,0.15,0,0,0.099993,0,0.010001
94,0.2,0,0,0.099994,0,0.010001
94,0.25,0,0,0.099994,0,0.010001
94,0.3,0,0,0.099995,0,0.010001
94,0.35,0,0,0.099996,0,0.010001
94,0.4,0,0,0.099997,0,0.010001
94,0.45,0,0,0.099999,0,0.010001
94,0.5,0,0,0.1,0,0.010001
94,0.55,0,0,0.1,0,0.010001
94,0.6,0,0,0.1,0,0.010001
94,0.65,0,0,0.10001,0,0.010001
94,0.7,0,0,0.10001,0,0.01
94,0.75,0,0,0.10002,0,0.01
94,0.8,0,0,0.10002,0,0.01
94,0.85,0,0,0.10003,0,0.01
94,0.9,0,0,0.10003,0,0.01
94,0.95,0,0,0.10005,0,0.01
94,1,0,0,0.10006,0,0.01
95,0,1,0,0.10001,0,0.0099993
95,0.05,1,0,0.10001,0,0.0099993
95,0.1,1,0,0.10001,0,0.0099993
95,0.15,1,0,0.10001,0,0.0099993
95,0.2,1,0,0.10001,0,0.0099993
95,0.25,1,0,0.10001,0,0.0099993
95,0.3,1,0,0.10001,0,0.0099993
95,0.35,1,0,0.1,0,0.0099993
95,0.4,1,0,0.1,0,0.0099994
95,0.45,1,0,0.1,0,0.0099994
95,0.5,1,0,0.1,0,0.0099994
95,0.55,1,0,0.099998,0,0.0099994
95,0.6,1,0,0.099996,0,0.0099994
95,0.65,1,0,0.099992,0,0.0099995
95,0.7,1,0,0.099989,0,0.0099995
95,0.75,1,0,0.099985,0,0.0099995
95,0.8,1,0,0.09998,0,0.0099996
95,0.85,1,0,0.099973,0,0.0099997
95,0.9,1,0,0.099966,0,0.0099997
95,0.95,1,0,0.099953,0,0.0099998
95,1,1,0,0.09994,0,0.0099999
95,0,0,0,0.099993,0,0.010001
95,0.05,0,0,0.099993,0,0.010001
95,0.1,0,0,0.099993,0,0.010001
95,0.15,0,0,0.099993,0,0.010001
95,0.2,0,0,0.099994,0,0.010001
95,0.25,0,0,0.099994,0,0.010001
95,0.3,0,0,0.099995,0,0.010001
95,0.35,0,0,0.099996,0,0.010001
95,0.4,0,0,0.099997,0,0.010001
95,0.45,0,0,0.099999,0,0.010001
95,0.5,0,0,0.1,0,0.010001
95,0.55,0,0,0.1,0,0.010001
95,0.6,0,0,0.10001,0,0.010001
95,0.65,0,0,0.10001,0,0.010001
95,0.7,0,0,0.10001,0,0.01
95,0.75,0,0,0.10002,0,0.01
95,0.8,0,0,0.10002,0,0.01
95,0.85,0,0,0.10003,0,0.01
95,0.9,0,0,0.10003,0,0.01
95,0.95,0,0,0.10005,0,0.01
95,1,0,0,0.10006,0,0.01
96,0,1,0,0.10001,0,0.0099993
96,0.05,1,0,0.10001,0,0.0099993
96,0.1,1,0,0.10001,0,0.0099993
96,0.15,1,0,0.10001,0,0.0099993
96,0.2,1,0,0.10001,0,0.0099993
96,0.25,1,0,0.10001,0,0.0099993
96,0.3,1,0,0.10001,0,0.0099993
96,0.35,1,0,0.1,0,0.0099993
96,0.4,1,0,0.1,0,0.0099993
96,0.45,1,0,0.1,0,0.0099994
96,0.5,1,0,0.1,0,0.0099994
96,0.55,1,0,0.099998,0,0.0099994
96,0.6,1,0,0.099996,0,0.0099994
96,0.65,1,0,0.099992,0,0.0099995
96,0.7,1,0,0.099989,0,0.0099995
96,0.75,1,0,0.099984,0,0.0099995
96,0.8,1,0,0.09998,0,0.0099996
96,0.85,1,0,0.099973,0,0.0099997
96,0.9,1,0,0.099966,0,0.0099997
96,0.95,1,0,0.099953,0,0.0099998
96,1,1,0,0.09994,0,0.0099999
96,0,0,0,0.099993,0,0.010001
96,0.05,0,0,0.099993,0,0.010001
96,0.1,0,0,0.099993,0,0.010001
96,0.15,0,0,0.099993,0,0.010001
96,0.2,0,0,0.099994,0,0.010001
96,0.25,0,0,0.099994,0,0.010001
96,0.3,0,0,0.099995,0,0.010001
96,0.35,0,0,0.099996,0,0.010001
96,0.4,0,0,0.099997,0,0.010001
96,0.45,0,0,0.099999,0,0.010001
96,0.5,0,0,0.1,0,0.010001
96,0.55,0,0,0.1,0,0.010001
96,0.6,0,0,0.10001,0,0.010001
96,0.65,0,0,0.10001,0,0.010001
96,0.7,0,0,0.10001,0,0.01
96,0.75,0,0,0.10002,0,0.01
96,0.8,0,0,0.10002,0,0.01
96,0.85,0,0,0.10003,0,0.01
96,0.9,0,0,0.10003,0,0.01
96,0.95,0,0,0.10005,0,0.01
96,1,0,0,0.10006,0,0.01
97,0,1,0,0.10001,0,0.0099993
97,0.05,1,0,0.10001,0,0.0099993
97,0.1,1,0,0.10001,0,0.0099993
97,0.15,1,0,0.10001,0,0.0099993
97,0.2,1,0,0.10001,0,0.0099993
97,0.25,1,0,0.10001,0,0.0099993
97,0.3,1,0,0.10001,0,0.0099993
97,0.35,1,0,0.1,0,0.0099993
97,0.4,1,0,0.1,0,0.0099993
97,0.45,1,0,0.1,0,0.0099994
97,0.5,1,0,0.1,0,0.0099994
97,0.55,1,0,0.099998,0,0.0099994
97,0.6,1,0,0.099995,0,0.0099994
97,0.65,1,0,0.099992,0,0.0099995
97,0.7,1,0,0.099989,0,0.0099995
97,0.75,1,0,0.099985,0,0.0099995
97,0.8,1,0,0.09998,0,0.0099996
97,0.85,1,0,0.099973,0,0.0099997
97,0.9,1,0,0.099966,0,0.0099997
97,0.95,1,0,0.099953,0,0.0099998
97,1,1,0,0.09994,0,0.0099999
97,0,0,0,0.099993,0,0.010001
97,0.05,0,0,0.099993,0,0.010001
97,0.1,0,0,0.099993,0,0.010001
97,0.15,0,0,0.099993,0,0.010001
97,0.2,0,0,0.099994,0,0.010001
97,0.25,0,0,0.099994,0,0.010001
97,0.3,0,0,0.099995,0,0.010001
97,0.35,0,0,0.099996,0,0.010001
97,0.4,0,0,0.099997,0,0.010001
97,0.45,0,0,0.099999,0,0.010001
97,0.5,0,0,0.1,0,0.010001
97,0.55,0,0,0.1,0,0.010001
97,0.6,0,0,0.1,0,0.010001
97,0.65,0,0,0.10001,0,0.010001
97,0.7,0,0,0.10001,0,0.01
97,0.75,0,0,0.10002,0,0.01
97,0.8,0,0,0.10002,0,0.01
97,0.85,0,0,0.10003,0,0.01
97,0.9,0,0,0.10003,0,0.01
97,0.95,0,0,0.10005,0,0.01
97,1,0,0,0.10006,0,0.01
98,0,1,0,0.10001,0,0.0099993
98,0.05,1,0,0.10001,0,0.0099993
98,0.1,1,0,0.10001,0,0.0099993
98,0.15,1,0,0.10001,0,0.0099993
98,0.2,1,0,0.10001,0,0.0099993
98,0.25,1,0,0.10001,0,0.0099993
98,0.3,1,0,0.10001,0,0.0099993
98,0.35,1,0,0.1,0,0.0099993
98,0.4,1,0,0.1,0,0.0099994
98,0.45,1,0,0.1,0,0.0099994
98,0.5,1,0,0.1,0,0.0099994
98,0.55,1,0,0.099998,0,0.0099994
98,0.6,1,0,0.099995,0,0.0099994
98,0.65,1,0,0.099992,0,0.0099995
98,0.7,1,0,0.099989,0,0.0099995
98,0.75,1,0,0.099985,0,0.0099995
98,0.8,1,0,0.09998,0,0.0099996
98,0.85,1,0,0.099973,0,0.0099997
98,0.9,1,0,0.099966,0,0.0099997
98,0.95,1,0,0.099953,0,0.0099998
98,1,1,0,0.09994,0,0.0099999
98,0,0,0,0.099993,0,0.010001
98,0.05,0,0,0.099993,0,0.010001
98,0.1,0,0,0.099993,0,0.010001
98,0.15,0,0,0.099993,0,0.010001
98,0.2,0,0,0.099994,0,0.010001
98,0.25,0,0,0.099994,0,0.010001
98,0.3,0,0,0.099995,0,0.010001
98,0.35,0,0,0.099996,0,0.010001
98,0.4,0,0,0.099997,0,0.010001
98,0.45,0,0,0.099999,0,0.010001
98,0.5,0,0,0.1,0,0.010001
98,0.55,0,0,0.1,0,0.010001
98,0.6,0,0,0.1,0,0.010001
98,0.65,0,0,0.10001,0,0.010001
98,0.7,0,0,0.10001,0,0.01
98,0.75,0,0,0.10002,0,0.01
98,0.8,0,0,0.10002,0,0.01
98,0.85,0,0,0.10003,0,0.01
98,0.9,0,0,0.10003,0,0.01
98,0.95,0,0,0.10005,0,0.01
98,1,0,0,0.10006,0,0.01
99,0,1,0,0.10001,0,0.0099993
99,0.05,1,0,0.10001,0,0.0099993
99,0.1,1,0,0.10001,0,0.0099993
99,0.15,1,0,0.10001,0,0.0099993
99,0.2,1,0,0.10001,0,0.0099993
99,0.25,1,0,0.10001,0,0.0099993
99,0.3,1,0,0.10001,0,0.0099993
99,0.35,1,0,0.1,0,0.0099993
99,0.4,1,0,0.1,0,0.0099993
99,0.45,1,0,0.1,0,0.0099994
99,0.5,1,0,0.1,0,0.0099994
99,0.55,1,0,0.099998,0,0.0099994
99,0.6,1,0,0.099996,0,0.0099994
99,0.65,1,0,0.099992,0,0.0099995
99,0.7,1,0,0.099989,0,0.0099995
99,0.75,1,0,0.099984,0,0.0099995
99,0.8,1,0,0.09998,0,0.0099996
99,0.85,1,0,0.099973,0,0.0099997
99,0.9,1,0,0.099966,0,0.0099997
99,0.95,1,0,0.099953,0,0.0099998
99,1,1,0,0.09994,0,0.0099999
99,0,0,0,0.099993,0,0.010001
99,0.05,0,0,0.099993,0,0.010001
99,0.1,0,0,0.099993,0,0.010001
99,0.15,0,0,0.099993,0,0.010001
99,0.2,0,0,0.099994,0,0.010001
99,0.25,0,0,0.099994,0,0.010001
99,0.3,0,0,0.099995,0,0.010001
99,0.35,0,0,0.099996,0,0.010001
99,0.4,0,0,0.099997,0,0.010001
99,0.45,0,0,0.099999,0,0.010001
99,0.5,0,0,0.1,0,0.010001
99,0.55,0,0,0.1,0,0.010001
99,0.6,0,0,0.1,0,0.010001
99,0.65,0,0,0.10001,0,0.010001
99,0.7,0,0,0.10001,0,0.01
99,0.75,0,0,0.10002,0,0.01
99,0.8,0,0,0.10002,0,0.01
99,0.85,0,0,0.10003,0,0.01
99,0.9,0,0,0.10003,0,0.01
99,0.95,0,0,0.10005,0,0.01
99,1,0,0,0.10006,0,0.01
100,0,1,0,0.10001,0,0.0099993
100,0.05,1,0,0.10001,0,0.0099993
100,0.1,1,0,0.10001,0,0.0099993
100,0.15,1,0,0.10001,0,0.0099993
100,0.2,1,0,0.10001,0,0.0099993
100,0.25,1,0,0.10001,0,0.0099993
100,0.3,1,0,0.10001,0,0.0099993
100,0.35,1,0,0.1,0,0.0099993
100,0.4,1,0,0.1,0,0.0099993
100,0.45,1,0,0.1,0,0.0099994
100,0.5,1,0,0.1,0,0.0099994
100,0.55,1,0,0.099998,0,0.0099994
100,0.6,1,0,0.099995,0,0.0099994
100,0.65,1,0,0.099992,0,0.0099995
100,0.7,1,0,0.099989,0,0.0099995
100,0.75,1,0,0.099984,0,0.0099995
100,0.8,1,0,0.09998,0,0.0099996
100,0.85,1,0,0.099973,0,0.0099997
100,0.9,1,0,0.099966,0,0.0099997
100,0.95,1,0,0.099953,0,0.0099998
100,1,1,0,0.09994,0,0.0099999
100,0,0,0,0.099993,0,0.010001
100,0.05,0,0,0.099993,0,0.010001
100,0.1,0,0,0.099993,0,0.010001
100,0.15,0,0,0.099993,0,0.010001
100,0.2,0,0,0.099994,0,0.010001
100,0.25,0,0,0.099994,0,0.010001
100,0.3,0,0,0.099995,0,0.010001
100,0.35,0,0,0.099996,0,0.010001
100,0.4,0,0,0.099997,0,0.010001
100,0.45,0,0,0.099999,0,0.010001
100,0.5,0,0,0.1,0,0.010001
100,0.55,0,0,0.1,0,0.010001
100,0.6,0,0,0.1,0,0.010001
100,0.65,0,0,0.10001,0,0.010001
100,0.7,0,0,0.10001,0,0.01
100,0.75,0,0,0.10002,0,0.01
100,0.8,0,0,0.10002,0,0.01
100,0.85,0,0,0.10003,0,0.01
100,0.9,0,0,0.10003,0,0.01
100,0.95,0,0,0.10005,0,0.01
100,1,0,0,0.10006,0,0.01