Time,x,y,Ux,Uy,p,,
0.1,0,0,0,0,9.78E-09,,
0.1,0.05,0,0,0,6.73E-05,,
0.1,0.1,0,0,0,0.00056153,,
0.1,0.15,0,0,0,0.0017469,,
0.1,0.2,0,0,0,0.0035651,,
0.1,0.25,0,0,0,0.0059552,,
0.1,0.3,0,0,0,0.0088481,,
0.1,0.35,0,0,0,0.012162,,
0.1,0.4,0,0,0,0.015804,,
0.1,0.45,0,0,0,0.019673,,
0.1,0.5,0,0,0,0.023663,,
0.1,0.55,0,0,0,0.027664,,
0.1,0.6,0,0,0,0.031563,,
0.1,0.65,0,0,0,0.035253,,
0.1,0.7,0,0,0,0.038626,,
0.1,0.75,0,0,0,0.041584,,
0.1,0.8,0,0,0,0.044039,,
0.1,0.85,0,0,0,0.045915,,
0.1,0.9,0,0,0,0.047145,,
0.1,0.95,0,0,0,0.047665,,
0.1,1,0,0,0,0.047741,,
0.1,0,0.05,0,0,-6.87E-05,,
0.1,0.05,0.05,-0.0010243,0.0010046,-2.76E-06,,
0.1,0.1,0.05,-0.0022637,0.0011724,0.00049298,,
0.1,0.15,0.05,-0.0035751,0.0011285,0.0016839,,
0.1,0.2,0.05,-0.004794,0.0010287,0.0035077,,
0.1,0.25,0.05,-0.0058804,0.00089993,0.0059039,,
0.1,0.3,0.05,-0.0068084,0.00074861,0.0088041,,
0.1,0.35,0.05,-0.0075555,0.00057923,0.012126,,
0.1,0.4,0.05,-0.0081039,0.00039622,0.015778,,
0.1,0.45,0.05,-0.0084411,0.00020397,0.019658,,
0.1,0.5,0.05,-0.0085592,6.77E-06,0.023659,,
0.1,0.55,0.05,-0.008455,-0.0001911,0.027671,,
0.1,0.6,0.05,-0.0081304,-0.00038531,0.031582,,
0.1,0.65,0.05,-0.0075918,-0.00057138,0.035282,,
0.1,0.7,0.05,-0.0068509,-0.00074465,0.038666,,
0.1,0.75,0.05,-0.0059245,-0.00090032,0.041634,,
0.1,0.8,0.05,-0.0048352,-0.0010335,0.044096,,
0.1,0.85,0.05,-0.0036087,-0.0011372,0.045979,,
0.1,0.9,0.05,-0.0022862,-0.0011843,0.047216,,
0.1,0.95,0.05,-0.0010345,-0.0010163,0.047738,,
0.1,1,0.05,0,0,0.047813,,
0.1,0,0.1,0,0,-0.00057107,,
0.1,0.05,0.1,-0.001268,0.0022775,-0.0005082,,
0.1,0.1,0.1,-0.0027843,0.0026375,-4.84E-06,,
0.1,0.15,0.1,-0.0043789,0.002536,0.0012138,,
0.1,0.2,0.1,-0.0058586,0.0023113,0.0030771,,
0.1,0.25,0.1,-0.0071763,0.0020211,0.0055234,,
0.1,0.3,0.1,-0.0083007,0.0016804,0.0084837,,
0.1,0.35,0.1,-0.0092048,0.0012994,0.011874,,
0.1,0.4,0.1,-0.0098679,0.00088831,0.015601,,
0.1,0.45,0.1,-0.010275,0.00045681,0.019561,,
0.1,0.5,0.1,-0.010418,1.44E-05,0.023645,,
0.1,0.55,0.1,-0.010292,-0.00042939,0.027741,,
0.1,0.6,0.1,-0.0098992,-0.0008651,0.031735,,
0.1,0.65,0.1,-0.0092478,-0.0012828,0.035516,,
0.1,0.7,0.1,-0.0083508,-0.0016721,0.038974,,
0.1,0.75,0.1,-0.0072285,-0.0020223,0.042008,,
0.1,0.8,0.1,-0.0059072,-0.0023218,0.044528,,
0.1,0.85,0.1,-0.0044185,-0.0025549,0.046456,,
0.1,0.9,0.1,-0.0028109,-0.0026623,0.047724,,
0.1,0.95,0.1,-0.0012803,-0.0023012,0.048255,,
0.1,1,0.1,0,0,0.048327,,
0.1,0,0.15,0,0,-0.0017972,,
0.1,0.05,0.15,-0.0013695,0.0037433,-0.0017356,,
0.1,0.1,0.15,-0.0030077,0.0043154,-0.0012111,,
0.1,0.15,0.15,-0.0047277,0.004145,7.02E-05,,
0.1,0.2,0.15,-0.0063201,0.0037755,0.0020293,,
0.1,0.25,0.15,-0.0077351,0.0032992,0.0045999,,
0.1,0.3,0.15,-0.0089401,0.0027411,0.0077087,,
0.1,0.35,0.15,-0.0099075,0.0021183,0.011268,,
0.1,0.4,0.15,-0.010616,0.0014474,0.015179,,
0.1,0.45,0.15,-0.011051,0.00074416,0.019333,,
0.1,0.5,0.15,-0.011204,2.36E-05,0.023618,,
0.1,0.55,0.15,-0.011071,-0.00069922,0.027917,,
0.1,0.6,0.15,-0.010654,-0.0014094,0.032112,,
0.1,0.65,0.15,-0.0099595,-0.002091,0.036086,,
0.1,0.7,0.15,-0.0090011,-0.0027275,0.039725,,
0.1,0.75,0.15,-0.0077986,-0.0033011,0.042921,,
0.1,0.8,0.15,-0.0063795,-0.0037928,0.045578,,
0.1,0.85,0.15,-0.0047765,-0.0041761,0.047613,,
0.1,0.9,0.15,-0.0030409,-0.0043557,0.048951,,
0.1,0.95,0.15,-0.0013854,-0.0037819,0.049507,,
0.1,1,0.15,0,0,0.049578,,
0.1,0,0.2,0,0,-0.0037566,,
0.1,0.05,0.2,-0.0014862,0.0053179,-0.0036922,,
0.1,0.1,0.2,-0.0032642,0.0061165,-0.0031286,,
0.1,0.15,0.2,-0.005128,0.0058684,-0.0017464,,
0.1,0.2,0.2,-0.0068488,0.0053397,0.00036615,,
0.1,0.25,0.2,-0.008373,0.0046613,0.0031355,,
0.1,0.3,0.2,-0.0096671,0.0038688,0.0064815,,
0.1,0.35,0.2,-0.010703,0.0029874,0.010309,,
0.1,0.4,0.2,-0.011461,0.0020404,0.014511,,
0.1,0.45,0.2,-0.011926,0.0010495,0.018974,,
0.1,0.5,0.2,-0.012091,3.51E-05,0.023577,,
0.1,0.55,0.2,-0.011952,-0.00098263,0.028197,,
0.1,0.6,0.2,-0.011509,-0.0019836,0.03271,,
0.1,0.65,0.2,-0.01077,-0.0029465,0.036989,,
0.1,0.7,0.2,-0.0097455,-0.0038482,0.040914,,
0.1,0.75,0.2,-0.0084551,-0.0046637,0.044368,,
0.1,0.8,0.2,-0.0069259,-0.0053653,0.047244,,
0.1,0.85,0.2,-0.0051916,-0.0059145,0.04945,,
0.1,0.9,0.2,-0.0033077,-0.0061764,0.050902,,
0.1,0.95,0.2,-0.0015072,-0.0053756,0.051504,,
0.1,1,0.2,0,0,0.05158,,
0.1,0,0.25,0,0,-0.0064999,,
0.1,0.05,0.25,-0.0016451,0.0070402,-0.0064293,,
0.1,0.1,0.25,-0.003611,0.0080843,-0.0058075,,
0.1,0.15,0.25,-0.0056668,0.0077462,-0.0042817,,
0.1,0.2,0.25,-0.0075575,0.0070381,-0.0019523,,
0.1,0.25,0.25,-0.0092246,0.0061345,0.0010966,,
0.1,0.3,0.25,-0.010634,0.0050843,0.0047744,,
0.1,0.35,0.25,-0.011758,0.0039216,0.0089753,,
0.1,0.4,0.25,-0.012577,0.002677,0.013583,,
0.1,0.45,0.25,-0.013081,0.001378,0.018473,,
0.1,0.5,0.25,-0.013261,5.00E-05,0.023517,,
0.1,0.55,0.25,-0.013114,-0.0012828,0.028582,,
0.1,0.6,0.25,-0.012641,-0.0025958,0.033535,,
0.1,0.65,0.25,-0.011846,-0.0038628,0.038241,,
0.1,0.7,0.25,-0.010738,-0.0050542,0.042565,,
0.1,0.75,0.25,-0.0093341,-0.0061371,0.046381,,
0.1,0.8,0.25,-0.0076608,-0.0070741,0.049566,,
0.1,0.85,0.25,-0.0057525,-0.007812,0.052016,,
0.1,0.9,0.25,-0.0036698,-0.0081703,0.053632,,
0.1,0.95,0.25,-0.0016735,-0.0071236,0.054303,,
0.1,1,0.25,0,0,0.054387,,
0.1,0,0.3,0,0,-0.01011,,
0.1,0.05,0.3,-0.0018558,0.0089639,-0.01003,,
0.1,0.1,0.3,-0.0040686,0.010277,-0.0093284,,
0.1,0.15,0.3,-0.006374,0.0098307,-0.0076096,,
0.1,0.2,0.3,-0.0084827,0.008914,-0.004991,,
0.1,0.25,0.3,-0.01033,0.0077529,-0.0015716,,
0.1,0.3,0.3,-0.011882,0.0064128,0.0025433,,
0.1,0.35,0.3,-0.013113,0.0049385,0.0072337,,
0.1,0.4,0.3,-0.014007,0.0033685,0.01237,,
0.1,0.45,0.3,-0.014556,0.0017358,0.017816,,
0.1,0.5,0.3,-0.014754,6.96E-05,0.023432,,
0.1,0.55,0.3,-0.0146,-0.0016031,0.029076,,
0.1,0.6,0.3,-0.014091,-0.0032548,0.034603,,
0.1,0.65,0.3,-0.01323,-0.0048554,0.039866,,
0.1,0.7,0.3,-0.012022,-0.0063693,0.044717,,
0.1,0.75,0.3,-0.010479,-0.0077551,0.049011,,
0.1,0.8,0.3,-0.0086237,-0.0089634,0.05261,,
0.1,0.85,0.3,-0.0064917,-0.0099227,0.055388,,
0.1,0.9,0.3,-0.0041497,-0.010399,0.057226,,
0.1,0.95,0.3,-0.001895,-0.0090824,0.057993,,
0.1,1,0.3,0,0,0.058091,,
0.1,0,0.35,0,0,-0.014698,,
0.1,0.05,0.35,-0.0021293,0.01115,-0.014605,,
0.1,0.1,0.35,-0.0046598,0.012762,-0.013798,,
0.1,0.15,0.35,-0.007282,0.012178,-0.011827,,
0.1,0.2,0.35,-0.0096619,0.011012,-0.0088335,,
0.1,0.25,0.35,-0.011728,0.0095488,-0.0049384,,
0.1,0.3,0.35,-0.013448,0.0078766,-0.00026692,,
0.1,0.35,0.35,-0.014802,0.0060526,0.005042,,
0.1,0.4,0.35,-0.01578,0.0041237,0.010842,,
0.1,0.45,0.35,-0.01638,0.0021277,0.016984,,
0.1,0.5,0.35,-0.0166,9.56E-05,0.023315,,
0.1,0.55,0.35,-0.016439,-0.0019451,0.029682,,
0.1,0.6,0.35,-0.015893,-0.0039664,0.035928,,
0.1,0.65,0.35,-0.01496,-0.0059361,0.041894,,
0.1,0.7,0.35,-0.013638,-0.0078139,0.047414,,
0.1,0.75,0.35,-0.011931,-0.0095492,0.052323,,
0.1,0.8,0.35,-0.0098561,-0.011078,0.056458,,
0.1,0.85,0.35,-0.0074455,-0.012306,0.059665,,
0.1,0.9,0.35,-0.0047732,-0.012932,0.061798,,
0.1,0.95,0.35,-0.0021843,-0.011318,0.062695,,
0.1,1,0.35,0,0,0.062812,,
0.1,0,0.4,0,0,-0.02041,,
0.1,0.05,0.4,-0.0024821,0.013675,-0.020299,,
0.1,0.1,0.4,-0.0054175,0.015616,-0.019353,,
0.1,0.15,0.4,-0.0084358,0.014854,-0.017056,,
0.1,0.2,0.4,-0.011145,0.013378,-0.013584,,
0.1,0.25,0.4,-0.013468,0.011553,-0.0090886,,
0.1,0.3,0.4,-0.015378,0.0094942,-0.0037224,,
0.1,0.35,0.4,-0.016865,0.0072739,0.0023508,,
0.1,0.4,0.4,-0.017932,0.0049478,0.0089647,,
0.1,0.45,0.4,-0.018584,0.0025566,0.015954,,
0.1,0.5,0.4,-0.018827,0.00013008,0.023154,,
0.1,0.55,0.4,-0.018662,-0.0023075,0.030401,,
0.1,0.6,0.4,-0.018082,-0.0047315,0.037527,,
0.1,0.65,0.4,-0.017078,-0.0071112,0.044357,,
0.1,0.7,0.4,-0.015635,-0.0094035,0.050709,,
0.1,0.75,0.4,-0.013746,-0.011549,0.056393,,
0.1,0.8,0.4,-0.011415,-0.013466,0.061212,,
0.1,0.85,0.4,-0.0086652,-0.015029,0.064977,,
0.1,0.9,0.4,-0.0055781,-0.015853,0.067498,,
0.1,0.95,0.4,-0.0025604,-0.013911,0.068568,,
0.1,1,0.4,0,0,0.068713,,
0.1,0,0.45,0,0,-0.027435,,
0.1,0.05,0.45,-0.0029394,0.016633,-0.027299,,
0.1,0.1,0.45,-0.0063908,0.018935,-0.02617,,
0.1,0.15,0.45,-0.0099003,0.01793,-0.023451,,
0.1,0.2,0.45,-0.013002,0.016061,-0.01937,,
0.1,0.25,0.45,-0.015616,0.013793,-0.014122,,
0.1,0.3,0.45,-0.017728,0.011277,-0.0078989,,
0.1,0.35,0.45,-0.019349,0.0086048,-0.00089534,,
0.1,0.4,0.45,-0.020498,0.00584,0.0066985,,
0.1,0.45,0.45,-0.021198,0.0030223,0.014701,,
0.1,0.5,0.45,-0.021464,0.00017556,0.022936,,
0.1,0.55,0.45,-0.0213,-0.0026851,0.031232,,
0.1,0.6,0.45,-0.020697,-0.0055442,0.03941,,
0.1,0.65,0.45,-0.019632,-0.0083779,0.047287,,
0.1,0.7,0.45,-0.018076,-0.011145,0.054659,,
0.1,0.75,0.45,-0.015997,-0.013777,0.061307,,
0.1,0.8,0.45,-0.013378,-0.016174,0.066996,,
0.1,0.85,0.45,-0.010225,-0.018168,0.071484,,
0.1,0.9,0.45,-0.0066214,-0.019267,0.074517,,
0.1,0.95,0.45,-0.0030528,-0.016967,0.075822,,
0.1,1,0.45,0,0,0.076007,,
0.1,0,0.5,0,0,-0.036021,,
0.1,0.05,0.5,-0.0035415,0.020152,-0.035848,,
0.1,0.1,0.5,-0.0076555,0.022843,-0.034473,,
0.1,0.15,0.5,-0.011772,0.021492,-0.031203,,
0.1,0.2,0.5,-0.01533,0.019107,-0.026342,,
0.1,0.25,0.5,-0.018257,0.016284,-0.020152,,
0.1,0.3,0.5,-0.020567,0.013222,-0.012878,,
0.1,0.35,0.5,-0.022302,0.010035,-0.004754,,
0.1,0.4,0.5,-0.023514,0.0067893,0.0040035,,
0.1,0.45,0.5,-0.024248,0.0035194,0.013197,,
0.1,0.5,0.5,-0.024534,0.00023485,0.022643,,
0.1,0.55,0.5,-0.024382,-0.0030664,0.032165,,
0.1,0.6,0.5,-0.023775,-0.006387,0.041585,,
0.1,0.65,0.5,-0.022678,-0.0097182,0.050708,,
0.1,0.7,0.5,-0.021035,-0.013027,0.059317,,
0.1,0.75,0.5,-0.01878,-0.016245,0.06716,,
0.1,0.8,0.5,-0.015857,-0.019247,0.073953,,
0.1,0.85,0.5,-0.012237,-0.021814,0.079381,,
0.1,0.9,0.5,-0.0079919,-0.023307,0.0831,,
0.1,0.95,0.5,-0.0037092,-0.020628,0.084732,,
0.1,1,0.5,0,0,0.084977,,
0.1,0,0.55,0,0,-0.046498,,
0.1,0.05,0.55,-0.0043549,0.024409,-0.046269,,
0.1,0.1,0.55,-0.0093314,0.027495,-0.044552,,
0.1,0.15,0.55,-0.014194,0.025634,-0.040546,,
0.1,0.2,0.55,-0.018268,0.022552,-0.034676,,
0.1,0.25,0.55,-0.021506,0.019022,-0.027303,,
0.1,0.3,0.55,-0.023978,0.015303,-0.018743,,
0.1,0.35,0.55,-0.025781,0.011531,-0.0092792,,
0.1,0.4,0.55,-0.027013,0.0077694,0.00084334,,
0.1,0.45,0.55,-0.027752,0.0040343,0.011415,,
0.1,0.5,0.55,-0.02805,0.00031082,0.022252,,
0.1,0.55,0.55,-0.027922,-0.0034317,0.033185,,
0.1,0.6,0.55,-0.027349,-0.0072256,0.044042,,
0.1,0.65,0.55,-0.026273,-0.01109,0.05463,,
0.1,0.7,0.55,-0.024602,-0.015014,0.064724,,
0.1,0.75,0.55,-0.022222,-0.018936,0.074042,,
0.1,0.8,0.55,-0.01901,-0.022714,0.082239,,
0.1,0.85,0.55,-0.014868,-0.026062,0.088909,,
0.1,0.9,0.55,-0.0098325,-0.028146,0.093566,,
0.1,0.95,0.55,-0.0046101,-0.025094,0.095666,,
0.1,1,0.55,0,0,0.096006,,
0.1,0,0.6,0,0,-0.059321,,
0.1,0.05,0.6,-0.0054953,0.029659,-0.058997,,
0.1,0.1,0.6,-0.011616,0.033098,-0.056781,,
0.1,0.15,0.6,-0.017389,0.030453,-0.051765,,
0.1,0.2,0.6,-0.022013,0.026405,-0.044569,,
0.1,0.25,0.6,-0.025512,0.021963,-0.035699,,
0.1,0.3,0.6,-0.028058,0.017456,-0.025566,,
0.1,0.35,0.6,-0.029837,0.01303,-0.014511,,
0.1,0.4,0.6,-0.031011,0.0087312,-0.0028071,,
0.1,0.45,0.6,-0.031707,0.0045415,0.0093338,,
0.1,0.5,0.6,-0.032,0.00040592,0.02174,,
0.1,0.55,0.6,-0.031918,-0.0037496,0.034262,,
0.1,0.6,0.6,-0.031434,-0.0080023,0.046751,,
0.1,0.65,0.6,-0.030467,-0.012416,0.059035,,
0.1,0.7,0.6,-0.028881,-0.017023,0.070892,,
0.1,0.75,0.6,-0.026486,-0.021788,0.082021,,
0.1,0.8,0.6,-0.02306,-0.026569,0.092017,,
0.1,0.85,0.6,-0.01838,-0.031009,0.10035,,
0.1,0.9,0.6,-0.012382,-0.034009,0.10633,,
0.1,0.95,0.6,-0.0058986,-0.03066,0.10913,,
0.1,1,0.6,0,0,0.10964,,
0.1,0,0.65,0,0,-0.075142,,
0.1,0.05,0.65,-0.0071758,0.036295,-0.074643,,
0.1,0.1,0.65,-0.014847,0.03992,-0.071656,,
0.1,0.15,0.65,-0.021703,0.036033,-0.065206,,
0.1,0.2,0.65,-0.026843,0.03062,-0.056231,,
0.1,0.25,0.65,-0.030463,0.024996,-0.045448,,
0.1,0.3,0.65,-0.032911,0.019553,-0.03339,,
0.1,0.35,0.65,-0.034506,0.01442,-0.020461,,
0.1,0.4,0.65,-0.035501,0.0095941,-0.0069494,,
0.1,0.45,0.65,-0.036077,0.0049995,0.0069438,,
0.1,0.5,0.65,-0.036341,0.00052124,0.021078,,
0.1,0.55,0.65,-0.03633,-0.0039747,0.035347,,
0.1,0.6,0.65,-0.036015,-0.0086278,0.049648,,
0.1,0.65,0.65,-0.035293,-0.013569,0.063855,,
0.1,0.7,0.65,-0.033974,-0.0189,0.077777,,
0.1,0.75,0.65,-0.031776,-0.024655,0.091119,,
0.1,0.8,0.65,-0.028325,-0.030732,0.10342,,
0.1,0.85,0.65,-0.023181,-0.036723,0.11402,,
0.1,0.9,0.65,-0.016056,-0.041192,0.12192,,
0.1,0.95,0.65,-0.0078458,-0.037787,0.12586,,
0.1,1,0.65,0,0,0.12666,,
0.1,0,0.7,0,0,-0.094961,,
0.1,0.05,0.7,-0.0098108,0.044946,-0.09411,,
0.1,0.1,0.7,-0.019622,0.048303,-0.089839,,
0.1,0.15,0.7,-0.027684,0.042393,-0.081272,,
0.1,0.2,0.7,-0.033149,0.035034,-0.069859,,
0.1,0.25,0.7,-0.036584,0.027894,-0.056611,,
0.1,0.3,0.7,-0.038631,0.021376,-0.042202,,
0.1,0.35,0.7,-0.039791,0.015524,-0.027085,,
0.1,0.4,0.7,-0.040427,0.010237,-0.011545,,
0.1,0.45,0.7,-0.040775,0.0053462,0.0042583,,
0.1,0.5,0.7,-0.04097,0.00065495,0.020243,,
0.1,0.55,0.7,-0.041062,-0.0040464,0.036373,,
0.1,0.6,0.7,-0.041023,-0.0089754,0.052624,,
0.1,0.65,0.7,-0.040734,-0.014353,0.06895,,
0.1,0.7,0.7,-0.039962,-0.020391,0.08524,,
0.1,0.75,0.7,-0.038323,-0.027254,0.10125,,
0.1,0.8,0.7,-0.035239,-0.03497,0.11652,,
0.1,0.85,0.7,-0.02992,-0.043169,0.13023,,
0.1,0.9,0.7,-0.021605,-0.050053,0.14103,,
0.1,0.95,0.7,-0.010995,-0.047228,0.14692,,
0.1,1,0.7,0,0,0.14835,,
0.1,0,0.75,0,0,-0.12045,,
0.1,0.05,0.75,-0.014252,0.056668,-0.11882,,
0.1,0.1,0.75,-0.027025,0.058613,-0.11224,,
0.1,0.15,0.75,-0.036167,0.049359,-0.10041,,
0.1,0.2,0.75,-0.041419,0.039255,-0.08559,,
0.1,0.25,0.75,-0.044079,0.030244,-0.069147,,
0.1,0.3,0.75,-0.045227,0.022574,-0.05188,,
0.1,0.35,0.75,-0.045587,0.016084,-0.034251,,
0.1,0.4,0.75,-0.045619,0.010492,-0.016489,,
0.1,0.45,0.75,-0.045598,0.0054968,0.0013287,,
0.1,0.5,0.75,-0.045671,0.00079982,0.019217,,
0.1,0.55,0.75,-0.045896,-0.0038918,0.037246,,
0.1,0.6,0.75,-0.046257,-0.008881,0.055505,,
0.1,0.65,0.75,-0.046641,-0.014496,0.074078,,
0.1,0.7,0.75,-0.046806,-0.0211,0.09299,,
0.1,0.75,0.75,-0.046295,-0.029079,0.11214,,
0.1,0.8,0.75,-0.04431,-0.038752,0.13118,,
0.1,0.85,0.75,-0.039561,-0.050022,0.14924,,
0.1,0.9,0.75,-0.030384,-0.060878,0.16456,,
0.1,0.95,0.75,-0.016472,-0.060206,0.17405,,
0.1,1,0.75,0,0,0.17686,,
0.1,0,0.8,0,0,-0.15476,,
0.1,0.05,0.8,-0.022223,0.073186,-0.15122,,
0.1,0.1,0.8,-0.038845,0.070947,-0.14007,,
0.1,0.15,0.8,-0.048079,0.056255,-0.12303,,
0.1,0.2,0.8,-0.051838,0.042458,-0.1034,,
0.1,0.25,0.8,-0.052657,0.031334,-0.082823,,
0.1,0.3,0.8,-0.052145,0.022625,-0.062134,,
0.1,0.35,0.8,-0.051209,0.01575,-0.041692,,
0.1,0.4,0.8,-0.050337,0.010148,-0.021584,,
0.1,0.45,0.8,-0.049779,0.0053445,-0.0017384,,
0.1,0.5,0.8,-0.049659,0.00093724,0.018004,,
0.1,0.55,0.8,-0.050032,-0.0034395,0.037854,,
0.1,0.6,0.8,-0.050904,-0.0081614,0.058053,,
0.1,0.65,0.8,-0.052214,-0.01366,0.078859,,
0.1,0.7,0.8,-0.053785,-0.020475,0.10052,,
0.1,0.75,0.8,-0.055197,-0.02931,0.1232,,
0.1,0.8,0.8,-0.055531,-0.041021,0.14687,,
0.1,0.85,0.8,-0.052938,-0.05625,0.17093,,
0.1,0.9,0.8,-0.044364,-0.073437,0.19339,,
0.1,0.95,0.8,-0.0263,-0.078689,0.20998,,
0.1,1,0.8,0,0,0.21613,,
0.1,0,0.85,0,0,-0.20445,,
0.1,0.05,0.85,-0.035817,0.097314,-0.19564,,
0.1,0.1,0.85,-0.055646,0.084184,-0.17469,,
0.1,0.15,0.85,-0.061197,0.061024,-0.14931,,
0.1,0.2,0.85,-0.06063,0.042905,-0.12289,,
0.1,0.25,0.85,-0.057778,0.029952,-0.097054,,
0.1,0.3,0.85,-0.054511,0.020763,-0.072396,,
0.1,0.35,0.85,-0.051661,0.014065,-0.048946,,
0.1,0.4,0.85,-0.049546,0.0089449,-0.026502,,
0.1,0.45,0.85,-0.048266,0.004752,-0.0047541,,
0.1,0.5,0.85,-0.047853,0.0010163,0.016652,,
0.1,0.55,0.85,-0.04833,-0.0026584,0.038091,,
0.1,0.6,0.85,-0.049737,-0.0066749,0.059978,,
0.1,0.65,0.85,-0.052117,-0.011521,0.082785,,
0.1,0.7,0.85,-0.055476,-0.017886,0.10704,,
0.1,0.75,0.85,-0.059657,-0.02683,0.13335,,
0.1,0.8,0.85,-0.063936,-0.04004,0.16231,,
0.1,0.85,0.85,-0.066261,-0.059769,0.19412,,
0.1,0.9,0.85,-0.062488,-0.086921,0.22722,,
0.1,0.95,0.85,-0.041093,-0.10744,0.25833,,
0.1,1,0.85,0,0,0.27294,,
0.1,0,0.9,0,0,-0.28243,,
0.1,0.05,0.9,-0.043816,0.13554,-0.25892,,
0.1,0.1,0.9,-0.055985,0.093497,-0.21585,,
0.1,0.15,0.9,-0.045881,0.058314,-0.17778,,
0.1,0.2,0.9,-0.035276,0.037238,-0.14235,,
0.1,0.25,0.9,-0.026088,0.024272,-0.11029,,
0.1,0.3,0.9,-0.018828,0.016043,-0.081451,,
0.1,0.35,0.9,-0.013519,0.010552,-0.055133,,
0.1,0.4,0.9,-0.0099164,0.0066276,-0.030646,,
0.1,0.45,0.9,-0.0077769,0.0035704,-0.0073529,,
0.1,0.5,0.9,-0.0069374,0.00093543,0.015329,,
0.1,0.55,0.9,-0.0073561,-0.0016228,0.037938,,
0.1,0.6,0.9,-0.0090945,-0.0044457,0.061052,,
0.1,0.65,0.9,-0.012323,-0.0079718,0.085346,,
0.1,0.7,0.9,-0.017338,-0.012907,0.11166,,
0.1,0.75,0.9,-0.024541,-0.020559,0.14116,,
0.1,0.8,0.9,-0.034077,-0.033555,0.17544,,
0.1,0.85,0.9,-0.045197,-0.056983,0.21651,,
0.1,0.9,0.9,-0.056533,-0.098355,0.26509,,
0.1,0.95,0.9,-0.040498,-0.15,0.3299,,
0.1,1,0.9,0,0,0.36863,,
0.1,0,0.95,0,0,-0.45038,,
0.1,0.05,0.95,0.092711,0.12996,-0.37095,,
0.1,0.1,0.95,0.11895,0.075147,-0.25756,,
0.1,0.15,0.95,0.16352,0.040409,-0.19968,,
0.1,0.2,0.95,0.18885,0.023234,-0.15567,,
0.1,0.25,0.95,0.20415,0.014053,-0.11856,,
0.1,0.3,0.95,0.21425,0.0088255,-0.086739,,
0.1,0.35,0.95,0.22095,0.0056366,-0.058619,,
0.1,0.4,0.95,0.22528,0.0035072,-0.032967,,
0.1,0.45,0.95,0.22785,0.0019373,-0.0088647,,
0.1,0.5,0.95,0.22899,0.00063733,0.014426,,
0.1,0.55,0.95,0.22884,-0.00059844,0.037575,,
0.1,0.6,0.95,0.22734,-0.001959,0.061256,,
0.1,0.65,0.95,0.22426,-0.0036946,0.086263,,
0.1,0.7,0.95,0.21906,-0.0062575,0.11371,,
0.1,0.75,0.95,0.21068,-0.010608,0.14539,,
0.1,0.8,0.95,0.19723,-0.018976,0.18456,,
0.1,0.85,0.95,0.17486,-0.036684,0.23757,,
0.1,0.9,0.95,0.13029,-0.074652,0.31531,,
0.1,0.95,0.95,0.10609,-0.13487,0.46568,,
0.1,1,0.95,0,0,0.56933,,
0.1,0,1,0.5,0,-0.57014,,
0.1,0.05,1,1,0,-0.44561,,
0.1,0.1,1,1,0,-0.27728,,
0.1,0.15,1,1,0,-0.20717,,
0.1,0.2,1,1,0,-0.15961,,
0.1,0.25,1,1,0,-0.12075,,
0.1,0.3,1,1,0,-0.088012,,
0.1,0.35,1,1,0,-0.059425,,
0.1,0.4,1,1,0,-0.033507,,
0.1,0.45,1,1,0,-0.0092428,,
0.1,0.5,1,1,0,0.014145,,
0.1,0.55,1,1,0,0.037377,,
0.1,0.6,1,1,0,0.061157,,
0.1,0.65,1,1,0,0.086297,,
0.1,0.7,1,1,0,0.11404,,
0.1,0.75,1,1,0,0.14649,,
0.1,0.8,1,1,0,0.18799,,
0.1,0.85,1,1,0,0.24797,,
0.1,0.9,1,1,0,0.34567,,
0.1,0.95,1,1,0,0.55767,,
0.1,1,1,0.5,0,0.70821,,
0.1,0,0,0,0,9.78E-09,,0.1
0.1,0.05,0,0,0,6.73E-05,,0.1
0.1,0.1,0,0,0,0.00056153,,0.1
0.1,0.15,0,0,0,0.0017469,,0.1
0.1,0.2,0,0,0,0.0035651,,0.1
0.1,0.25,0,0,0,0.0059552,,0.1
0.1,0.3,0,0,0,0.0088481,,0.1
0.1,0.35,0,0,0,0.012162,,0.1
0.1,0.4,0,0,0,0.015804,,0.1
0.1,0.45,0,0,0,0.019673,,0.1
0.1,0.5,0,0,0,0.023663,,0.1
0.1,0.55,0,0,0,0.027664,,0.1
0.1,0.6,0,0,0,0.031563,,0.1
0.1,0.65,0,0,0,0.035253,,0.1
0.1,0.7,0,0,0,0.038626,,0.1
0.1,0.75,0,0,0,0.041584,,0.1
0.1,0.8,0,0,0,0.044039,,0.1
0.1,0.85,0,0,0,0.045915,,0.1
0.1,0.9,0,0,0,0.047145,,0.1
0.1,0.95,0,0,0,0.047665,,0.1
0.1,1,0,0,0,0.047741,,0.1
0.1,0,0.05,0,0,-6.87E-05,,0.1
0.1,0.05,0.05,-0.0010243,0.0010046,-2.76E-06,,0.1
0.1,0.1,0.05,-0.0022637,0.0011724,0.00049298,,0.1
0.1,0.15,0.05,-0.0035751,0.0011285,0.0016839,,0.1
0.1,0.2,0.05,-0.004794,0.0010287,0.0035077,,0.1
0.1,0.25,0.05,-0.0058804,0.00089993,0.0059039,,0.1
0.1,0.3,0.05,-0.0068084,0.00074861,0.0088041,,0.1
0.1,0.35,0.05,-0.0075555,0.00057923,0.012126,,0.1
0.1,0.4,0.05,-0.0081039,0.00039622,0.015778,,0.1
0.1,0.45,0.05,-0.0084411,0.00020397,0.019658,,0.1
0.1,0.5,0.05,-0.0085592,6.77E-06,0.023659,,0.1
0.1,0.55,0.05,-0.008455,-0.0001911,0.027671,,0.1
0.1,0.6,0.05,-0.0081304,-0.00038531,0.031582,,0.1
0.1,0.65,0.05,-0.0075918,-0.00057138,0.035282,,0.1
0.1,0.7,0.05,-0.0068509,-0.00074465,0.038666,,0.1
0.1,0.75,0.05,-0.0059245,-0.00090032,0.041634,,0.1
0.1,0.8,0.05,-0.0048352,-0.0010335,0.044096,,0.1
0.1,0.85,0.05,-0.0036087,-0.0011372,0.045979,,0.1
0.1,0.9,0.05,-0.0022862,-0.0011843,0.047216,,0.1
0.1,0.95,0.05,-0.0010345,-0.0010163,0.047738,,0.1
0.1,1,0.05,0,0,0.047813,,0.1
0.1,0,0.1,0,0,-0.00057107,,0.1
0.1,0.05,0.1,-0.001268,0.0022775,-0.0005082,,0.1
0.1,0.1,0.1,-0.0027843,0.0026375,-4.84E-06,,0.1
0.1,0.15,0.1,-0.0043789,0.002536,0.0012138,,0.1
0.1,0.2,0.1,-0.0058586,0.0023113,0.0030771,,0.1
0.1,0.25,0.1,-0.0071763,0.0020211,0.0055234,,0.1
0.1,0.3,0.1,-0.0083007,0.0016804,0.0084837,,0.1
0.1,0.35,0.1,-0.0092048,0.0012994,0.011874,,0.1
0.1,0.4,0.1,-0.0098679,0.00088831,0.015601,,0.1
0.1,0.45,0.1,-0.010275,0.00045681,0.019561,,0.1
0.1,0.5,0.1,-0.010418,1.44E-05,0.023645,,0.1
0.1,0.55,0.1,-0.010292,-0.00042939,0.027741,,0.1
0.1,0.6,0.1,-0.0098992,-0.0008651,0.031735,,0.1
0.1,0.65,0.1,-0.0092478,-0.0012828,0.035516,,0.1
0.1,0.7,0.1,-0.0083508,-0.0016721,0.038974,,0.1
0.1,0.75,0.1,-0.0072285,-0.0020223,0.042008,,0.1
0.1,0.8,0.1,-0.0059072,-0.0023218,0.044528,,0.1
0.1,0.85,0.1,-0.0044185,-0.0025549,0.046456,,0.1
0.1,0.9,0.1,-0.0028109,-0.0026623,0.047724,,0.1
0.1,0.95,0.1,-0.0012803,-0.0023012,0.048255,,0.1
0.1,1,0.1,0,0,0.048327,,0.1
0.1,0,0.15,0,0,-0.0017972,,0.1
0.1,0.05,0.15,-0.0013695,0.0037433,-0.0017356,,0.1
0.1,0.1,0.15,-0.0030077,0.0043154,-0.0012111,,0.1
0.1,0.15,0.15,-0.0047277,0.004145,7.02E-05,,0.1
0.1,0.2,0.15,-0.0063201,0.0037755,0.0020293,,0.1
0.1,0.25,0.15,-0.0077351,0.0032992,0.0045999,,0.1
0.1,0.3,0.15,-0.0089401,0.0027411,0.0077087,,0.1
0.1,0.35,0.15,-0.0099075,0.0021183,0.011268,,0.1
0.1,0.4,0.15,-0.010616,0.0014474,0.015179,,0.1
0.1,0.45,0.15,-0.011051,0.00074416,0.019333,,0.1
0.1,0.5,0.15,-0.011204,2.36E-05,0.023618,,0.1
0.1,0.55,0.15,-0.011071,-0.00069922,0.027917,,0.1
0.1,0.6,0.15,-0.010654,-0.0014094,0.032112,,0.1
0.1,0.65,0.15,-0.0099595,-0.002091,0.036086,,0.1
0.1,0.7,0.15,-0.0090011,-0.0027275,0.039725,,0.1
0.1,0.75,0.15,-0.0077986,-0.0033011,0.042921,,0.1
0.1,0.8,0.15,-0.0063795,-0.0037928,0.045578,,0.1
0.1,0.85,0.15,-0.0047765,-0.0041761,0.047613,,0.1
0.1,0.9,0.15,-0.0030409,-0.0043557,0.048951,,0.1
0.1,0.95,0.15,-0.0013854,-0.0037819,0.049507,,0.1
0.1,1,0.15,0,0,0.049578,,0.1
0.1,0,0.2,0,0,-0.0037566,,0.1
0.1,0.05,0.2,-0.0014862,0.0053179,-0.0036922,,0.1
0.1,0.1,0.2,-0.0032642,0.0061165,-0.0031286,,0.1
0.1,0.15,0.2,-0.005128,0.0058684,-0.0017464,,0.1
0.1,0.2,0.2,-0.0068488,0.0053397,0.00036615,,0.1
0.1,0.25,0.2,-0.008373,0.0046613,0.0031355,,0.1
0.1,0.3,0.2,-0.0096671,0.0038688,0.0064815,,0.1
0.1,0.35,0.2,-0.010703,0.0029874,0.010309,,0.1
0.1,0.4,0.2,-0.011461,0.0020404,0.014511,,0.1
0.1,0.45,0.2,-0.011926,0.0010495,0.018974,,0.1
0.1,0.5,0.2,-0.012091,3.51E-05,0.023577,,0.1
0.1,0.55,0.2,-0.011952,-0.00098263,0.028197,,0.1
0.1,0.6,0.2,-0.011509,-0.0019836,0.03271,,0.1
0.1,0.65,0.2,-0.01077,-0.0029465,0.036989,,0.1
0.1,0.7,0.2,-0.0097455,-0.0038482,0.040914,,0.1
0.1,0.75,0.2,-0.0084551,-0.0046637,0.044368,,0.1
0.1,0.8,0.2,-0.0069259,-0.0053653,0.047244,,0.1
0.1,0.85,0.2,-0.0051916,-0.0059145,0.04945,,0.1
0.1,0.9,0.2,-0.0033077,-0.0061764,0.050902,,0.1
0.1,0.95,0.2,-0.0015072,-0.0053756,0.051504,,0.1
0.1,1,0.2,0,0,0.05158,,0.1
0.1,0,0.25,0,0,-0.0064999,,0.1
0.1,0.05,0.25,-0.0016451,0.0070402,-0.0064293,,0.1
0.1,0.1,0.25,-0.003611,0.0080843,-0.0058075,,0.1
0.1,0.15,0.25,-0.0056668,0.0077462,-0.0042817,,0.1
0.1,0.2,0.25,-0.0075575,0.0070381,-0.0019523,,0.1
0.1,0.25,0.25,-0.0092246,0.0061345,0.0010966,,0.1
0.1,0.3,0.25,-0.010634,0.0050843,0.0047744,,0.1
0.1,0.35,0.25,-0.011758,0.0039216,0.0089753,,0.1
0.1,0.4,0.25,-0.012577,0.002677,0.013583,,0.1
0.1,0.45,0.25,-0.013081,0.001378,0.018473,,0.1
0.1,0.5,0.25,-0.013261,5.00E-05,0.023517,,0.1
0.1,0.55,0.25,-0.013114,-0.0012828,0.028582,,0.1
0.1,0.6,0.25,-0.012641,-0.0025958,0.033535,,0.1
0.1,0.65,0.25,-0.011846,-0.0038628,0.038241,,0.1
0.1,0.7,0.25,-0.010738,-0.0050542,0.042565,,0.1
0.1,0.75,0.25,-0.0093341,-0.0061371,0.046381,,0.1
0.1,0.8,0.25,-0.0076608,-0.0070741,0.049566,,0.1
0.1,0.85,0.25,-0.0057525,-0.007812,0.052016,,0.1
0.1,0.9,0.25,-0.0036698,-0.0081703,0.053632,,0.1
0.1,0.95,0.25,-0.0016735,-0.0071236,0.054303,,0.1
0.1,1,0.25,0,0,0.054387,,0.1
0.1,0,0.3,0,0,-0.01011,,0.1
0.1,0.05,0.3,-0.0018558,0.0089639,-0.01003,,0.1
0.1,0.1,0.3,-0.0040686,0.010277,-0.0093284,,0.1
0.1,0.15,0.3,-0.006374,0.0098307,-0.0076096,,0.1
0.1,0.2,0.3,-0.0084827,0.008914,-0.004991,,0.1
0.1,0.25,0.3,-0.01033,0.0077529,-0.0015716,,0.1
0.1,0.3,0.3,-0.011882,0.0064128,0.0025433,,0.1
0.1,0.35,0.3,-0.013113,0.0049385,0.0072337,,0.1
0.1,0.4,0.3,-0.014007,0.0033685,0.01237,,0.1
0.1,0.45,0.3,-0.014556,0.0017358,0.017816,,0.1
0.1,0.5,0.3,-0.014754,6.96E-05,0.023432,,0.1
0.1,0.55,0.3,-0.0146,-0.0016031,0.029076,,0.1
0.1,0.6,0.3,-0.014091,-0.0032548,0.034603,,0.1
0.1,0.65,0.3,-0.01323,-0.0048554,0.039866,,0.1
0.1,0.7,0.3,-0.012022,-0.0063693,0.044717,,0.1
0.1,0.75,0.3,-0.010479,-0.0077551,0.049011,,0.1
0.1,0.8,0.3,-0.0086237,-0.0089634,0.05261,,0.1
0.1,0.85,0.3,-0.0064917,-0.0099227,0.055388,,0.1
0.1,0.9,0.3,-0.0041497,-0.010399,0.057226,,0.1
0.1,0.95,0.3,-0.001895,-0.0090824,0.057993,,0.1
0.1,1,0.3,0,0,0.058091,,0.1
0.1,0,0.35,0,0,-0.014698,,0.1
0.1,0.05,0.35,-0.0021293,0.01115,-0.014605,,0.1
0.1,0.1,0.35,-0.0046598,0.012762,-0.013798,,0.1
0.1,0.15,0.35,-0.007282,0.012178,-0.011827,,0.1
0.1,0.2,0.35,-0.0096619,0.011012,-0.0088335,,0.1
0.1,0.25,0.35,-0.011728,0.0095488,-0.0049384,,0.1
0.1,0.3,0.35,-0.013448,0.0078766,-0.00026692,,0.1
0.1,0.35,0.35,-0.014802,0.0060526,0.005042,,0.1
0.1,0.4,0.35,-0.01578,0.0041237,0.010842,,0.1
0.1,0.45,0.35,-0.01638,0.0021277,0.016984,,0.1
0.1,0.5,0.35,-0.0166,9.56E-05,0.023315,,0.1
0.1,0.55,0.35,-0.016439,-0.0019451,0.029682,,0.1
0.1,0.6,0.35,-0.015893,-0.0039664,0.035928,,0.1
0.1,0.65,0.35,-0.01496,-0.0059361,0.041894,,0.1
0.1,0.7,0.35,-0.013638,-0.0078139,0.047414,,0.1
0.1,0.75,0.35,-0.011931,-0.0095492,0.052323,,0.1
0.1,0.8,0.35,-0.0098561,-0.011078,0.056458,,0.1
0.1,0.85,0.35,-0.0074455,-0.012306,0.059665,,0.1
0.1,0.9,0.35,-0.0047732,-0.012932,0.061798,,0.1
0.1,0.95,0.35,-0.0021843,-0.011318,0.062695,,0.1
0.1,1,0.35,0,0,0.062812,,0.1
0.1,0,0.4,0,0,-0.02041,,0.1
0.1,0.05,0.4,-0.0024821,0.013675,-0.020299,,0.1
0.1,0.1,0.4,-0.0054175,0.015616,-0.019353,,0.1
0.1,0.15,0.4,-0.0084358,0.014854,-0.017056,,0.1
0.1,0.2,0.4,-0.011145,0.013378,-0.013584,,0.1
0.1,0.25,0.4,-0.013468,0.011553,-0.0090886,,0.1
0.1,0.3,0.4,-0.015378,0.0094942,-0.0037224,,0.1
0.1,0.35,0.4,-0.016865,0.0072739,0.0023508,,0.1
0.1,0.4,0.4,-0.017932,0.0049478,0.0089647,,0.1
0.1,0.45,0.4,-0.018584,0.0025566,0.015954,,0.1
0.1,0.5,0.4,-0.018827,0.00013008,0.023154,,0.1
0.1,0.55,0.4,-0.018662,-0.0023075,0.030401,,0.1
0.1,0.6,0.4,-0.018082,-0.0047315,0.037527,,0.1
0.1,0.65,0.4,-0.017078,-0.0071112,0.044357,,0.1
0.1,0.7,0.4,-0.015635,-0.0094035,0.050709,,0.1
0.1,0.75,0.4,-0.013746,-0.011549,0.056393,,0.1
0.1,0.8,0.4,-0.011415,-0.013466,0.061212,,0.1
0.1,0.85,0.4,-0.0086652,-0.015029,0.064977,,0.1
0.1,0.9,0.4,-0.0055781,-0.015853,0.067498,,0.1
0.1,0.95,0.4,-0.0025604,-0.013911,0.068568,,0.1
0.1,1,0.4,0,0,0.068713,,0.1
0.1,0,0.45,0,0,-0.027435,,0.1
0.1,0.05,0.45,-0.0029394,0.016633,-0.027299,,0.1
0.1,0.1,0.45,-0.0063908,0.018935,-0.02617,,0.1
0.1,0.15,0.45,-0.0099003,0.01793,-0.023451,,0.1
0.1,0.2,0.45,-0.013002,0.016061,-0.01937,,0.1
0.1,0.25,0.45,-0.015616,0.013793,-0.014122,,0.1
0.1,0.3,0.45,-0.017728,0.011277,-0.0078989,,0.1
0.1,0.35,0.45,-0.019349,0.0086048,-0.00089534,,0.1
0.1,0.4,0.45,-0.020498,0.00584,0.0066985,,0.1
0.1,0.45,0.45,-0.021198,0.0030223,0.014701,,0.1
0.1,0.5,0.45,-0.021464,0.00017556,0.022936,,0.1
0.1,0.55,0.45,-0.0213,-0.0026851,0.031232,,0.1
0.1,0.6,0.45,-0.020697,-0.0055442,0.03941,,0.1
0.1,0.65,0.45,-0.019632,-0.0083779,0.047287,,0.1
0.1,0.7,0.45,-0.018076,-0.011145,0.054659,,0.1
0.1,0.75,0.45,-0.015997,-0.013777,0.061307,,0.1
0.1,0.8,0.45,-0.013378,-0.016174,0.066996,,0.1
0.1,0.85,0.45,-0.010225,-0.018168,0.071484,,0.1
0.1,0.9,0.45,-0.0066214,-0.019267,0.074517,,0.1
0.1,0.95,0.45,-0.0030528,-0.016967,0.075822,,0.1
0.1,1,0.45,0,0,0.076007,,0.1
0.1,0,0.5,0,0,-0.036021,,0.1
0.1,0.05,0.5,-0.0035415,0.020152,-0.035848,,0.1
0.1,0.1,0.5,-0.0076555,0.022843,-0.034473,,0.1
0.1,0.15,0.5,-0.011772,0.021492,-0.031203,,0.1
0.1,0.2,0.5,-0.01533,0.019107,-0.026342,,0.1
0.1,0.25,0.5,-0.018257,0.016284,-0.020152,,0.1
0.1,0.3,0.5,-0.020567,0.013222,-0.012878,,0.1
0.1,0.35,0.5,-0.022302,0.010035,-0.004754,,0.1
0.1,0.4,0.5,-0.023514,0.0067893,0.0040035,,0.1
0.1,0.45,0.5,-0.024248,0.0035194,0.013197,,0.1
0.1,0.5,0.5,-0.024534,0.00023485,0.022643,,0.1
0.1,0.55,0.5,-0.024382,-0.0030664,0.032165,,0.1
0.1,0.6,0.5,-0.023775,-0.006387,0.041585,,0.1
0.1,0.65,0.5,-0.022678,-0.0097182,0.050708,,0.1
0.1,0.7,0.5,-0.021035,-0.013027,0.059317,,0.1
0.1,0.75,0.5,-0.01878,-0.016245,0.06716,,0.1
0.1,0.8,0.5,-0.015857,-0.019247,0.073953,,0.1
0.1,0.85,0.5,-0.012237,-0.021814,0.079381,,0.1
0.1,0.9,0.5,-0.0079919,-0.023307,0.0831,,0.1
0.1,0.95,0.5,-0.0037092,-0.020628,0.084732,,0.1
0.1,1,0.5,0,0,0.084977,,0.1
0.1,0,0.55,0,0,-0.046498,,0.1
0.1,0.05,0.55,-0.0043549,0.024409,-0.046269,,0.1
0.1,0.1,0.55,-0.0093314,0.027495,-0.044552,,0.1
0.1,0.15,0.55,-0.014194,0.025634,-0.040546,,0.1
0.1,0.2,0.55,-0.018268,0.022552,-0.034676,,0.1
0.1,0.25,0.55,-0.021506,0.019022,-0.027303,,0.1
0.1,0.3,0.55,-0.023978,0.015303,-0.018743,,0.1
0.1,0.35,0.55,-0.025781,0.011531,-0.0092792,,0.1
0.1,0.4,0.55,-0.027013,0.0077694,0.00084334,,0.1
0.1,0.45,0.55,-0.027752,0.0040343,0.011415,,0.1
0.1,0.5,0.55,-0.02805,0.00031082,0.022252,,0.1
0.1,0.55,0.55,-0.027922,-0.0034317,0.033185,,0.1
0.1,0.6,0.55,-0.027349,-0.0072256,0.044042,,0.1
0.1,0.65,0.55,-0.026273,-0.01109,0.05463,,0.1
0.1,0.7,0.55,-0.024602,-0.015014,0.064724,,0.1
0.1,0.75,0.55,-0.022222,-0.018936,0.074042,,0.1
0.1,0.8,0.55,-0.01901,-0.022714,0.082239,,0.1
0.1,0.85,0.55,-0.014868,-0.026062,0.088909,,0.1
0.1,0.9,0.55,-0.0098325,-0.028146,0.093566,,0.1
0.1,0.95,0.55,-0.0046101,-0.025094,0.095666,,0.1
0.1,1,0.55,0,0,0.096006,,0.1
0.1,0,0.6,0,0,-0.059321,,0.1
0.1,0.05,0.6,-0.0054953,0.029659,-0.058997,,0.1
0.1,0.1,0.6,-0.011616,0.033098,-0.056781,,0.1
0.1,0.15,0.6,-0.017389,0.030453,-0.051765,,0.1
0.1,0.2,0.6,-0.022013,0.026405,-0.044569,,0.1
0.1,0.25,0.6,-0.025512,0.021963,-0.035699,,0.1
0.1,0.3,0.6,-0.028058,0.017456,-0.025566,,0.1
0.1,0.35,0.6,-0.029837,0.01303,-0.014511,,0.1
0.1,0.4,0.6,-0.031011,0.0087312,-0.0028071,,0.1
0.1,0.45,0.6,-0.031707,0.0045415,0.0093338,,0.1
0.1,0.5,0.6,-0.032,0.00040592,0.02174,,0.1
0.1,0.55,0.6,-0.031918,-0.0037496,0.034262,,0.1
0.1,0.6,0.6,-0.031434,-0.0080023,0.046751,,0.1
0.1,0.65,0.6,-0.030467,-0.012416,0.059035,,0.1
0.1,0.7,0.6,-0.028881,-0.017023,0.070892,,0.1
0.1,0.75,0.6,-0.026486,-0.021788,0.082021,,0.1
0.1,0.8,0.6,-0.02306,-0.026569,0.092017,,0.1
0.1,0.85,0.6,-0.01838,-0.031009,0.10035,,0.1
0.1,0.9,0.6,-0.012382,-0.034009,0.10633,,0.1
0.1,0.95,0.6,-0.0058986,-0.03066,0.10913,,0.1
0.1,1,0.6,0,0,0.10964,,0.1
0.1,0,0.65,0,0,-0.075142,,0.1
0.1,0.05,0.65,-0.0071758,0.036295,-0.074643,,0.1
0.1,0.1,0.65,-0.014847,0.03992,-0.071656,,0.1
0.1,0.15,0.65,-0.021703,0.036033,-0.065206,,0.1
0.1,0.2,0.65,-0.026843,0.03062,-0.056231,,0.1
0.1,0.25,0.65,-0.030463,0.024996,-0.045448,,0.1
0.1,0.3,0.65,-0.032911,0.019553,-0.03339,,0.1
0.1,0.35,0.65,-0.034506,0.01442,-0.020461,,0.1
0.1,0.4,0.65,-0.035501,0.0095941,-0.0069494,,0.1
0.1,0.45,0.65,-0.036077,0.0049995,0.0069438,,0.1
0.1,0.5,0.65,-0.036341,0.00052124,0.021078,,0.1
0.1,0.55,0.65,-0.03633,-0.0039747,0.035347,,0.1
0.1,0.6,0.65,-0.036015,-0.0086278,0.049648,,0.1
0.1,0.65,0.65,-0.035293,-0.013569,0.063855,,0.1
0.1,0.7,0.65,-0.033974,-0.0189,0.077777,,0.1
0.1,0.75,0.65,-0.031776,-0.024655,0.091119,,0.1
0.1,0.8,0.65,-0.028325,-0.030732,0.10342,,0.1
0.1,0.85,0.65,-0.023181,-0.036723,0.11402,,0.1
0.1,0.9,0.65,-0.016056,-0.041192,0.12192,,0.1
0.1,0.95,0.65,-0.0078458,-0.037787,0.12586,,0.1
0.1,1,0.65,0,0,0.12666,,0.1
0.1,0,0.7,0,0,-0.094961,,0.1
0.1,0.05,0.7,-0.0098108,0.044946,-0.09411,,0.1
0.1,0.1,0.7,-0.019622,0.048303,-0.089839,,0.1
0.1,0.15,0.7,-0.027684,0.042393,-0.081272,,0.1
0.1,0.2,0.7,-0.033149,0.035034,-0.069859,,0.1
0.1,0.25,0.7,-0.036584,0.027894,-0.056611,,0.1
0.1,0.3,0.7,-0.038631,0.021376,-0.042202,,0.1
0.1,0.35,0.7,-0.039791,0.015524,-0.027085,,0.1
0.1,0.4,0.7,-0.040427,0.010237,-0.011545,,0.1
0.1,0.45,0.7,-0.040775,0.0053462,0.0042583,,0.1
0.1,0.5,0.7,-0.04097,0.00065495,0.020243,,0.1
0.1,0.55,0.7,-0.041062,-0.0040464,0.036373,,0.1
0.1,0.6,0.7,-0.041023,-0.0089754,0.052624,,0.1
0.1,0.65,0.7,-0.040734,-0.014353,0.06895,,0.1
0.1,0.7,0.7,-0.039962,-0.020391,0.08524,,0.1
0.1,0.75,0.7,-0.038323,-0.027254,0.10125,,0.1
0.1,0.8,0.7,-0.035239,-0.03497,0.11652,,0.1
0.1,0.85,0.7,-0.02992,-0.043169,0.13023,,0.1
0.1,0.9,0.7,-0.021605,-0.050053,0.14103,,0.1
0.1,0.95,0.7,-0.010995,-0.047228,0.14692,,0.1
0.1,1,0.7,0,0,0.14835,,0.1
0.1,0,0.75,0,0,-0.12045,,0.1
0.1,0.05,0.75,-0.014252,0.056668,-0.11882,,0.1
0.1,0.1,0.75,-0.027025,0.058613,-0.11224,,0.1
0.1,0.15,0.75,-0.036167,0.049359,-0.10041,,0.1
0.1,0.2,0.75,-0.041419,0.039255,-0.08559,,0.1
0.1,0.25,0.75,-0.044079,0.030244,-0.069147,,0.1
0.1,0.3,0.75,-0.045227,0.022574,-0.05188,,0.1
0.1,0.35,0.75,-0.045587,0.016084,-0.034251,,0.1
0.1,0.4,0.75,-0.045619,0.010492,-0.016489,,0.1
0.1,0.45,0.75,-0.045598,0.0054968,0.0013287,,0.1
0.1,0.5,0.75,-0.045671,0.00079982,0.019217,,0.1
0.1,0.55,0.75,-0.045896,-0.0038918,0.037246,,0.1
0.1,0.6,0.75,-0.046257,-0.008881,0.055505,,0.1
0.1,0.65,0.75,-0.046641,-0.014496,0.074078,,0.1
0.1,0.7,0.75,-0.046806,-0.0211,0.09299,,0.1
0.1,0.75,0.75,-0.046295,-0.029079,0.11214,,0.1
0.1,0.8,0.75,-0.04431,-0.038752,0.13118,,0.1
0.1,0.85,0.75,-0.039561,-0.050022,0.14924,,0.1
0.1,0.9,0.75,-0.030384,-0.060878,0.16456,,0.1
0.1,0.95,0.75,-0.016472,-0.060206,0.17405,,0.1
0.1,1,0.75,0,0,0.17686,,0.1
0.1,0,0.8,0,0,-0.15476,,0.1
0.1,0.05,0.8,-0.022223,0.073186,-0.15122,,0.1
0.1,0.1,0.8,-0.038845,0.070947,-0.14007,,0.1
0.1,0.15,0.8,-0.048079,0.056255,-0.12303,,0.1
0.1,0.2,0.8,-0.051838,0.042458,-0.1034,,0.1
0.1,0.25,0.8,-0.052657,0.031334,-0.082823,,0.1
0.1,0.3,0.8,-0.052145,0.022625,-0.062134,,0.1
0.1,0.35,0.8,-0.051209,0.01575,-0.041692,,0.1
0.1,0.4,0.8,-0.050337,0.010148,-0.021584,,0.1
0.1,0.45,0.8,-0.049779,0.0053445,-0.0017384,,0.1
0.1,0.5,0.8,-0.049659,0.00093724,0.018004,,0.1
0.1,0.55,0.8,-0.050032,-0.0034395,0.037854,,0.1
0.1,0.6,0.8,-0.050904,-0.0081614,0.058053,,0.1
0.1,0.65,0.8,-0.052214,-0.01366,0.078859,,0.1
0.1,0.7,0.8,-0.053785,-0.020475,0.10052,,0.1
0.1,0.75,0.8,-0.055197,-0.02931,0.1232,,0.1
0.1,0.8,0.8,-0.055531,-0.041021,0.14687,,0.1
0.1,0.85,0.8,-0.052938,-0.05625,0.17093,,0.1
0.1,0.9,0.8,-0.044364,-0.073437,0.19339,,0.1
0.1,0.95,0.8,-0.0263,-0.078689,0.20998,,0.1
0.1,1,0.8,0,0,0.21613,,0.1
0.1,0,0.85,0,0,-0.20445,,0.1
0.1,0.05,0.85,-0.035817,0.097314,-0.19564,,0.1
0.1,0.1,0.85,-0.055646,0.084184,-0.17469,,0.1
0.1,0.15,0.85,-0.061197,0.061024,-0.14931,,0.1
0.1,0.2,0.85,-0.06063,0.042905,-0.12289,,0.1
0.1,0.25,0.85,-0.057778,0.029952,-0.097054,,0.1
0.1,0.3,0.85,-0.054511,0.020763,-0.072396,,0.1
0.1,0.35,0.85,-0.051661,0.014065,-0.048946,,0.1
0.1,0.4,0.85,-0.049546,0.0089449,-0.026502,,0.1
0.1,0.45,0.85,-0.048266,0.004752,-0.0047541,,0.1
0.1,0.5,0.85,-0.047853,0.0010163,0.016652,,0.1
0.1,0.55,0.85,-0.04833,-0.0026584,0.038091,,0.1
0.1,0.6,0.85,-0.049737,-0.0066749,0.059978,,0.1
0.1,0.65,0.85,-0.052117,-0.011521,0.082785,,0.1
0.1,0.7,0.85,-0.055476,-0.017886,0.10704,,0.1
0.1,0.75,0.85,-0.059657,-0.02683,0.13335,,0.1
0.1,0.8,0.85,-0.063936,-0.04004,0.16231,,0.1
0.1,0.85,0.85,-0.066261,-0.059769,0.19412,,0.1
0.1,0.9,0.85,-0.062488,-0.086921,0.22722,,0.1
0.1,0.95,0.85,-0.041093,-0.10744,0.25833,,0.1
0.1,1,0.85,0,0,0.27294,,0.1
0.1,0,0.9,0,0,-0.28243,,0.1
0.1,0.05,0.9,-0.043816,0.13554,-0.25892,,0.1
0.1,0.1,0.9,-0.055985,0.093497,-0.21585,,0.1
0.1,0.15,0.9,-0.045881,0.058314,-0.17778,,0.1
0.1,0.2,0.9,-0.035276,0.037238,-0.14235,,0.1
0.1,0.25,0.9,-0.026088,0.024272,-0.11029,,0.1
0.1,0.3,0.9,-0.018828,0.016043,-0.081451,,0.1
0.1,0.35,0.9,-0.013519,0.010552,-0.055133,,0.1
0.1,0.4,0.9,-0.0099164,0.0066276,-0.030646,,0.1
0.1,0.45,0.9,-0.0077769,0.0035704,-0.0073529,,0.1
0.1,0.5,0.9,-0.0069374,0.00093543,0.015329,,0.1
0.1,0.55,0.9,-0.0073561,-0.0016228,0.037938,,0.1
0.1,0.6,0.9,-0.0090945,-0.0044457,0.061052,,0.1
0.1,0.65,0.9,-0.012323,-0.0079718,0.085346,,0.1
0.1,0.7,0.9,-0.017338,-0.012907,0.11166,,0.1
0.1,0.75,0.9,-0.024541,-0.020559,0.14116,,0.1
0.1,0.8,0.9,-0.034077,-0.033555,0.17544,,0.1
0.1,0.85,0.9,-0.045197,-0.056983,0.21651,,0.1
0.1,0.9,0.9,-0.056533,-0.098355,0.26509,,0.1
0.1,0.95,0.9,-0.040498,-0.15,0.3299,,0.1
0.1,1,0.9,0,0,0.36863,,0.1
0.1,0,0.95,0,0,-0.45038,,0.1
0.1,0.05,0.95,0.092711,0.12996,-0.37095,,0.1
0.1,0.1,0.95,0.11895,0.075147,-0.25756,,0.1
0.1,0.15,0.95,0.16352,0.040409,-0.19968,,0.1
0.1,0.2,0.95,0.18885,0.023234,-0.15567,,0.1
0.1,0.25,0.95,0.20415,0.014053,-0.11856,,0.1
0.1,0.3,0.95,0.21425,0.0088255,-0.086739,,0.1
0.1,0.35,0.95,0.22095,0.0056366,-0.058619,,0.1
0.1,0.4,0.95,0.22528,0.0035072,-0.032967,,0.1
0.1,0.45,0.95,0.22785,0.0019373,-0.0088647,,0.1
0.1,0.5,0.95,0.22899,0.00063733,0.014426,,0.1
0.1,0.55,0.95,0.22884,-0.00059844,0.037575,,0.1
0.1,0.6,0.95,0.22734,-0.001959,0.061256,,0.1
0.1,0.65,0.95,0.22426,-0.0036946,0.086263,,0.1
0.1,0.7,0.95,0.21906,-0.0062575,0.11371,,0.1
0.1,0.75,0.95,0.21068,-0.010608,0.14539,,0.1
0.1,0.8,0.95,0.19723,-0.018976,0.18456,,0.1
0.1,0.85,0.95,0.17486,-0.036684,0.23757,,0.1
0.1,0.9,0.95,0.13029,-0.074652,0.31531,,0.1
0.1,0.95,0.95,0.10609,-0.13487,0.46568,,0.1
0.1,1,0.95,0,0,0.56933,,0.1
0.1,0,1,0.5,0,-0.57014,,0.1
0.1,0.05,1,1,0,-0.44561,,0.1
0.1,0.1,1,1,0,-0.27728,,0.1
0.1,0.15,1,1,0,-0.20717,,0.1
0.1,0.2,1,1,0,-0.15961,,0.1
0.1,0.25,1,1,0,-0.12075,,0.1
0.1,0.3,1,1,0,-0.088012,,0.1
0.1,0.35,1,1,0,-0.059425,,0.1
0.1,0.4,1,1,0,-0.033507,,0.1
0.1,0.45,1,1,0,-0.0092428,,0.1
0.1,0.5,1,1,0,0.014145,,0.1
0.1,0.55,1,1,0,0.037377,,0.1
0.1,0.6,1,1,0,0.061157,,0.1
0.1,0.65,1,1,0,0.086297,,0.1
0.1,0.7,1,1,0,0.11404,,0.1
0.1,0.75,1,1,0,0.14649,,0.1
0.1,0.8,1,1,0,0.18799,,0.1
0.1,0.85,1,1,0,0.24797,,0.1
0.1,0.9,1,1,0,0.34567,,0.1
0.1,0.95,1,1,0,0.55767,,0.1
0.1,1,1,0.5,0,0.70821,,0.1
0.2,0,0,0,0,-5.75E-09,,
0.2,0.05,0,0,0,-0.00010767,,
0.2,0.1,0,0,0,-3.03E-05,,
0.2,0.15,0,0,0,0.0005957,,
0.2,0.2,0,0,0,0.0017103,,
0.2,0.25,0,0,0,0.0032694,,
0.2,0.3,0,0,0,0.0052242,,
0.2,0.35,0,0,0,0.0075149,,
0.2,0.4,0,0,0,0.010072,,
0.2,0.45,0,0,0,0.01282,,
0.2,0.5,0,0,0,0.015676,,
0.2,0.55,0,0,0,0.018552,,
0.2,0.6,0,0,0,0.021359,,
0.2,0.65,0,0,0,0.024009,,
0.2,0.7,0,0,0,0.026414,,
0.2,0.75,0,0,0,0.028492,,
0.2,0.8,0,0,0,0.030168,,
0.2,0.85,0,0,0,0.031381,,
0.2,0.9,0,0,0,0.032074,,
0.2,0.95,0,0,0,0.032182,,
0.2,1,0,0,0,0.032079,,
0.2,0,0.05,0,0,0.00010458,,
0.2,0.05,0.05,-0.001097,0.0010799,-6.41E-06,,
0.2,0.1,0.05,-0.0027337,0.0014682,7.03E-05,,
0.2,0.15,0.05,-0.0046259,0.0014876,0.00069755,,
0.2,0.2,0.05,-0.0064168,0.0013773,0.0018055,,
0.2,0.25,0.05,-0.008025,0.0012142,0.0033521,,
0.2,0.3,0.05,-0.0094078,0.0010174,0.0052914,,
0.2,0.35,0.05,-0.010529,0.0007943,0.0075649,,
0.2,0.4,0.05,-0.01136,0.00055092,0.010104,,
0.2,0.45,0.05,-0.011879,0.000293,0.012833,,
0.2,0.5,0.05,-0.012074,2.63E-05,0.01567,,
0.2,0.55,0.05,-0.011936,-0.00024314,0.018528,,
0.2,0.6,0.05,-0.011467,-0.00050923,0.021318,,
0.2,0.65,0.05,-0.010675,-0.00076535,0.023952,,
0.2,0.7,0.05,-0.0095764,-0.0010045,0.026342,,
0.2,0.75,0.05,-0.0081974,-0.0012189,0.028407,,
0.2,0.8,0.05,-0.0065735,-0.001399,0.030074,,
0.2,0.85,0.05,-0.0047492,-0.0015231,0.031282,,
0.2,0.9,0.05,-0.0028115,-0.0015108,0.031978,,
0.2,0.95,0.05,-0.0011302,-0.0011154,0.032085,,
0.2,1,0.05,0,0,0.031979,,
0.2,0,0.1,0,0,2.73E-05,,
0.2,0.05,0.1,-0.0015626,0.0027441,-9.75E-05,,
0.2,0.1,0.1,-0.0037935,0.003627,-3.11E-05,,
0.2,0.15,0.1,-0.0063319,0.0036571,0.00060338,,
0.2,0.2,0.1,-0.0087283,0.0033851,0.0017172,,
0.2,0.25,0.1,-0.010878,0.0029829,0.0032687,,
0.2,0.3,0.1,-0.012724,0.0024969,0.0052148,,
0.2,0.35,0.1,-0.014219,0.0019466,0.0074976,,
0.2,0.4,0.1,-0.015325,0.0013471,0.010049,,
0.2,0.45,0.1,-0.016015,0.00071288,0.012793,,
0.2,0.5,0.1,-0.016271,5.81E-05,0.015647,,
0.2,0.55,0.1,-0.016085,-0.000603,0.018523,,
0.2,0.6,0.1,-0.015458,-0.0012554,0.021334,,
0.2,0.65,0.1,-0.0144,-0.0018831,0.023988,,
0.2,0.7,0.1,-0.012933,-0.0024691,0.026399,,
0.2,0.75,0.1,-0.011092,-0.0029944,0.028482,,
0.2,0.8,0.1,-0.0089229,-0.0034346,0.030164,,
0.2,0.85,0.1,-0.006485,-0.0037374,0.031387,,
0.2,0.9,0.1,-0.0038902,-0.0037222,0.032096,,
0.2,0.95,0.1,-0.0016041,-0.002823,0.032194,,
0.2,1,0.1,0,0,0.032074,,
0.2,0,0.15,0,0,-0.00060159,,
0.2,0.05,0.15,-0.0017534,0.0048116,-0.00074668,,
0.2,0.1,0.15,-0.0042448,0.0062694,-0.00069604,,
0.2,0.15,0.15,-0.0070682,0.0063004,-4.04E-05,,
0.2,0.2,0.15,-0.009725,0.0058268,0.001116,,
0.2,0.25,0.15,-0.012103,0.0051308,0.0027272,,
0.2,0.3,0.15,-0.014142,0.0042912,0.0047488,,
0.2,0.35,0.15,-0.01579,0.0033424,0.0071209,,
0.2,0.4,0.15,-0.017009,0.0023108,0.009773,,
0.2,0.45,0.15,-0.01777,0.001221,0.012627,,
0.2,0.5,0.15,-0.018055,9.69E-05,0.015597,,
0.2,0.55,0.15,-0.017854,-0.0010375,0.018594,,
0.2,0.6,0.15,-0.017169,-0.0021574,0.021526,,
0.2,0.65,0.15,-0.016008,-0.0032361,0.024298,,
0.2,0.7,0.15,-0.014395,-0.0042446,0.02682,,
0.2,0.75,0.15,-0.012363,-0.00515,0.029003,,
0.2,0.8,0.15,-0.0099618,-0.00591,0.030768,,
0.2,0.85,0.15,-0.0072549,-0.0064353,0.032052,,
0.2,0.9,0.15,-0.0043629,-0.0064293,0.032794,,
0.2,0.95,0.15,-0.0018041,-0.0049441,0.032881,,
0.2,1,0.15,0,0,0.03274,,
0.2,0,0.2,0,0,-0.0017668,,
0.2,0.05,0.2,-0.0019105,0.0070504,-0.001931,,
0.2,0.1,0.2,-0.0046293,0.0091282,-0.0018886,,
0.2,0.15,0.2,-0.0077061,0.0091519,-0.0011911,,
0.2,0.2,0.2,-0.010593,0.0084538,4.38E-05,,
0.2,0.25,0.2,-0.013169,0.0074365,0.0017651,,
0.2,0.3,0.2,-0.015371,0.0062139,0.0039246,,
0.2,0.35,0.2,-0.017149,0.0048367,0.0064581,,
0.2,0.4,0.2,-0.018463,0.0033432,0.009291,,
0.2,0.45,0.2,-0.019286,0.0017683,0.012341,,
0.2,0.5,0.2,-0.019599,0.00014524,0.015517,,
0.2,0.55,0.2,-0.019394,-0.0014931,0.018727,,
0.2,0.6,0.2,-0.018668,-0.0031126,0.021872,,
0.2,0.65,0.2,-0.01743,-0.0046761,0.024853,,
0.2,0.7,0.2,-0.015698,-0.0061424,0.02757,,
0.2,0.75,0.2,-0.013505,-0.0074638,0.029928,,
0.2,0.8,0.2,-0.010901,-0.0085779,0.03184,,
0.2,0.85,0.2,-0.0079501,-0.0093548,0.033233,,
0.2,0.9,0.2,-0.0047839,-0.0093691,0.034038,,
0.2,0.95,0.2,-0.0019769,-0.0072503,0.034123,,
0.2,1,0.2,0,0,0.033964,,
0.2,0,0.25,0,0,-0.0034978,,
0.2,0.05,0.25,-0.0021113,0.0094954,-0.0036823,,
0.2,0.1,0.25,-0.0051161,0.01225,-0.0036415,,
0.2,0.15,0.25,-0.0085103,0.012258,-0.0028783,,
0.2,0.2,0.25,-0.011683,0.011306,-0.0015253,,
0.2,0.25,0.25,-0.014503,0.0099316,0.00035962,,
0.2,0.3,0.25,-0.016906,0.0082891,0.0027223,,
0.2,0.35,0.25,-0.01884,0.0064472,0.0054926,,
0.2,0.4,0.25,-0.020268,0.004457,0.0085892,,
0.2,0.45,0.25,-0.021165,0.0023635,0.011923,,
0.2,0.5,0.25,-0.021516,0.00020812,0.0154,,
0.2,0.55,0.25,-0.021308,-0.0019687,0.018918,,
0.2,0.6,0.25,-0.02054,-0.004125,0.022373,,
0.2,0.65,0.25,-0.019214,-0.0062144,0.025657,,
0.2,0.7,0.25,-0.017343,-0.0081832,0.02866,,
0.2,0.75,0.25,-0.014956,-0.0099679,0.031277,,
0.2,0.8,0.25,-0.012101,-0.011483,0.033406,,
0.2,0.85,0.25,-0.0088425,-0.01255,0.034963,,
0.2,0.9,0.25,-0.0053274,-0.012599,0.035864,,
0.2,0.95,0.25,-0.002202,-0.009786,0.03596,,
0.2,1,0.25,0,0,0.035781,,
0.2,0,0.3,0,0,-0.0058506,,
0.2,0.05,0.3,-0.0023787,0.012223,-0.0060597,,
0.2,0.1,0.3,-0.005759,0.015726,-0.0060161,,
0.2,0.15,0.3,-0.0095653,0.015705,-0.00516,,
0.2,0.2,0.3,-0.013106,0.014458,-0.003644,,
0.2,0.25,0.3,-0.016234,0.012676,-0.0015357,,
0.2,0.3,0.3,-0.018885,0.010563,0.0011024,,
0.2,0.35,0.3,-0.02101,0.0082079,0.0041913,,
0.2,0.4,0.3,-0.022577,0.0056759,0.0076414,,
0.2,0.45,0.3,-0.023566,0.0030212,0.011356,,
0.2,0.5,0.3,-0.023963,0.00029196,0.015233,,
0.2,0.55,0.3,-0.023758,-0.0024666,0.019163,,
0.2,0.6,0.3,-0.022943,-0.0052071,0.023033,,
0.2,0.65,0.3,-0.021516,-0.0078758,0.026725,,
0.2,0.7,0.3,-0.01948,-0.010408,0.030118,,
0.2,0.75,0.3,-0.016855,-0.012722,0.033088,,
0.2,0.8,0.3,-0.013682,-0.014704,0.035518,,
0.2,0.85,0.3,-0.010027,-0.016119,0.037305,,
0.2,0.9,0.3,-0.0060542,-0.016224,0.038344,,
0.2,0.95,0.3,-0.0025056,-0.012638,0.038461,,
0.2,1,0.3,0,0,0.038258,,
0.2,0,0.35,0,0,-0.0089026,,
0.2,0.05,0.35,-0.0027289,0.01532,-0.0091424,,
0.2,0.1,0.35,-0.006595,0.019664,-0.0090919,,
0.2,0.15,0.35,-0.010927,0.01959,-0.008111,,
0.2,0.2,0.35,-0.014928,0.017987,-0.0063795,,
0.2,0.25,0.35,-0.018434,0.01573,-0.0039794,,
0.2,0.3,0.35,-0.021383,0.013078,-0.00098488,,
0.2,0.35,0.35,-0.023732,0.010148,0.0025132,,
0.2,0.4,0.35,-0.025459,0.0070196,0.0064146,,
0.2,0.45,0.35,-0.026554,0.0037546,0.010613,,
0.2,0.5,0.35,-0.027008,0.00040453,0.014998,,
0.2,0.55,0.35,-0.026812,-0.0029846,0.019452,,
0.2,0.6,0.35,-0.025953,-0.0063646,0.023854,,
0.2,0.65,0.35,-0.024419,-0.009678,0.028072,,
0.2,0.7,0.35,-0.022198,-0.01285,0.031972,,
0.2,0.75,0.35,-0.019293,-0.015781,0.035409,,
0.2,0.8,0.35,-0.015732,-0.018323,0.038241,,
0.2,0.85,0.35,-0.011578,-0.020169,0.040339,,
0.2,0.9,0.35,-0.0070137,-0.020369,0.041571,,
0.2,0.95,0.35,-0.0029096,-0.015913,0.04172,,
0.2,1,0.35,0,0,0.041488,,
0.2,0,0.4,0,0,-0.012757,,
0.2,0.05,0.4,-0.0031837,0.018896,-0.013035,,
0.2,0.1,0.4,-0.007672,0.024189,-0.012973,,
0.2,0.15,0.4,-0.012666,0.024022,-0.011828,,
0.2,0.2,0.4,-0.01723,0.021977,-0.0098174,,
0.2,0.25,0.4,-0.021184,0.01915,-0.0070451,,
0.2,0.3,0.4,-0.024473,0.015872,-0.0036012,,
0.2,0.35,0.4,-0.02707,0.012292,0.00040755,,
0.2,0.4,0.4,-0.028972,0.0085036,0.0048678,,
0.2,0.45,0.4,-0.030182,0.0045751,0.0096629,,
0.2,0.5,0.4,-0.030703,0.00055551,0.014673,,
0.2,0.55,0.4,-0.030528,-0.0035149,0.019774,,
0.2,0.6,0.4,-0.029637,-0.0075941,0.024834,,
0.2,0.65,0.4,-0.028003,-0.011628,0.029712,,
0.2,0.7,0.4,-0.025591,-0.015535,0.034254,,
0.2,0.75,0.4,-0.022376,-0.019199,0.038293,,
0.2,0.8,0.4,-0.018361,-0.022431,0.041655,,
0.2,0.85,0.4,-0.013592,-0.024829,0.044171,,
0.2,0.9,0.4,-0.0082741,-0.025187,0.045666,,
0.2,0.95,0.4,-0.003445,-0.019741,0.045866,,
0.2,1,0.4,0,0,0.045599,,
0.2,0,0.45,0,0,-0.017549,,
0.2,0.05,0.45,-0.0037768,0.023089,-0.017877,,
0.2,0.1,0.45,-0.0090618,0.029459,-0.017795,,
0.2,0.15,0.45,-0.014881,0.02913,-0.016434,,
0.2,0.2,0.45,-0.020122,0.026517,-0.014065,,
0.2,0.25,0.45,-0.024589,0.02299,-0.010823,,
0.2,0.3,0.45,-0.028248,0.018972,-0.0068207,,
0.2,0.35,0.45,-0.031101,0.014651,-0.0021859,,
0.2,0.4,0.45,-0.033176,0.010134,0.0029521,,
0.2,0.45,0.45,-0.034502,0.0054899,0.0084654,,
0.2,0.5,0.45,-0.035098,0.00075673,0.014227,,
0.2,0.55,0.45,-0.034961,-0.0040407,0.020106,,
0.2,0.6,0.45,-0.034066,-0.0088778,0.025965,,
0.2,0.65,0.45,-0.032361,-0.013713,0.031652,,
0.2,0.7,0.45,-0.029778,-0.018471,0.036997,,
0.2,0.75,0.45,-0.026247,-0.023017,0.041804,,
0.2,0.8,0.45,-0.021722,-0.027116,0.045857,,
0.2,0.85,0.45,-0.016214,-0.030247,0.048934,,
0.2,0.9,0.45,-0.0099405,-0.030873,0.050793,,
0.2,0.95,0.45,-0.0041621,-0.024299,0.051073,,
0.2,1,0.45,0,0,0.050761,,
0.2,0,0.5,0,0,-0.02346,,
0.2,0.05,0.5,-0.0045633,0.028082,-0.023848,,
0.2,0.1,0.5,-0.010875,0.035673,-0.023736,,
0.2,0.15,0.5,-0.017722,0.035061,-0.022087,,
0.2,0.2,0.5,-0.023759,0.031694,-0.019255,,
0.2,0.25,0.5,-0.028788,0.027289,-0.01542,,
0.2,0.3,0.5,-0.03282,0.022387,-0.010729,,
0.2,0.35,0.5,-0.03591,0.017218,-0.0053355,,
0.2,0.4,0.5,-0.038133,0.011903,0.00061179,,
0.2,0.45,0.5,-0.03956,0.0064985,0.0069743,,
0.2,0.5,0.5,-0.040234,0.0010219,0.01362,,
0.2,0.55,0.5,-0.040162,-0.0045332,0.020416,,
0.2,0.6,0.5,-0.03931,-0.010175,0.027224,,
0.2,0.65,0.5,-0.037597,-0.015893,0.033888,,
0.2,0.7,0.5,-0.034905,-0.02163,0.040223,,
0.2,0.75,0.5,-0.031094,-0.027249,0.046002,,
0.2,0.8,0.5,-0.026035,-0.032463,0.050958,,
0.2,0.85,0.5,-0.019661,-0.036597,0.054796,,
0.2,0.9,0.5,-0.012182,-0.03768,0.057167,,
0.2,0.95,0.5,-0.0051461,-0.029831,0.057573,,
0.2,1,0.5,0,0,0.057208,,
0.2,0,0.55,0,0,-0.03073,,
0.2,0.05,0.55,-0.0056363,0.03413,-0.031195,,
0.2,0.1,0.55,-0.013292,0.043087,-0.031027,,
0.2,0.15,0.55,-0.021412,0.041986,-0.028985,,
0.2,0.2,0.55,-0.028361,0.037586,-0.025546,,
0.2,0.25,0.55,-0.033968,0.032056,-0.02096,,
0.2,0.3,0.55,-0.038328,0.026085,-0.01542,,
0.2,0.35,0.55,-0.041587,0.019951,-0.0091142,,
0.2,0.4,0.55,-0.043896,0.013774,-0.0022123,,
0.2,0.45,0.55,-0.045383,0.0075873,0.0051376,,
0.2,0.5,0.55,-0.04613,0.0013657,0.012803,,
0.2,0.55,0.55,-0.046159,-0.0049466,0.020658,,
0.2,0.6,0.55,-0.045426,-0.011413,0.028573,,
0.2,0.65,0.55,-0.043818,-0.018078,0.036395,,
0.2,0.7,0.55,-0.041147,-0.024932,0.043934,,
0.2,0.75,0.55,-0.037169,-0.031857,0.050938,,
0.2,0.8,0.55,-0.031619,-0.038526,0.057079,,
0.2,0.85,0.55,-0.024277,-0.044076,0.06196,,
0.2,0.9,0.55,-0.015284,-0.045949,0.065072,,
0.2,0.95,0.55,-0.0065504,-0.036689,0.065692,,
0.2,1,0.55,0,0,0.065271,,
0.2,0,0.6,0,0,-0.039699,,
0.2,0.05,0.6,-0.0071629,0.041607,-0.040255,,
0.2,0.1,0.6,-0.01661,0.052044,-0.03998,,
0.2,0.15,0.6,-0.0263,0.05009,-0.037381,,
0.2,0.2,0.6,-0.034247,0.044237,-0.033129,,
0.2,0.25,0.6,-0.040373,0.037244,-0.02758,,
0.2,0.3,0.6,-0.044936,0.029979,-0.020991,,
0.2,0.35,0.6,-0.048222,0.022756,-0.013593,,
0.2,0.4,0.6,-0.050496,0.015676,-0.0055774,,
0.2,0.45,0.6,-0.051967,0.0087212,0.0029016,,
0.2,0.5,0.6,-0.052766,0.0018013,0.01172,,
0.2,0.55,0.6,-0.05294,-0.0052148,0.020769,,
0.2,0.6,0.6,-0.052441,-0.012474,0.029942,,
0.2,0.65,0.6,-0.051116,-0.02011,0.039109,,
0.2,0.7,0.6,-0.048698,-0.028203,0.048092,,
0.2,0.75,0.6,-0.044799,-0.036705,0.056628,,
0.2,0.8,0.6,-0.038934,-0.045288,0.06433,,
0.2,0.85,0.6,-0.030603,-0.052879,0.070667,,
0.2,0.9,0.6,-0.019744,-0.056134,0.074889,,
0.2,0.95,0.6,-0.0086685,-0.04542,0.075897,,
0.2,1,0.6,0,0,0.075436,,
0.2,0,0.65,0,0,-0.050873,,
0.2,0.05,0.65,-0.0094578,0.051087,-0.051517,,
0.2,0.1,0.65,-0.021343,0.062997,-0.051018,,
0.2,0.15,0.65,-0.032934,0.059555,-0.047594,,
0.2,0.2,0.65,-0.041871,0.051613,-0.042226,,
0.2,0.25,0.65,-0.048318,0.042702,-0.035425,,
0.2,0.3,0.65,-0.05282,0.033878,-0.027532,,
0.2,0.35,0.65,-0.05588,0.025458,-0.018829,,
0.2,0.4,0.65,-0.057918,0.017478,-0.0095279,,
0.2,0.45,0.65,-0.059244,0.0098335,0.00021916,,
0.2,0.5,0.65,-0.060051,0.002336,0.010309,,
0.2,0.55,0.65,-0.060419,-0.0052489,0.020667,,
0.2,0.6,0.65,-0.060305,-0.013182,0.031229,,
0.2,0.65,0.65,-0.059531,-0.02173,0.041915,,
0.2,0.7,0.65,-0.057742,-0.031125,0.052592,,
0.2,0.75,0.65,-0.054375,-0.041479,0.063018,,
0.2,0.8,0.65,-0.048629,-0.052565,0.072773,,
0.2,0.85,0.65,-0.03951,-0.063143,0.081179,,
0.2,0.9,0.65,-0.026461,-0.068847,0.08712,,
0.2,0.95,0.65,-0.012093,-0.056913,0.088889,,
0.2,1,0.65,0,0,0.088479,,
0.2,0,0.7,0,0,-0.065062,,
0.2,0.05,0.7,-0.013138,0.063501,-0.065734,,
0.2,0.1,0.7,-0.028394,0.076544,-0.064732,,
0.2,0.15,0.7,-0.042156,0.070486,-0.060028,,
0.2,0.2,0.7,-0.051837,0.059513,-0.053085,,
0.2,0.25,0.7,-0.058147,0.048099,-0.044628,,
0.2,0.3,0.7,-0.062103,0.037439,-0.035103,,
0.2,0.35,0.7,-0.064521,0.027766,-0.024845,,
0.2,0.4,0.7,-0.066012,0.018974,-0.014078,,
0.2,0.45,0.7,-0.066994,0.010812,-0.0029369,,
0.2,0.5,0.7,-0.067726,0.002962,0.0085124,,
0.2,0.55,0.7,-0.068329,-0.0049408,0.020251,,
0.2,0.6,0.7,-0.068786,-0.013299,0.032285,,
0.2,0.65,0.7,-0.068915,-0.022554,0.044618,,
0.2,0.7,0.7,-0.068313,-0.033171,0.057211,,
0.2,0.75,0.7,-0.066245,-0.045563,0.069914,,
0.2,0.8,0.7,-0.061502,-0.059826,0.082349,,
0.2,0.85,0.7,-0.052305,-0.074764,0.093724,,
0.2,0.9,0.7,-0.037045,-0.084831,0.10243,,
0.2,0.95,0.7,-0.018024,-0.072675,0.10581,,
0.2,1,0.7,0,0,0.10577,,
0.2,0,0.75,0,0,-0.08372,,
0.2,0.05,0.75,-0.019407,0.080428,-0.084152,,
0.2,0.1,0.75,-0.039275,0.093391,-0.081965,,
0.2,0.15,0.75,-0.055072,0.082742,-0.07518,,
0.2,0.2,0.75,-0.064669,0.06739,-0.065958,,
0.2,0.25,0.75,-0.069883,0.052794,-0.055282,,
0.2,0.3,0.75,-0.072451,0.040088,-0.043703,,
0.2,0.35,0.75,-0.073574,0.029231,-0.031597,,
0.2,0.4,0.75,-0.074054,0.019851,-0.019182,,
0.2,0.45,0.75,-0.074399,0.011482,-0.0065503,,
0.2,0.5,0.75,-0.074911,0.0036385,0.0062966,,
0.2,0.55,0.75,-0.075748,-0.004185,0.019418,,
0.2,0.6,0.75,-0.076943,-0.012541,0.032917,,
0.2,0.65,0.75,-0.078374,-0.022071,0.046924,,
0.2,0.7,0.75,-0.079675,-0.033549,0.061561,,
0.2,0.75,0.75,-0.080046,-0.047881,0.076877,,
0.2,0.8,0.75,-0.077893,-0.065865,0.092712,,
0.2,0.85,0.75,-0.07035,-0.086915,0.10835,,
0.2,0.9,0.75,-0.053868,-0.10456,0.12167,,
0.2,0.95,0.75,-0.028575,-0.095067,0.12866,,
0.2,1,0.75,0,0,0.12996,,
0.2,0,0.8,0,0,-0.10981,,
0.2,0.05,0.8,-0.030295,0.10434,-0.10909,,
0.2,0.1,0.8,-0.055734,0.11381,-0.10398,,
0.2,0.15,0.8,-0.071781,0.095305,-0.093662,,
0.2,0.2,0.8,-0.07899,0.073884,-0.081072,,
0.2,0.25,0.8,-0.081147,0.055541,-0.067376,,
0.2,0.3,0.8,-0.080862,0.040847,-0.053201,,
0.2,0.35,0.8,-0.079672,0.029154,-0.03892,,
0.2,0.4,0.8,-0.078463,0.019644,-0.02469,,
0.2,0.45,0.8,-0.077732,0.011561,-0.010519,,
0.2,0.5,0.8,-0.077755,0.0042397,0.0036891,,
0.2,0.55,0.8,-0.078698,-0.0029498,0.018094,,
0.2,0.6,0.8,-0.080661,-0.010676,0.032921,,
0.2,0.65,0.8,-0.083658,-0.019753,0.048459,,
0.2,0.7,0.8,-0.087522,-0.031288,0.065051,,
0.2,0.75,0.8,-0.091661,-0.046857,0.083085,,
0.2,0.8,0.8,-0.094387,-0.068509,0.10292,,
0.2,0.85,0.8,-0.091769,-0.097401,0.12443,,
0.2,0.9,0.8,-0.077579,-0.12746,0.14536,,
0.2,0.95,0.8,-0.04557,-0.12787,0.16041,,
0.2,1,0.8,0,0,0.16562,,
0.2,0,0.85,0,0,-0.14989,,
0.2,0.05,0.85,-0.04665,0.13786,-0.14498,,
0.2,0.1,0.85,-0.074378,0.135,-0.13237,,
0.2,0.15,0.85,-0.083061,0.10402,-0.116,,
0.2,0.2,0.85,-0.082033,0.07545,-0.098359,,
0.2,0.25,0.85,-0.077263,0.05376,-0.080535,,
0.2,0.3,0.85,-0.071669,0.037978,-0.063118,,
0.2,0.35,0.85,-0.06665,0.026409,-0.046348,,
0.2,0.4,0.85,-0.062809,0.017628,-0.030209,,
0.2,0.45,0.85,-0.060378,0.010577,-0.014544,,
0.2,0.5,0.85,-0.059453,0.0044585,0.00088076,,
0.2,0.55,0.85,-0.060124,-0.0014102,0.016354,,
0.2,0.6,0.85,-0.062529,-0.0077173,0.032225,,
0.2,0.65,0.85,-0.066858,-0.015334,0.048938,,
0.2,0.7,0.85,-0.073329,-0.025607,0.067084,,
0.2,0.75,0.85,-0.081965,-0.040831,0.087487,,
0.2,0.8,0.85,-0.091716,-0.064901,0.1114,,
0.2,0.85,0.85,-0.098535,-0.10266,0.14016,,
0.2,0.9,0.85,-0.095325,-0.15168,0.17229,,
0.2,0.95,0.85,-0.062627,-0.17763,0.20502,,
0.2,1,0.85,0,0,0.22135,,
0.2,0,0.9,0,0,-0.21739,,
0.2,0.05,0.9,-0.049424,0.1842,-0.19822,,
0.2,0.1,0.9,-0.056645,0.1458,-0.16587,,
0.2,0.15,0.9,-0.035965,0.098063,-0.14008,,
0.2,0.2,0.9,-0.01568,0.065132,-0.11553,,
0.2,0.25,0.9,0.0013739,0.043434,-0.092654,,
0.2,0.3,0.9,0.014907,0.029221,-0.071725,,
0.2,0.35,0.9,0.025033,0.019715,-0.052543,,
0.2,0.4,0.9,0.032166,0.013031,-0.034726,,
0.2,0.45,0.9,0.036739,0.0079893,-0.017866,,
0.2,0.5,0.9,0.039049,0.003829,-0.0015548,,
0.2,0.55,0.9,0.039209,-2.51E-05,0.014624,,
0.2,0.6,0.9,0.037138,-0.0041213,0.031126,,
0.2,0.65,0.9,0.032512,-0.0091803,0.048523,,
0.2,0.7,0.9,0.024675,-0.01647,0.067631,,
0.2,0.75,0.9,0.012588,-0.028588,0.08979,,
0.2,0.8,0.9,-0.0046158,-0.051038,0.1176,,
0.2,0.85,0.9,-0.025185,-0.093935,0.15549,,
0.2,0.9,0.9,-0.050248,-0.16525,0.20296,,
0.2,0.95,0.9,-0.040763,-0.23363,0.27809,,
0.2,1,0.9,0,0,0.3279,,
0.2,0,0.95,0,0,-0.36897,,
0.2,0.05,0.95,0.11378,0.17176,-0.29326,,
0.2,0.1,0.95,0.16589,0.11524,-0.19284,,
0.2,0.15,0.95,0.23689,0.068166,-0.15246,,
0.2,0.2,0.95,0.28044,0.041132,-0.12304,,
0.2,0.25,0.95,0.30742,0.025365,-0.097274,,
0.2,0.3,0.95,0.32546,0.016042,-0.074695,,
0.2,0.35,0.95,0.33773,0.010401,-0.054628,,
0.2,0.4,0.95,0.34597,0.0067784,-0.036302,,
0.2,0.45,0.95,0.35127,0.0042483,-0.019131,,
0.2,0.5,0.95,0.35427,0.0022944,-0.0026363,,
0.2,0.55,0.95,0.35526,0.00058603,0.013637,,
0.2,0.6,0.95,0.35429,-0.0011609,0.030182,,
0.2,0.65,0.95,0.35105,-0.0033175,0.047628,,
0.2,0.7,0.95,0.34474,-0.00659,0.066984,,
0.2,0.75,0.95,0.33357,-0.012624,0.090207,,
0.2,0.8,0.95,0.31401,-0.025435,0.12173,,
0.2,0.85,0.95,0.2811,-0.054432,0.17167,,
0.2,0.9,0.95,0.21087,-0.11533,0.25233,,
0.2,0.95,0.95,0.15207,-0.19219,0.42383,,
0.2,1,0.95,0,0,0.54597,,
0.2,0,1,0.5,0,-0.47771,,
0.2,0.05,1,1,0,-0.35646,,
0.2,0.1,1,1,0,-0.20232,,
0.2,0.15,1,1,0,-0.15294,,
0.2,0.2,1,1,0,-0.12253,,
0.2,0.25,1,1,0,-0.096537,,
0.2,0.3,1,1,0,-0.074028,,
0.2,0.35,1,1,0,-0.054173,,
0.2,0.4,1,1,0,-0.036053,,
0.2,0.45,1,1,0,-0.019048,,
0.2,0.5,1,1,0,-0.0026979,,
0.2,0.55,1,1,0,0.013431,,
0.2,0.6,1,1,0,0.029818,,
0.2,0.65,1,1,0,0.047104,,
0.2,0.7,1,1,0,0.06638,,
0.2,0.75,1,1,0,0.08994,,
0.2,0.8,1,1,0,0.12325,,
0.2,0.85,1,1,0,0.17998,,
0.2,0.9,1,1,0,0.28501,,
0.2,0.95,1,1,0,0.52258,,
0.2,1,1,0.5,0,0.69178,,
0.2,0,0,0,0,-5.75E-09,,0.1
0.2,0.05,0,0,0,-0.00010767,,0.1
0.2,0.1,0,0,0,-3.03E-05,,0.1
0.2,0.15,0,0,0,0.0005957,,0.1
0.2,0.2,0,0,0,0.0017103,,0.1
0.2,0.25,0,0,0,0.0032694,,0.1
0.2,0.3,0,0,0,0.0052242,,0.1
0.2,0.35,0,0,0,0.0075149,,0.1
0.2,0.4,0,0,0,0.010072,,0.1
0.2,0.45,0,0,0,0.01282,,0.1
0.2,0.5,0,0,0,0.015676,,0.1
0.2,0.55,0,0,0,0.018552,,0.1
0.2,0.6,0,0,0,0.021359,,0.1
0.2,0.65,0,0,0,0.024009,,0.1
0.2,0.7,0,0,0,0.026414,,0.1
0.2,0.75,0,0,0,0.028492,,0.1
0.2,0.8,0,0,0,0.030168,,0.1
0.2,0.85,0,0,0,0.031381,,0.1
0.2,0.9,0,0,0,0.032074,,0.1
0.2,0.95,0,0,0,0.032182,,0.1
0.2,1,0,0,0,0.032079,,0.1
0.2,0,0.05,0,0,0.00010458,,0.1
0.2,0.05,0.05,-0.001097,0.0010799,-6.41E-06,,0.1
0.2,0.1,0.05,-0.0027337,0.0014682,7.03E-05,,0.1
0.2,0.15,0.05,-0.0046259,0.0014876,0.00069755,,0.1
0.2,0.2,0.05,-0.0064168,0.0013773,0.0018055,,0.1
0.2,0.25,0.05,-0.008025,0.0012142,0.0033521,,0.1
0.2,0.3,0.05,-0.0094078,0.0010174,0.0052914,,0.1
0.2,0.35,0.05,-0.010529,0.0007943,0.0075649,,0.1
0.2,0.4,0.05,-0.01136,0.00055092,0.010104,,0.1
0.2,0.45,0.05,-0.011879,0.000293,0.012833,,0.1
0.2,0.5,0.05,-0.012074,2.63E-05,0.01567,,0.1
0.2,0.55,0.05,-0.011936,-0.00024314,0.018528,,0.1
0.2,0.6,0.05,-0.011467,-0.00050923,0.021318,,0.1
0.2,0.65,0.05,-0.010675,-0.00076535,0.023952,,0.1
0.2,0.7,0.05,-0.0095764,-0.0010045,0.026342,,0.1
0.2,0.75,0.05,-0.0081974,-0.0012189,0.028407,,0.1
0.2,0.8,0.05,-0.0065735,-0.001399,0.030074,,0.1
0.2,0.85,0.05,-0.0047492,-0.0015231,0.031282,,0.1
0.2,0.9,0.05,-0.0028115,-0.0015108,0.031978,,0.1
0.2,0.95,0.05,-0.0011302,-0.0011154,0.032085,,0.1
0.2,1,0.05,0,0,0.031979,,0.1
0.2,0,0.1,0,0,2.73E-05,,0.1
0.2,0.05,0.1,-0.0015626,0.0027441,-9.75E-05,,0.1
0.2,0.1,0.1,-0.0037935,0.003627,-3.11E-05,,0.1
0.2,0.15,0.1,-0.0063319,0.0036571,0.00060338,,0.1
0.2,0.2,0.1,-0.0087283,0.0033851,0.0017172,,0.1
0.2,0.25,0.1,-0.010878,0.0029829,0.0032687,,0.1
0.2,0.3,0.1,-0.012724,0.0024969,0.0052148,,0.1
0.2,0.35,0.1,-0.014219,0.0019466,0.0074976,,0.1
0.2,0.4,0.1,-0.015325,0.0013471,0.010049,,0.1
0.2,0.45,0.1,-0.016015,0.00071288,0.012793,,0.1
0.2,0.5,0.1,-0.016271,5.81E-05,0.015647,,0.1
0.2,0.55,0.1,-0.016085,-0.000603,0.018523,,0.1
0.2,0.6,0.1,-0.015458,-0.0012554,0.021334,,0.1
0.2,0.65,0.1,-0.0144,-0.0018831,0.023988,,0.1
0.2,0.7,0.1,-0.012933,-0.0024691,0.026399,,0.1
0.2,0.75,0.1,-0.011092,-0.0029944,0.028482,,0.1
0.2,0.8,0.1,-0.0089229,-0.0034346,0.030164,,0.1
0.2,0.85,0.1,-0.006485,-0.0037374,0.031387,,0.1
0.2,0.9,0.1,-0.0038902,-0.0037222,0.032096,,0.1
0.2,0.95,0.1,-0.0016041,-0.002823,0.032194,,0.1
0.2,1,0.1,0,0,0.032074,,0.1
0.2,0,0.15,0,0,-0.00060159,,0.1
0.2,0.05,0.15,-0.0017534,0.0048116,-0.00074668,,0.1
0.2,0.1,0.15,-0.0042448,0.0062694,-0.00069604,,0.1
0.2,0.15,0.15,-0.0070682,0.0063004,-4.04E-05,,0.1
0.2,0.2,0.15,-0.009725,0.0058268,0.001116,,0.1
0.2,0.25,0.15,-0.012103,0.0051308,0.0027272,,0.1
0.2,0.3,0.15,-0.014142,0.0042912,0.0047488,,0.1
0.2,0.35,0.15,-0.01579,0.0033424,0.0071209,,0.1
0.2,0.4,0.15,-0.017009,0.0023108,0.009773,,0.1
0.2,0.45,0.15,-0.01777,0.001221,0.012627,,0.1
0.2,0.5,0.15,-0.018055,9.69E-05,0.015597,,0.1
0.2,0.55,0.15,-0.017854,-0.0010375,0.018594,,0.1
0.2,0.6,0.15,-0.017169,-0.0021574,0.021526,,0.1
0.2,0.65,0.15,-0.016008,-0.0032361,0.024298,,0.1
0.2,0.7,0.15,-0.014395,-0.0042446,0.02682,,0.1
0.2,0.75,0.15,-0.012363,-0.00515,0.029003,,0.1
0.2,0.8,0.15,-0.0099618,-0.00591,0.030768,,0.1
0.2,0.85,0.15,-0.0072549,-0.0064353,0.032052,,0.1
0.2,0.9,0.15,-0.0043629,-0.0064293,0.032794,,0.1
0.2,0.95,0.15,-0.0018041,-0.0049441,0.032881,,0.1
0.2,1,0.15,0,0,0.03274,,0.1
0.2,0,0.2,0,0,-0.0017668,,0.1
0.2,0.05,0.2,-0.0019105,0.0070504,-0.001931,,0.1
0.2,0.1,0.2,-0.0046293,0.0091282,-0.0018886,,0.1
0.2,0.15,0.2,-0.0077061,0.0091519,-0.0011911,,0.1
0.2,0.2,0.2,-0.010593,0.0084538,4.38E-05,,0.1
0.2,0.25,0.2,-0.013169,0.0074365,0.0017651,,0.1
0.2,0.3,0.2,-0.015371,0.0062139,0.0039246,,0.1
0.2,0.35,0.2,-0.017149,0.0048367,0.0064581,,0.1
0.2,0.4,0.2,-0.018463,0.0033432,0.009291,,0.1
0.2,0.45,0.2,-0.019286,0.0017683,0.012341,,0.1
0.2,0.5,0.2,-0.019599,0.00014524,0.015517,,0.1
0.2,0.55,0.2,-0.019394,-0.0014931,0.018727,,0.1
0.2,0.6,0.2,-0.018668,-0.0031126,0.021872,,0.1
0.2,0.65,0.2,-0.01743,-0.0046761,0.024853,,0.1
0.2,0.7,0.2,-0.015698,-0.0061424,0.02757,,0.1
0.2,0.75,0.2,-0.013505,-0.0074638,0.029928,,0.1
0.2,0.8,0.2,-0.010901,-0.0085779,0.03184,,0.1
0.2,0.85,0.2,-0.0079501,-0.0093548,0.033233,,0.1
0.2,0.9,0.2,-0.0047839,-0.0093691,0.034038,,0.1
0.2,0.95,0.2,-0.0019769,-0.0072503,0.034123,,0.1
0.2,1,0.2,0,0,0.033964,,0.1
0.2,0,0.25,0,0,-0.0034978,,0.1
0.2,0.05,0.25,-0.0021113,0.0094954,-0.0036823,,0.1
0.2,0.1,0.25,-0.0051161,0.01225,-0.0036415,,0.1
0.2,0.15,0.25,-0.0085103,0.012258,-0.0028783,,0.1
0.2,0.2,0.25,-0.011683,0.011306,-0.0015253,,0.1
0.2,0.25,0.25,-0.014503,0.0099316,0.00035962,,0.1
0.2,0.3,0.25,-0.016906,0.0082891,0.0027223,,0.1
0.2,0.35,0.25,-0.01884,0.0064472,0.0054926,,0.1
0.2,0.4,0.25,-0.020268,0.004457,0.0085892,,0.1
0.2,0.45,0.25,-0.021165,0.0023635,0.011923,,0.1
0.2,0.5,0.25,-0.021516,0.00020812,0.0154,,0.1
0.2,0.55,0.25,-0.021308,-0.0019687,0.018918,,0.1
0.2,0.6,0.25,-0.02054,-0.004125,0.022373,,0.1
0.2,0.65,0.25,-0.019214,-0.0062144,0.025657,,0.1
0.2,0.7,0.25,-0.017343,-0.0081832,0.02866,,0.1
0.2,0.75,0.25,-0.014956,-0.0099679,0.031277,,0.1
0.2,0.8,0.25,-0.012101,-0.011483,0.033406,,0.1
0.2,0.85,0.25,-0.0088425,-0.01255,0.034963,,0.1
0.2,0.9,0.25,-0.0053274,-0.012599,0.035864,,0.1
0.2,0.95,0.25,-0.002202,-0.009786,0.03596,,0.1
0.2,1,0.25,0,0,0.035781,,0.1
0.2,0,0.3,0,0,-0.0058506,,0.1
0.2,0.05,0.3,-0.0023787,0.012223,-0.0060597,,0.1
0.2,0.1,0.3,-0.005759,0.015726,-0.0060161,,0.1
0.2,0.15,0.3,-0.0095653,0.015705,-0.00516,,0.1
0.2,0.2,0.3,-0.013106,0.014458,-0.003644,,0.1
0.2,0.25,0.3,-0.016234,0.012676,-0.0015357,,0.1
0.2,0.3,0.3,-0.018885,0.010563,0.0011024,,0.1
0.2,0.35,0.3,-0.02101,0.0082079,0.0041913,,0.1
0.2,0.4,0.3,-0.022577,0.0056759,0.0076414,,0.1
0.2,0.45,0.3,-0.023566,0.0030212,0.011356,,0.1
0.2,0.5,0.3,-0.023963,0.00029196,0.015233,,0.1
0.2,0.55,0.3,-0.023758,-0.0024666,0.019163,,0.1
0.2,0.6,0.3,-0.022943,-0.0052071,0.023033,,0.1
0.2,0.65,0.3,-0.021516,-0.0078758,0.026725,,0.1
0.2,0.7,0.3,-0.01948,-0.010408,0.030118,,0.1
0.2,0.75,0.3,-0.016855,-0.012722,0.033088,,0.1
0.2,0.8,0.3,-0.013682,-0.014704,0.035518,,0.1
0.2,0.85,0.3,-0.010027,-0.016119,0.037305,,0.1
0.2,0.9,0.3,-0.0060542,-0.016224,0.038344,,0.1
0.2,0.95,0.3,-0.0025056,-0.012638,0.038461,,0.1
0.2,1,0.3,0,0,0.038258,,0.1
0.2,0,0.35,0,0,-0.0089026,,0.1
0.2,0.05,0.35,-0.0027289,0.01532,-0.0091424,,0.1
0.2,0.1,0.35,-0.006595,0.019664,-0.0090919,,0.1
0.2,0.15,0.35,-0.010927,0.01959,-0.008111,,0.1
0.2,0.2,0.35,-0.014928,0.017987,-0.0063795,,0.1
0.2,0.25,0.35,-0.018434,0.01573,-0.0039794,,0.1
0.2,0.3,0.35,-0.021383,0.013078,-0.00098488,,0.1
0.2,0.35,0.35,-0.023732,0.010148,0.0025132,,0.1
0.2,0.4,0.35,-0.025459,0.0070196,0.0064146,,0.1
0.2,0.45,0.35,-0.026554,0.0037546,0.010613,,0.1
0.2,0.5,0.35,-0.027008,0.00040453,0.014998,,0.1
0.2,0.55,0.35,-0.026812,-0.0029846,0.019452,,0.1
0.2,0.6,0.35,-0.025953,-0.0063646,0.023854,,0.1
0.2,0.65,0.35,-0.024419,-0.009678,0.028072,,0.1
0.2,0.7,0.35,-0.022198,-0.01285,0.031972,,0.1
0.2,0.75,0.35,-0.019293,-0.015781,0.035409,,0.1
0.2,0.8,0.35,-0.015732,-0.018323,0.038241,,0.1
0.2,0.85,0.35,-0.011578,-0.020169,0.040339,,0.1
0.2,0.9,0.35,-0.0070137,-0.020369,0.041571,,0.1
0.2,0.95,0.35,-0.0029096,-0.015913,0.04172,,0.1
0.2,1,0.35,0,0,0.041488,,0.1
0.2,0,0.4,0,0,-0.012757,,0.1
0.2,0.05,0.4,-0.0031837,0.018896,-0.013035,,0.1
0.2,0.1,0.4,-0.007672,0.024189,-0.012973,,0.1
0.2,0.15,0.4,-0.012666,0.024022,-0.011828,,0.1
0.2,0.2,0.4,-0.01723,0.021977,-0.0098174,,0.1
0.2,0.25,0.4,-0.021184,0.01915,-0.0070451,,0.1
0.2,0.3,0.4,-0.024473,0.015872,-0.0036012,,0.1
0.2,0.35,0.4,-0.02707,0.012292,0.00040755,,0.1
0.2,0.4,0.4,-0.028972,0.0085036,0.0048678,,0.1
0.2,0.45,0.4,-0.030182,0.0045751,0.0096629,,0.1
0.2,0.5,0.4,-0.030703,0.00055551,0.014673,,0.1
0.2,0.55,0.4,-0.030528,-0.0035149,0.019774,,0.1
0.2,0.6,0.4,-0.029637,-0.0075941,0.024834,,0.1
0.2,0.65,0.4,-0.028003,-0.011628,0.029712,,0.1
0.2,0.7,0.4,-0.025591,-0.015535,0.034254,,0.1
0.2,0.75,0.4,-0.022376,-0.019199,0.038293,,0.1
0.2,0.8,0.4,-0.018361,-0.022431,0.041655,,0.1
0.2,0.85,0.4,-0.013592,-0.024829,0.044171,,0.1
0.2,0.9,0.4,-0.0082741,-0.025187,0.045666,,0.1
0.2,0.95,0.4,-0.003445,-0.019741,0.045866,,0.1
0.2,1,0.4,0,0,0.045599,,0.1
0.2,0,0.45,0,0,-0.017549,,0.1
0.2,0.05,0.45,-0.0037768,0.023089,-0.017877,,0.1
0.2,0.1,0.45,-0.0090618,0.029459,-0.017795,,0.1
0.2,0.15,0.45,-0.014881,0.02913,-0.016434,,0.1
0.2,0.2,0.45,-0.020122,0.026517,-0.014065,,0.1
0.2,0.25,0.45,-0.024589,0.02299,-0.010823,,0.1
0.2,0.3,0.45,-0.028248,0.018972,-0.0068207,,0.1
0.2,0.35,0.45,-0.031101,0.014651,-0.0021859,,0.1
0.2,0.4,0.45,-0.033176,0.010134,0.0029521,,0.1
0.2,0.45,0.45,-0.034502,0.0054899,0.0084654,,0.1
0.2,0.5,0.45,-0.035098,0.00075673,0.014227,,0.1
0.2,0.55,0.45,-0.034961,-0.0040407,0.020106,,0.1
0.2,0.6,0.45,-0.034066,-0.0088778,0.025965,,0.1
0.2,0.65,0.45,-0.032361,-0.013713,0.031652,,0.1
0.2,0.7,0.45,-0.029778,-0.018471,0.036997,,0.1
0.2,0.75,0.45,-0.026247,-0.023017,0.041804,,0.1
0.2,0.8,0.45,-0.021722,-0.027116,0.045857,,0.1
0.2,0.85,0.45,-0.016214,-0.030247,0.048934,,0.1
0.2,0.9,0.45,-0.0099405,-0.030873,0.050793,,0.1
0.2,0.95,0.45,-0.0041621,-0.024299,0.051073,,0.1
0.2,1,0.45,0,0,0.050761,,0.1
0.2,0,0.5,0,0,-0.02346,,0.1
0.2,0.05,0.5,-0.0045633,0.028082,-0.023848,,0.1
0.2,0.1,0.5,-0.010875,0.035673,-0.023736,,0.1
0.2,0.15,0.5,-0.017722,0.035061,-0.022087,,0.1
0.2,0.2,0.5,-0.023759,0.031694,-0.019255,,0.1
0.2,0.25,0.5,-0.028788,0.027289,-0.01542,,0.1
0.2,0.3,0.5,-0.03282,0.022387,-0.010729,,0.1
0.2,0.35,0.5,-0.03591,0.017218,-0.0053355,,0.1
0.2,0.4,0.5,-0.038133,0.011903,0.00061179,,0.1
0.2,0.45,0.5,-0.03956,0.0064985,0.0069743,,0.1
0.2,0.5,0.5,-0.040234,0.0010219,0.01362,,0.1
0.2,0.55,0.5,-0.040162,-0.0045332,0.020416,,0.1
0.2,0.6,0.5,-0.03931,-0.010175,0.027224,,0.1
0.2,0.65,0.5,-0.037597,-0.015893,0.033888,,0.1
0.2,0.7,0.5,-0.034905,-0.02163,0.040223,,0.1
0.2,0.75,0.5,-0.031094,-0.027249,0.046002,,0.1
0.2,0.8,0.5,-0.026035,-0.032463,0.050958,,0.1
0.2,0.85,0.5,-0.019661,-0.036597,0.054796,,0.1
0.2,0.9,0.5,-0.012182,-0.03768,0.057167,,0.1
0.2,0.95,0.5,-0.0051461,-0.029831,0.057573,,0.1
0.2,1,0.5,0,0,0.057208,,0.1
0.2,0,0.55,0,0,-0.03073,,0.1
0.2,0.05,0.55,-0.0056363,0.03413,-0.031195,,0.1
0.2,0.1,0.55,-0.013292,0.043087,-0.031027,,0.1
0.2,0.15,0.55,-0.021412,0.041986,-0.028985,,0.1
0.2,0.2,0.55,-0.028361,0.037586,-0.025546,,0.1
0.2,0.25,0.55,-0.033968,0.032056,-0.02096,,0.1
0.2,0.3,0.55,-0.038328,0.026085,-0.01542,,0.1
0.2,0.35,0.55,-0.041587,0.019951,-0.0091142,,0.1
0.2,0.4,0.55,-0.043896,0.013774,-0.0022123,,0.1
0.2,0.45,0.55,-0.045383,0.0075873,0.0051376,,0.1
0.2,0.5,0.55,-0.04613,0.0013657,0.012803,,0.1
0.2,0.55,0.55,-0.046159,-0.0049466,0.020658,,0.1
0.2,0.6,0.55,-0.045426,-0.011413,0.028573,,0.1
0.2,0.65,0.55,-0.043818,-0.018078,0.036395,,0.1
0.2,0.7,0.55,-0.041147,-0.024932,0.043934,,0.1
0.2,0.75,0.55,-0.037169,-0.031857,0.050938,,0.1
0.2,0.8,0.55,-0.031619,-0.038526,0.057079,,0.1
0.2,0.85,0.55,-0.024277,-0.044076,0.06196,,0.1
0.2,0.9,0.55,-0.015284,-0.045949,0.065072,,0.1
0.2,0.95,0.55,-0.0065504,-0.036689,0.065692,,0.1
0.2,1,0.55,0,0,0.065271,,0.1
0.2,0,0.6,0,0,-0.039699,,0.1
0.2,0.05,0.6,-0.0071629,0.041607,-0.040255,,0.1
0.2,0.1,0.6,-0.01661,0.052044,-0.03998,,0.1
0.2,0.15,0.6,-0.0263,0.05009,-0.037381,,0.1
0.2,0.2,0.6,-0.034247,0.044237,-0.033129,,0.1
0.2,0.25,0.6,-0.040373,0.037244,-0.02758,,0.1
0.2,0.3,0.6,-0.044936,0.029979,-0.020991,,0.1
0.2,0.35,0.6,-0.048222,0.022756,-0.013593,,0.1
0.2,0.4,0.6,-0.050496,0.015676,-0.0055774,,0.1
0.2,0.45,0.6,-0.051967,0.0087212,0.0029016,,0.1
0.2,0.5,0.6,-0.052766,0.0018013,0.01172,,0.1
0.2,0.55,0.6,-0.05294,-0.0052148,0.020769,,0.1
0.2,0.6,0.6,-0.052441,-0.012474,0.029942,,0.1
0.2,0.65,0.6,-0.051116,-0.02011,0.039109,,0.1
0.2,0.7,0.6,-0.048698,-0.028203,0.048092,,0.1
0.2,0.75,0.6,-0.044799,-0.036705,0.056628,,0.1
0.2,0.8,0.6,-0.038934,-0.045288,0.06433,,0.1
0.2,0.85,0.6,-0.030603,-0.052879,0.070667,,0.1
0.2,0.9,0.6,-0.019744,-0.056134,0.074889,,0.1
0.2,0.95,0.6,-0.0086685,-0.04542,0.075897,,0.1
0.2,1,0.6,0,0,0.075436,,0.1
0.2,0,0.65,0,0,-0.050873,,0.1
0.2,0.05,0.65,-0.0094578,0.051087,-0.051517,,0.1
0.2,0.1,0.65,-0.021343,0.062997,-0.051018,,0.1
0.2,0.15,0.65,-0.032934,0.059555,-0.047594,,0.1
0.2,0.2,0.65,-0.041871,0.051613,-0.042226,,0.1
0.2,0.25,0.65,-0.048318,0.042702,-0.035425,,0.1
0.2,0.3,0.65,-0.05282,0.033878,-0.027532,,0.1
0.2,0.35,0.65,-0.05588,0.025458,-0.018829,,0.1
0.2,0.4,0.65,-0.057918,0.017478,-0.0095279,,0.1
0.2,0.45,0.65,-0.059244,0.0098335,0.00021916,,0.1
0.2,0.5,0.65,-0.060051,0.002336,0.010309,,0.1
0.2,0.55,0.65,-0.060419,-0.0052489,0.020667,,0.1
0.2,0.6,0.65,-0.060305,-0.013182,0.031229,,0.1
0.2,0.65,0.65,-0.059531,-0.02173,0.041915,,0.1
0.2,0.7,0.65,-0.057742,-0.031125,0.052592,,0.1
0.2,0.75,0.65,-0.054375,-0.041479,0.063018,,0.1
0.2,0.8,0.65,-0.048629,-0.052565,0.072773,,0.1
0.2,0.85,0.65,-0.03951,-0.063143,0.081179,,0.1
0.2,0.9,0.65,-0.026461,-0.068847,0.08712,,0.1
0.2,0.95,0.65,-0.012093,-0.056913,0.088889,,0.1
0.2,1,0.65,0,0,0.088479,,0.1
0.2,0,0.7,0,0,-0.065062,,0.1
0.2,0.05,0.7,-0.013138,0.063501,-0.065734,,0.1
0.2,0.1,0.7,-0.028394,0.076544,-0.064732,,0.1
0.2,0.15,0.7,-0.042156,0.070486,-0.060028,,0.1
0.2,0.2,0.7,-0.051837,0.059513,-0.053085,,0.1
0.2,0.25,0.7,-0.058147,0.048099,-0.044628,,0.1
0.2,0.3,0.7,-0.062103,0.037439,-0.035103,,0.1
0.2,0.35,0.7,-0.064521,0.027766,-0.024845,,0.1
0.2,0.4,0.7,-0.066012,0.018974,-0.014078,,0.1
0.2,0.45,0.7,-0.066994,0.010812,-0.0029369,,0.1
0.2,0.5,0.7,-0.067726,0.002962,0.0085124,,0.1
0.2,0.55,0.7,-0.068329,-0.0049408,0.020251,,0.1
0.2,0.6,0.7,-0.068786,-0.013299,0.032285,,0.1
0.2,0.65,0.7,-0.068915,-0.022554,0.044618,,0.1
0.2,0.7,0.7,-0.068313,-0.033171,0.057211,,0.1
0.2,0.75,0.7,-0.066245,-0.045563,0.069914,,0.1
0.2,0.8,0.7,-0.061502,-0.059826,0.082349,,0.1
0.2,0.85,0.7,-0.052305,-0.074764,0.093724,,0.1
0.2,0.9,0.7,-0.037045,-0.084831,0.10243,,0.1
0.2,0.95,0.7,-0.018024,-0.072675,0.10581,,0.1
0.2,1,0.7,0,0,0.10577,,0.1
0.2,0,0.75,0,0,-0.08372,,0.1
0.2,0.05,0.75,-0.019407,0.080428,-0.084152,,0.1
0.2,0.1,0.75,-0.039275,0.093391,-0.081965,,0.1
0.2,0.15,0.75,-0.055072,0.082742,-0.07518,,0.1
0.2,0.2,0.75,-0.064669,0.06739,-0.065958,,0.1
0.2,0.25,0.75,-0.069883,0.052794,-0.055282,,0.1
0.2,0.3,0.75,-0.072451,0.040088,-0.043703,,0.1
0.2,0.35,0.75,-0.073574,0.029231,-0.031597,,0.1
0.2,0.4,0.75,-0.074054,0.019851,-0.019182,,0.1
0.2,0.45,0.75,-0.074399,0.011482,-0.0065503,,0.1
0.2,0.5,0.75,-0.074911,0.0036385,0.0062966,,0.1
0.2,0.55,0.75,-0.075748,-0.004185,0.019418,,0.1
0.2,0.6,0.75,-0.076943,-0.012541,0.032917,,0.1
0.2,0.65,0.75,-0.078374,-0.022071,0.046924,,0.1
0.2,0.7,0.75,-0.079675,-0.033549,0.061561,,0.1
0.2,0.75,0.75,-0.080046,-0.047881,0.076877,,0.1
0.2,0.8,0.75,-0.077893,-0.065865,0.092712,,0.1
0.2,0.85,0.75,-0.07035,-0.086915,0.10835,,0.1
0.2,0.9,0.75,-0.053868,-0.10456,0.12167,,0.1
0.2,0.95,0.75,-0.028575,-0.095067,0.12866,,0.1
0.2,1,0.75,0,0,0.12996,,0.1
0.2,0,0.8,0,0,-0.10981,,0.1
0.2,0.05,0.8,-0.030295,0.10434,-0.10909,,0.1
0.2,0.1,0.8,-0.055734,0.11381,-0.10398,,0.1
0.2,0.15,0.8,-0.071781,0.095305,-0.093662,,0.1
0.2,0.2,0.8,-0.07899,0.073884,-0.081072,,0.1
0.2,0.25,0.8,-0.081147,0.055541,-0.067376,,0.1
0.2,0.3,0.8,-0.080862,0.040847,-0.053201,,0.1
0.2,0.35,0.8,-0.079672,0.029154,-0.03892,,0.1
0.2,0.4,0.8,-0.078463,0.019644,-0.02469,,0.1
0.2,0.45,0.8,-0.077732,0.011561,-0.010519,,0.1
0.2,0.5,0.8,-0.077755,0.0042397,0.0036891,,0.1
0.2,0.55,0.8,-0.078698,-0.0029498,0.018094,,0.1
0.2,0.6,0.8,-0.080661,-0.010676,0.032921,,0.1
0.2,0.65,0.8,-0.083658,-0.019753,0.048459,,0.1
0.2,0.7,0.8,-0.087522,-0.031288,0.065051,,0.1
0.2,0.75,0.8,-0.091661,-0.046857,0.083085,,0.1
0.2,0.8,0.8,-0.094387,-0.068509,0.10292,,0.1
0.2,0.85,0.8,-0.091769,-0.097401,0.12443,,0.1
0.2,0.9,0.8,-0.077579,-0.12746,0.14536,,0.1
0.2,0.95,0.8,-0.04557,-0.12787,0.16041,,0.1
0.2,1,0.8,0,0,0.16562,,0.1
0.2,0,0.85,0,0,-0.14989,,0.1
0.2,0.05,0.85,-0.04665,0.13786,-0.14498,,0.1
0.2,0.1,0.85,-0.074378,0.135,-0.13237,,0.1
0.2,0.15,0.85,-0.083061,0.10402,-0.116,,0.1
0.2,0.2,0.85,-0.082033,0.07545,-0.098359,,0.1
0.2,0.25,0.85,-0.077263,0.05376,-0.080535,,0.1
0.2,0.3,0.85,-0.071669,0.037978,-0.063118,,0.1
0.2,0.35,0.85,-0.06665,0.026409,-0.046348,,0.1
0.2,0.4,0.85,-0.062809,0.017628,-0.030209,,0.1
0.2,0.45,0.85,-0.060378,0.010577,-0.014544,,0.1
0.2,0.5,0.85,-0.059453,0.0044585,0.00088076,,0.1
0.2,0.55,0.85,-0.060124,-0.0014102,0.016354,,0.1
0.2,0.6,0.85,-0.062529,-0.0077173,0.032225,,0.1
0.2,0.65,0.85,-0.066858,-0.015334,0.048938,,0.1
0.2,0.7,0.85,-0.073329,-0.025607,0.067084,,0.1
0.2,0.75,0.85,-0.081965,-0.040831,0.087487,,0.1
0.2,0.8,0.85,-0.091716,-0.064901,0.1114,,0.1
0.2,0.85,0.85,-0.098535,-0.10266,0.14016,,0.1
0.2,0.9,0.85,-0.095325,-0.15168,0.17229,,0.1
0.2,0.95,0.85,-0.062627,-0.17763,0.20502,,0.1
0.2,1,0.85,0,0,0.22135,,0.1
0.2,0,0.9,0,0,-0.21739,,0.1
0.2,0.05,0.9,-0.049424,0.1842,-0.19822,,0.1
0.2,0.1,0.9,-0.056645,0.1458,-0.16587,,0.1
0.2,0.15,0.9,-0.035965,0.098063,-0.14008,,0.1
0.2,0.2,0.9,-0.01568,0.065132,-0.11553,,0.1
0.2,0.25,0.9,0.0013739,0.043434,-0.092654,,0.1
0.2,0.3,0.9,0.014907,0.029221,-0.071725,,0.1
0.2,0.35,0.9,0.025033,0.019715,-0.052543,,0.1
0.2,0.4,0.9,0.032166,0.013031,-0.034726,,0.1
0.2,0.45,0.9,0.036739,0.0079893,-0.017866,,0.1
0.2,0.5,0.9,0.039049,0.003829,-0.0015548,,0.1
0.2,0.55,0.9,0.039209,-2.51E-05,0.014624,,0.1
0.2,0.6,0.9,0.037138,-0.0041213,0.031126,,0.1
0.2,0.65,0.9,0.032512,-0.0091803,0.048523,,0.1
0.2,0.7,0.9,0.024675,-0.01647,0.067631,,0.1
0.2,0.75,0.9,0.012588,-0.028588,0.08979,,0.1
0.2,0.8,0.9,-0.0046158,-0.051038,0.1176,,0.1
0.2,0.85,0.9,-0.025185,-0.093935,0.15549,,0.1
0.2,0.9,0.9,-0.050248,-0.16525,0.20296,,0.1
0.2,0.95,0.9,-0.040763,-0.23363,0.27809,,0.1
0.2,1,0.9,0,0,0.3279,,0.1
0.2,0,0.95,0,0,-0.36897,,0.1
0.2,0.05,0.95,0.11378,0.17176,-0.29326,,0.1
0.2,0.1,0.95,0.16589,0.11524,-0.19284,,0.1
0.2,0.15,0.95,0.23689,0.068166,-0.15246,,0.1
0.2,0.2,0.95,0.28044,0.041132,-0.12304,,0.1
0.2,0.25,0.95,0.30742,0.025365,-0.097274,,0.1
0.2,0.3,0.95,0.32546,0.016042,-0.074695,,0.1
0.2,0.35,0.95,0.33773,0.010401,-0.054628,,0.1
0.2,0.4,0.95,0.34597,0.0067784,-0.036302,,0.1
0.2,0.45,0.95,0.35127,0.0042483,-0.019131,,0.1
0.2,0.5,0.95,0.35427,0.0022944,-0.0026363,,0.1
0.2,0.55,0.95,0.35526,0.00058603,0.013637,,0.1
0.2,0.6,0.95,0.35429,-0.0011609,0.030182,,0.1
0.2,0.65,0.95,0.35105,-0.0033175,0.047628,,0.1
0.2,0.7,0.95,0.34474,-0.00659,0.066984,,0.1
0.2,0.75,0.95,0.33357,-0.012624,0.090207,,0.1
0.2,0.8,0.95,0.31401,-0.025435,0.12173,,0.1
0.2,0.85,0.95,0.2811,-0.054432,0.17167,,0.1
0.2,0.9,0.95,0.21087,-0.11533,0.25233,,0.1
0.2,0.95,0.95,0.15207,-0.19219,0.42383,,0.1
0.2,1,0.95,0,0,0.54597,,0.1
0.2,0,1,0.5,0,-0.47771,,0.1
0.2,0.05,1,1,0,-0.35646,,0.1
0.2,0.1,1,1,0,-0.20232,,0.1
0.2,0.15,1,1,0,-0.15294,,0.1
0.2,0.2,1,1,0,-0.12253,,0.1
0.2,0.25,1,1,0,-0.096537,,0.1
0.2,0.3,1,1,0,-0.074028,,0.1
0.2,0.35,1,1,0,-0.054173,,0.1
0.2,0.4,1,1,0,-0.036053,,0.1
0.2,0.45,1,1,0,-0.019048,,0.1
0.2,0.5,1,1,0,-0.0026979,,0.1
0.2,0.55,1,1,0,0.013431,,0.1
0.2,0.6,1,1,0,0.029818,,0.1
0.2,0.65,1,1,0,0.047104,,0.1
0.2,0.7,1,1,0,0.06638,,0.1
0.2,0.75,1,1,0,0.08994,,0.1
0.2,0.8,1,1,0,0.12325,,0.1
0.2,0.85,1,1,0,0.17998,,0.1
0.2,0.9,1,1,0,0.28501,,0.1
0.2,0.95,1,1,0,0.52258,,0.1
0.2,1,1,0.5,0,0.69178,,0.1
0.3,0,0,0,0,-3.22E-10,,
0.3,0.05,0,0,0,-0.00016814,,
0.3,0.1,0,0,0,-0.0002619,,
0.3,0.15,0,0,0,0.00010174,,
0.3,0.2,0,0,0,0.00088076,,
0.3,0.25,0,0,0,0.0020444,,
0.3,0.3,0,0,0,0.0035539,,
0.3,0.35,0,0,0,0.0053598,,
0.3,0.4,0,0,0,0.0074049,,
0.3,0.45,0,0,0,0.0096248,,
0.3,0.5,0,0,0,0.011949,,
0.3,0.55,0,0,0,0.014301,,
0.3,0.6,0,0,0,0.016603,,
0.3,0.65,0,0,0,0.018774,,
0.3,0.7,0,0,0,0.020733,,
0.3,0.75,0,0,0,0.022404,,
0.3,0.8,0,0,0,0.023717,,
0.3,0.85,0,0,0,0.024615,,
0.3,0.9,0,0,0,0.025053,,
0.3,0.95,0,0,0,0.024983,,
0.3,1,0,0,0,0.024814,,
0.3,0,0.05,0,0,0.00016461,,
0.3,0.05,0.05,-0.0009939,0.00098222,-6.86E-06,,
0.3,0.1,0.05,-0.0027408,0.0015074,-9.82E-05,,
0.3,0.15,0.05,-0.0049066,0.0016136,0.00027093,,
0.3,0.2,0.05,-0.0070137,0.0015266,0.0010426,,
0.3,0.25,0.05,-0.0089292,0.0013593,0.002188,,
0.3,0.3,0.05,-0.010589,0.0011479,0.003673,,
0.3,0.35,0.05,-0.011945,0.00090462,0.0054506,,
0.3,0.4,0.05,-0.012959,0.00063646,0.0074651,,
0.3,0.45,0.05,-0.013604,0.00034957,0.009653,,
0.3,0.5,0.05,-0.013861,5.02E-05,0.011945,,
0.3,0.55,0.05,-0.013717,-0.00025487,0.014265,,
0.3,0.6,0.05,-0.013171,-0.00055843,0.016536,,
0.3,0.65,0.05,-0.012232,-0.00085243,0.018677,,
0.3,0.7,0.05,-0.010917,-0.0011279,0.02061,,
0.3,0.75,0.05,-0.0092584,-0.001374,0.022259,,
0.3,0.8,0.05,-0.0073051,-0.0015734,0.023555,,
0.3,0.85,0.05,-0.0051271,-0.0016836,0.024447,,
0.3,0.9,0.05,-0.0028711,-0.001584,0.024891,,
0.3,0.95,0.05,-0.0010439,-0.0010383,0.024823,,
0.3,1,0.05,0,0,0.02465,,
0.3,0,0.1,0,0,0.00026054,,
0.3,0.05,0.1,-0.0015876,0.0027488,7.00E-05,,
0.3,0.1,0.1,-0.004158,0.0039973,-3.63E-05,,
0.3,0.15,0.1,-0.007264,0.0042297,0.00033859,,
0.3,0.2,0.1,-0.010271,0.0039967,0.0011071,,
0.3,0.25,0.1,-0.013,0.0035567,0.0022404,,
0.3,0.3,0.1,-0.015362,0.0029993,0.0037094,,
0.3,0.35,0.1,-0.017288,0.0023578,0.00547,,
0.3,0.4,0.1,-0.018724,0.0016519,0.0074677,,
0.3,0.45,0.1,-0.019634,0.00089859,0.00964,,
0.3,0.5,0.1,-0.01999,0.00011466,0.011918,,
0.3,0.55,0.1,-0.019778,-0.00068247,0.014227,,
0.3,0.6,0.1,-0.018997,-0.001474,0.016488,,
0.3,0.65,0.1,-0.017656,-0.0022393,0.018623,,
0.3,0.7,0.1,-0.015784,-0.0029549,0.02055,,
0.3,0.75,0.1,-0.013425,-0.0035922,0.022196,,
0.3,0.8,0.1,-0.010647,-0.0041061,0.023492,,
0.3,0.85,0.1,-0.0075487,-0.0043926,0.024389,,
0.3,0.9,0.1,-0.0043264,-0.0041748,0.024843,,
0.3,0.95,0.1,-0.0016527,-0.002879,0.02476,,
0.3,1,0.1,0,0,0.024566,,
0.3,0,0.15,0,0,-9.46E-05,,
0.3,0.05,0.15,-0.0018636,0.0050845,-0.00031647,,
0.3,0.1,0.15,-0.0048386,0.0072097,-0.00045677,,
0.3,0.15,0.15,-0.0084056,0.0075758,-7.74E-05,,
0.3,0.2,0.15,-0.011843,0.0071464,0.00071113,,
0.3,0.25,0.15,-0.014953,0.0063541,0.0018755,,
0.3,0.3,0.15,-0.01764,0.0053525,0.0033864,,
0.3,0.35,0.15,-0.019828,0.004202,0.0051989,,
0.3,0.4,0.15,-0.02146,0.0029386,0.0072579,,
0.3,0.45,0.15,-0.022494,0.001593,0.0094996,,
0.3,0.5,0.15,-0.022902,0.00019479,0.011854,,
0.3,0.55,0.15,-0.022668,-0.0012257,0.014244,,
0.3,0.6,0.15,-0.021789,-0.0026361,0.01659,,
0.3,0.65,0.15,-0.020274,-0.0040001,0.018808,,
0.3,0.7,0.15,-0.018152,-0.0052767,0.020815,,
0.3,0.75,0.15,-0.015469,-0.0064146,0.022532,,
0.3,0.8,0.15,-0.0123,-0.0073337,0.023886,,
0.3,0.85,0.15,-0.0087518,-0.0078548,0.024824,,
0.3,0.9,0.15,-0.0050426,-0.0075134,0.025295,,
0.3,0.95,0.15,-0.0019417,-0.0053074,0.025179,,
0.3,1,0.15,0,0,0.024952,,
0.3,0,0.2,0,0,-0.00089283,,
0.3,0.05,0.2,-0.0020527,0.0076608,-0.0011447,,
0.3,0.1,0.2,-0.0053341,0.010744,-0.0013154,,
0.3,0.15,0.2,-0.0092606,0.011242,-0.00092009,,
0.3,0.2,0.2,-0.013031,0.010586,-8.68E-05,,
0.3,0.25,0.2,-0.016433,0.0094018,0.0011463,,
0.3,0.3,0.2,-0.019365,0.0079125,0.0027479,,
0.3,0.35,0.2,-0.021749,0.0062075,0.0046708,,
0.3,0.4,0.2,-0.023529,0.0043401,0.0068571,,
0.3,0.45,0.2,-0.024662,0.0023549,0.0092407,,
0.3,0.5,0.2,-0.025121,0.00029399,0.011748,,
0.3,0.55,0.2,-0.024886,-0.0018002,0.0143,,
0.3,0.6,0.2,-0.023951,-0.003882,0.01681,,
0.3,0.65,0.2,-0.022324,-0.0059002,0.019191,,
0.3,0.7,0.2,-0.020026,-0.0077951,0.021353,,
0.3,0.75,0.2,-0.017102,-0.009491,0.023208,,
0.3,0.8,0.2,-0.013628,-0.010869,0.024675,,
0.3,0.85,0.2,-0.0097137,-0.011666,0.025693,,
0.3,0.9,0.2,-0.0056012,-0.011206,0.0262,,
0.3,0.95,0.2,-0.0021544,-0.0079995,0.026057,,
0.3,1,0.2,0,0,0.025798,,
0.3,0,0.25,0,0,-0.0021596,,
0.3,0.05,0.25,-0.0022684,0.010483,-0.0024428,,
0.3,0.1,0.25,-0.0059002,0.014616,-0.0026404,,
0.3,0.15,0.25,-0.010239,0.015248,-0.0022138,,
0.3,0.2,0.25,-0.014391,0.014332,-0.0013078,,
0.3,0.25,0.25,-0.018123,0.012712,3.40E-05,,
0.3,0.3,0.25,-0.021331,0.010688,0.0017771,,
0.3,0.35,0.25,-0.023935,0.0083814,0.0038701,,
0.3,0.4,0.25,-0.025882,0.005864,0.0062514,,
0.3,0.45,0.25,-0.02713,0.0031938,0.0088506,,
0.3,0.5,0.25,-0.027652,0.0004239,0.01159,,
0.3,0.55,0.25,-0.027428,-0.0023929,0.014385,,
0.3,0.6,0.25,-0.026447,-0.0052001,0.017145,,
0.3,0.65,0.25,-0.024708,-0.0079326,0.019772,,
0.3,0.7,0.25,-0.022225,-0.010512,0.022169,,
0.3,0.75,0.25,-0.019034,-0.012836,0.024236,,
0.3,0.8,0.25,-0.015207,-0.014739,0.025878,,
0.3,0.85,0.25,-0.010863,-0.015863,0.027021,,
0.3,0.9,0.25,-0.0062694,-0.01529,0.027591,,
0.3,0.95,0.25,-0.0024091,-0.010978,0.027427,,
0.3,1,0.25,0,0,0.027131,,
0.3,0,0.3,0,0,-0.0039383,,
0.3,0.05,0.3,-0.0025519,0.013629,-0.0042592,,
0.3,0.1,0.3,-0.0066347,0.018927,-0.0044854,,
0.3,0.15,0.3,-0.011499,0.019695,-0.0040102,,
0.3,0.2,0.3,-0.016132,0.018475,-0.0029997,,
0.3,0.25,0.3,-0.020277,0.016359,-0.0015049,,
0.3,0.3,0.3,-0.023823,0.013737,0.00043492,,
0.3,0.35,0.3,-0.026695,0.010768,0.0027629,,
0.3,0.4,0.3,-0.028843,0.0075435,0.0054117,,
0.3,0.45,0.3,-0.030233,0.0041332,0.008306,,
0.3,0.5,0.3,-0.030838,0.00059899,0.011362,,
0.3,0.55,0.3,-0.030638,-0.0029997,0.01449,,
0.3,0.6,0.3,-0.029613,-0.0065988,0.017591,,
0.3,0.65,0.3,-0.027752,-0.010123,0.02056,,
0.3,0.7,0.3,-0.025054,-0.013475,0.023284,,
0.3,0.75,0.3,-0.021541,-0.016523,0.025648,,
0.3,0.8,0.3,-0.017276,-0.019048,0.027539,,
0.3,0.85,0.3,-0.012379,-0.020574,0.028864,,
0.3,0.9,0.3,-0.0071589,-0.019897,0.02953,,
0.3,0.95,0.3,-0.0027522,-0.014343,0.029346,,
0.3,1,0.3,0,0,0.029007,,
0.3,0,0.35,0,0,-0.00629,,
0.3,0.05,0.35,-0.0029249,0.017197,-0.0066582,,
0.3,0.1,0.35,-0.0075914,0.023806,-0.0069175,,
0.3,0.15,0.35,-0.013126,0.024705,-0.006374,,
0.3,0.2,0.35,-0.018363,0.023117,-0.0052226,,
0.3,0.25,0.35,-0.023014,0.020422,-0.0035248,,
0.3,0.3,0.35,-0.026968,0.017121,-0.0013271,,
0.3,0.35,0.35,-0.030157,0.013413,0.0013063,,
0.3,0.4,0.35,-0.032542,0.0094112,0.004301,,
0.3,0.45,0.35,-0.0341,0.0051974,0.0075752,,
0.3,0.5,0.35,-0.03481,0.0008369,0.01104,,
0.3,0.55,0.35,-0.034651,-0.0036103,0.014598,,
0.3,0.6,0.35,-0.033594,-0.0080791,0.018142,,
0.3,0.65,0.35,-0.031611,-0.012488,0.021557,,
0.3,0.7,0.35,-0.028676,-0.016726,0.024716,,
0.3,0.75,0.35,-0.024785,-0.020629,0.02748,,
0.3,0.8,0.35,-0.019982,-0.023911,0.029714,,
0.3,0.85,0.35,-0.014385,-0.02595,0.031294,,
0.3,0.9,0.35,-0.0083472,-0.025195,0.032098,,
0.3,0.95,0.35,-0.003215,-0.018225,0.031894,,
0.3,1,0.35,0,0,0.031499,,
0.3,0,0.4,0,0,-0.009298,,
0.3,0.05,0.4,-0.0034115,0.021314,-0.0097263,,
0.3,0.1,0.4,-0.0088275,0.02941,-0.010025,,
0.3,0.15,0.4,-0.015208,0.030422,-0.0093894,,
0.3,0.2,0.4,-0.021187,0.02837,-0.0080537,,
0.3,0.25,0.4,-0.026442,0.024985,-0.0060952,,
0.3,0.3,0.4,-0.030867,0.020894,-0.0035705,,
0.3,0.35,0.4,-0.034414,0.016353,-0.00055391,,
0.3,0.4,0.4,-0.037064,0.011496,0.0028715,,
0.3,0.45,0.4,-0.038812,0.0064105,0.0066172,,
0.3,0.5,0.4,-0.03965,0.0011597,0.010588,,
0.3,0.55,0.4,-0.039558,-0.004205,0.014681,,
0.3,0.6,0.4,-0.038496,-0.009628,0.018782,,
0.3,0.65,0.4,-0.036411,-0.015032,0.022764,,
0.3,0.7,0.4,-0.033239,-0.020298,0.026483,,
0.3,0.75,0.4,-0.028934,-0.025228,0.029776,,
0.3,0.8,0.4,-0.023497,-0.029457,0.03247,,
0.3,0.85,0.4,-0.017029,-0.032177,0.034402,,
0.3,0.9,0.4,-0.0099326,-0.0314,0.035406,,
0.3,0.95,0.4,-0.0038385,-0.022797,0.035183,,
0.3,1,0.4,0,0,0.034714,,
0.3,0,0.45,0,0,-0.013074,,
0.3,0.05,0.45,-0.0040483,0.026139,-0.013579,,
0.3,0.1,0.45,-0.010426,0.035936,-0.013926,,
0.3,0.15,0.45,-0.017864,0.037013,-0.013166,,
0.3,0.2,0.45,-0.024738,0.034357,-0.011592,,
0.3,0.25,0.45,-0.03069,0.030124,-0.009303,,
0.3,0.3,0.45,-0.035637,0.025105,-0.0063715,,
0.3,0.35,0.45,-0.039563,0.019617,-0.0028845,,
0.3,0.4,0.45,-0.042487,0.013817,0.0010645,,
0.3,0.45,0.45,-0.044437,0.0077932,0.0053794,,
0.3,0.5,0.45,-0.045427,0.0015946,0.0099604,,
0.3,0.55,0.45,-0.04544,-0.0047496,0.014701,,
0.3,0.6,0.45,-0.044424,-0.011209,0.019483,,
0.3,0.65,0.45,-0.042291,-0.017728,0.024169,,
0.3,0.7,0.45,-0.038924,-0.024191,0.028598,,
0.3,0.75,0.45,-0.034203,-0.030375,0.032578,,
0.3,0.8,0.45,-0.028055,-0.035821,0.035889,,
0.3,0.85,0.45,-0.020527,-0.039477,0.03831,,
0.3,0.9,0.45,-0.012068,-0.038792,0.039601,,
0.3,0.95,0.45,-0.0046908,-0.028294,0.039364,,
0.3,1,0.45,0,0,0.038797,,
0.3,0,0.5,0,0,-0.017766,,
0.3,0.05,0.5,-0.0048954,0.031884,-0.018371,,
0.3,0.1,0.5,-0.012514,0.04363,-0.018773,,
0.3,0.15,0.5,-0.021271,0.044673,-0.017845,,
0.3,0.2,0.5,-0.029205,0.041201,-0.01596,,
0.3,0.25,0.5,-0.035933,0.035904,-0.013255,,
0.3,0.3,0.5,-0.041419,0.029776,-0.0098209,,
0.3,0.35,0.5,-0.04571,0.023207,-0.0057641,,
0.3,0.4,0.5,-0.048889,0.016375,-0.0011901,,
0.3,0.45,0.5,-0.051035,0.0093578,0.0037981,,
0.3,0.5,0.5,-0.052193,0.0021741,0.009098,,
0.3,0.55,0.5,-0.052362,-0.0051892,0.014604,,
0.3,0.6,0.5,-0.051476,-0.012751,0.020199,,
0.3,0.65,0.5,-0.049404,-0.0205,0.025741,,
0.3,0.7,0.5,-0.045952,-0.028356,0.031058,,
0.3,0.75,0.5,-0.040887,-0.036085,0.035924,,
0.3,0.8,0.5,-0.034001,-0.043126,0.040063,,
0.3,0.85,0.5,-0.025221,-0.048117,0.043168,,
0.3,0.9,0.5,-0.01501,-0.04775,0.044884,,
0.3,0.95,0.5,-0.0058931,-0.035047,0.044646,,
0.3,1,0.5,0,0,0.043949,,
0.3,0,0.55,0,0,-0.023577,,
0.3,0.05,0.55,-0.0060572,0.038843,-0.024309,,
0.3,0.1,0.55,-0.015301,0.052812,-0.024773,,
0.3,0.15,0.55,-0.025699,0.053629,-0.023608,,
0.3,0.2,0.55,-0.034859,0.049018,-0.021312,,
0.3,0.25,0.55,-0.0424,0.042353,-0.018077,,
0.3,0.3,0.55,-0.048385,0.034885,-0.014024,,
0.3,0.35,0.55,-0.052971,0.027084,-0.0092819,,
0.3,0.4,0.55,-0.056337,0.019139,-0.0039715,,
0.3,0.45,0.55,-0.058637,0.0111,0.0017984,,
0.3,0.5,0.55,-0.059972,0.0029335,0.0079268,,
0.3,0.55,0.55,-0.060363,-0.0054436,0.014316,,
0.3,0.6,0.55,-0.059735,-0.01413,0.020858,,
0.3,0.65,0.55,-0.057908,-0.023201,0.027421,,
0.3,0.7,0.55,-0.054588,-0.032652,0.033828,,
0.3,0.75,0.55,-0.049377,-0.042285,0.039829,,
0.3,0.8,0.55,-0.04184,-0.051451,0.045081,,
0.3,0.85,0.55,-0.031657,-0.058399,0.049161,,
0.3,0.9,0.55,-0.019207,-0.058787,0.051525,,
0.3,0.95,0.55,-0.0076778,-0.04356,0.051332,,
0.3,1,0.55,0,0,0.050464,,
0.3,0,0.6,0,0,-0.030794,,
0.3,0.05,0.6,-0.0077228,0.047449,-0.031687,,
0.3,0.1,0.6,-0.019136,0.063907,-0.032205,,
0.3,0.15,0.6,-0.031567,0.064135,-0.030689,,
0.3,0.2,0.6,-0.042087,0.057888,-0.027836,,
0.3,0.25,0.6,-0.050394,0.049437,-0.023917,,
0.3,0.3,0.6,-0.056739,0.040337,-0.019096,,
0.3,0.35,0.6,-0.061454,0.031142,-0.013533,,
0.3,0.4,0.6,-0.064861,0.022028,-0.007363,,
0.3,0.45,0.6,-0.067226,0.012987,-0.00070105,,
0.3,0.5,0.6,-0.06872,0.0039045,0.0063592,,
0.3,0.55,0.6,-0.069407,-0.0054037,0.013739,,
0.3,0.6,0.6,-0.069216,-0.015157,0.021355,,
0.3,0.65,0.6,-0.067922,-0.025571,0.029101,,
0.3,0.7,0.6,-0.065115,-0.03679,0.03682,,
0.3,0.75,0.6,-0.060174,-0.048737,0.044257,,
0.3,0.8,0.6,-0.052307,-0.060748,0.051008,,
0.3,0.85,0.6,-0.040719,-0.070632,0.056501,,
0.3,0.9,0.6,-0.025469,-0.072618,0.059896,,
0.3,0.95,0.6,-0.010515,-0.05464,0.05987,,
0.3,1,0.6,0,0,0.058798,,
0.3,0,0.65,0,0,-0.039854,,
0.3,0.05,0.65,-0.010251,0.058365,-0.040939,,
0.3,0.1,0.65,-0.024613,0.077484,-0.041455,,
0.3,0.15,0.65,-0.039519,0.076445,-0.039394,,
0.3,0.2,0.65,-0.051428,0.067807,-0.035759,,
0.3,0.25,0.65,-0.060284,0.056993,-0.03094,,
0.3,0.3,0.65,-0.066677,0.045912,-0.025158,,
0.3,0.35,0.65,-0.071206,0.035168,-0.018606,,
0.3,0.4,0.65,-0.074396,0.024879,-0.011442,,
0.3,0.45,0.65,-0.076654,0.014937,-0.0037789,,
0.3,0.5,0.65,-0.078246,0.0051067,0.004305,,
0.3,0.55,0.65,-0.079296,-0.0049314,0.012758,,
0.3,0.6,0.65,-0.079763,-0.015559,0.021541,,
0.3,0.65,0.65,-0.079407,-0.027199,0.030605,,
0.3,0.7,0.65,-0.077712,-0.040246,0.039851,,
0.3,0.75,0.65,-0.073801,-0.054905,0.049066,,
0.3,0.8,0.65,-0.066367,-0.070681,0.057827,,
0.3,0.85,0.65,-0.053776,-0.085005,0.065398,,
0.3,0.9,0.65,-0.035257,-0.090213,0.070494,,
0.3,0.95,0.65,-0.01537,-0.069662,0.070979,,
0.3,1,0.65,0,0,0.069742,,
0.3,0,0.7,0,0,-0.051489,,
0.3,0.05,0.7,-0.014332,0.072668,-0.052745,,
0.3,0.1,0.7,-0.032737,0.094277,-0.053076,,
0.3,0.15,0.7,-0.050474,0.090738,-0.05012,,
0.3,0.2,0.7,-0.0635,0.078567,-0.045352,,
0.3,0.25,0.7,-0.072346,0.064639,-0.039323,,
0.3,0.3,0.7,-0.078172,0.05119,-0.032317,,
0.3,0.35,0.7,-0.081964,0.038789,-0.024571,,
0.3,0.4,0.7,-0.084502,0.027412,-0.01626,,
0.3,0.45,0.7,-0.086355,0.016788,-0.0074934,,
0.3,0.5,0.7,-0.087894,0.0065188,0.0016764,,
0.3,0.55,0.7,-0.089324,-0.0038835,0.01124,,
0.3,0.6,0.7,-0.090672,-0.014996,0.021225,,
0.3,0.65,0.7,-0.09174,-0.027503,0.031673,,
0.3,0.7,0.7,-0.091986,-0.042179,0.042603,,
0.3,0.75,0.7,-0.090322,-0.059754,0.053928,,
0.3,0.8,0.7,-0.084817,-0.080298,0.065325,,
0.3,0.85,0.7,-0.072516,-0.10124,0.075978,,
0.3,0.9,0.7,-0.050879,-0.11269,0.083987,,
0.3,0.95,0.7,-0.024041,-0.090942,0.08593,,
0.3,1,0.7,0,0,0.084863,,
0.3,0,0.75,0,0,-0.067063,,
0.3,0.05,0.75,-0.021229,0.092136,-0.06827,,
0.3,0.1,0.75,-0.044983,0.11512,-0.067856,,
0.3,0.15,0.75,-0.065296,0.10686,-0.063367,,
0.3,0.2,0.75,-0.078335,0.089503,-0.056917,,
0.3,0.25,0.75,-0.085878,0.07155,-0.049224,,
0.3,0.3,0.75,-0.089957,0.055391,-0.040635,,
0.3,0.35,0.75,-0.092053,0.041363,-0.031431,,
0.3,0.4,0.75,-0.093213,0.02915,-0.021802,,
0.3,0.45,0.75,-0.094145,0.018232,-0.011842,,
0.3,0.5,0.75,-0.095305,0.0080055,-0.0015649,,
0.3,0.55,0.75,-0.096975,-0.0021964,0.0090803,,
0.3,0.6,0.75,-0.099288,-0.013145,0.020203,,
0.3,0.65,0.75,-0.10218,-0.025805,0.031969,,
0.3,0.7,0.75,-0.10526,-0.041441,0.044575,,
0.3,0.75,0.75,-0.10744,-0.061605,0.058199,,
0.3,0.8,0.75,-0.10628,-0.087601,0.072868,,
0.3,0.85,0.75,-0.09714,-0.11784,0.088008,,
0.3,0.9,0.75,-0.074409,-0.14058,0.10114,,
0.3,0.95,0.75,-0.038887,-0.12189,0.10702,,
0.3,1,0.75,0,0,0.10732,,
0.3,0,0.8,0,0,-0.08948,,
0.3,0.05,0.8,-0.032744,0.1193,-0.089737,,
0.3,0.1,0.8,-0.062269,0.14009,-0.086964,,
0.3,0.15,0.8,-0.082411,0.12335,-0.079734,,
0.3,0.2,0.8,-0.092086,0.098693,-0.070725,,
0.3,0.25,0.8,-0.095391,0.075915,-0.060691,,
0.3,0.3,0.8,-0.095442,0.057031,-0.050019,,
0.3,0.35,0.8,-0.094161,0.041758,-0.039024,,
0.3,0.4,0.8,-0.092734,0.029269,-0.027888,,
0.3,0.45,0.8,-0.091872,0.01869,-0.016664,,
0.3,0.5,0.8,-0.092009,0.0091921,-0.0053084,,
0.3,0.55,0.8,-0.09344,-4.52E-05,0.0063076,,
0.3,0.6,0.8,-0.096397,-0.0099286,0.018378,,
0.3,0.65,0.8,-0.10105,-0.021644,0.031197,,
0.3,0.7,0.8,-0.10735,-0.03694,0.045186,,
0.3,0.75,0.8,-0.1147,-0.058448,0.060911,,
0.3,0.8,0.8,-0.12075,-0.089559,0.079134,,
0.3,0.85,0.8,-0.11951,-0.13149,0.10031,,
0.3,0.9,0.8,-0.1018,-0.1727,0.12208,,
0.3,0.95,0.8,-0.059473,-0.16728,0.13747,,
0.3,1,0.8,0,0,0.14241,,
0.3,0,0.85,0,0,-0.12524,,
0.3,0.05,0.85,-0.048574,0.15586,-0.12135,,
0.3,0.1,0.85,-0.078043,0.16465,-0.11168,,
0.3,0.15,0.85,-0.087177,0.13416,-0.099551,,
0.3,0.2,0.85,-0.084876,0.10086,-0.086575,,
0.3,0.25,0.85,-0.07802,0.073749,-0.073217,,
0.3,0.3,0.85,-0.070123,0.053293,-0.059837,,
0.3,0.35,0.85,-0.062909,0.038038,-0.046708,,
0.3,0.4,0.85,-0.057194,0.026426,-0.033926,,
0.3,0.45,0.85,-0.053328,0.017189,-0.021443,,
0.3,0.5,0.85,-0.051473,0.009328,-0.0091195,,
0.3,0.55,0.85,-0.051768,0.0019695,0.0032623,,
0.3,0.6,0.85,-0.054442,-0.0058077,0.015994,,
0.3,0.65,0.85,-0.059867,-0.015222,0.029478,,
0.3,0.7,0.85,-0.06853,-0.02829,0.044326,,
0.3,0.75,0.85,-0.080819,-0.048679,0.061541,,
0.3,0.8,0.85,-0.095716,-0.082519,0.082997,,
0.3,0.85,0.85,-0.10794,-0.13633,0.11129,,
0.3,0.9,0.85,-0.1085,-0.20362,0.1459,,
0.3,0.95,0.85,-0.072709,-0.23081,0.18237,,
0.3,1,0.85,0,0,0.20041,,
0.3,0,0.9,0,0,-0.18784,,
0.3,0.05,0.9,-0.047934,0.20215,-0.16893,,
0.3,0.1,0.9,-0.048944,0.17339,-0.13978,,
0.3,0.15,0.9,-0.01969,0.12432,-0.11998,,
0.3,0.2,0.9,0.0088896,0.085994,-0.10142,,
0.3,0.25,0.9,0.033157,0.058955,-0.084021,,
0.3,0.3,0.9,0.05259,0.040535,-0.067777,,
0.3,0.35,0.9,0.067457,0.028001,-0.052644,,
0.3,0.4,0.9,0.078311,0.019202,-0.038466,,
0.3,0.45,0.9,0.08573,0.012675,-0.025015,,
0.3,0.5,0.9,0.090143,0.0074511,-0.012025,,
0.3,0.55,0.9,0.091749,0.0028104,0.00081222,,
0.3,0.6,0.9,0.09049,-0.0019536,0.01388,,
0.3,0.65,0.9,0.085968,-0.0077788,0.027668,,
0.3,0.7,0.9,0.077237,-0.016396,0.042966,,
0.3,0.75,0.9,0.062568,-0.031568,0.061328,,
0.3,0.8,0.9,0.040109,-0.061157,0.086089,,
0.3,0.85,0.9,0.010628,-0.11838,0.12328,,
0.3,0.9,0.9,-0.029682,-0.20995,0.1764,,
0.3,0.95,0.9,-0.034331,-0.28525,0.26221,,
0.3,1,0.9,0,0,0.31754,,
0.3,0,0.95,0,0,-0.33195,,
0.3,0.05,0.95,0.11927,0.18381,-0.25556,,
0.3,0.1,0.95,0.18382,0.13318,-0.15797,,
0.3,0.15,0.95,0.26992,0.084393,-0.12511,,
0.3,0.2,0.95,0.32615,0.053364,-0.10359,,
0.3,0.25,0.95,0.36265,0.033853,-0.084916,,
0.3,0.3,0.95,0.38747,0.021747,-0.068203,,
0.3,0.35,0.95,0.40467,0.014283,-0.053015,,
0.3,0.4,0.95,0.41653,0.0095367,-0.038904,,
0.3,0.45,0.95,0.42455,0.0063194,-0.025546,,
0.3,0.5,0.95,0.42963,0.0039441,-0.012664,,
0.3,0.55,0.95,0.43224,0.0019844,3.97E-05,,
0.3,0.6,0.95,0.43251,0.00010404,0.012934,,
0.3,0.65,0.95,0.43017,-0.0021371,0.026563,,
0.3,0.7,0.95,0.42425,-0.0056115,0.041926,,
0.3,0.75,0.95,0.4124,-0.012452,0.061251,,
0.3,0.8,0.95,0.38967,-0.027863,0.089886,,
0.3,0.85,0.95,0.34923,-0.063577,0.14017,,
0.3,0.9,0.95,0.26079,-0.13636,0.22964,,
0.3,0.95,0.95,0.17622,-0.219,0.41717,,
0.3,1,0.95,0,0,0.54791,,
0.3,0,1,0.5,0,-0.43579,,
0.3,0.05,1,1,0,-0.31365,,
0.3,0.1,1,1,0,-0.16197,,
0.3,0.15,1,1,0,-0.12058,,
0.3,0.2,1,1,0,-0.099262,,
0.3,0.25,1,1,0,-0.081414,,
0.3,0.3,1,1,0,-0.065576,,
0.3,0.35,1,1,0,-0.051189,,
0.3,0.4,1,1,0,-0.0377,,
0.3,0.45,1,1,0,-0.024789,,
0.3,0.5,1,1,0,-0.012238,,
0.3,0.55,1,1,0,0.00019599,,
0.3,0.6,1,1,0,0.012831,,
0.3,0.65,1,1,0,0.02623,,
0.3,0.7,1,1,0,0.04149,,
0.3,0.75,1,1,0,0.061189,,
0.3,0.8,1,1,0,0.091853,,
0.3,0.85,1,1,0,0.15006,,
0.3,0.9,1,1,0,0.26485,,
0.3,0.95,1,1,0,0.51916,,
0.3,1,1,0.5,0,0.69765,,
0.3,0,0,0,0,-3.22E-10,,0.1
0.3,0.05,0,0,0,-0.00016814,,0.1
0.3,0.1,0,0,0,-0.0002619,,0.1
0.3,0.15,0,0,0,0.00010174,,0.1
0.3,0.2,0,0,0,0.00088076,,0.1
0.3,0.25,0,0,0,0.0020444,,0.1
0.3,0.3,0,0,0,0.0035539,,0.1
0.3,0.35,0,0,0,0.0053598,,0.1
0.3,0.4,0,0,0,0.0074049,,0.1
0.3,0.45,0,0,0,0.0096248,,0.1
0.3,0.5,0,0,0,0.011949,,0.1
0.3,0.55,0,0,0,0.014301,,0.1
0.3,0.6,0,0,0,0.016603,,0.1
0.3,0.65,0,0,0,0.018774,,0.1
0.3,0.7,0,0,0,0.020733,,0.1
0.3,0.75,0,0,0,0.022404,,0.1
0.3,0.8,0,0,0,0.023717,,0.1
0.3,0.85,0,0,0,0.024615,,0.1
0.3,0.9,0,0,0,0.025053,,0.1
0.3,0.95,0,0,0,0.024983,,0.1
0.3,1,0,0,0,0.024814,,0.1
0.3,0,0.05,0,0,0.00016461,,0.1
0.3,0.05,0.05,-0.0009939,0.00098222,-6.86E-06,,0.1
0.3,0.1,0.05,-0.0027408,0.0015074,-9.82E-05,,0.1
0.3,0.15,0.05,-0.0049066,0.0016136,0.00027093,,0.1
0.3,0.2,0.05,-0.0070137,0.0015266,0.0010426,,0.1
0.3,0.25,0.05,-0.0089292,0.0013593,0.002188,,0.1
0.3,0.3,0.05,-0.010589,0.0011479,0.003673,,0.1
0.3,0.35,0.05,-0.011945,0.00090462,0.0054506,,0.1
0.3,0.4,0.05,-0.012959,0.00063646,0.0074651,,0.1
0.3,0.45,0.05,-0.013604,0.00034957,0.009653,,0.1
0.3,0.5,0.05,-0.013861,5.02E-05,0.011945,,0.1
0.3,0.55,0.05,-0.013717,-0.00025487,0.014265,,0.1
0.3,0.6,0.05,-0.013171,-0.00055843,0.016536,,0.1
0.3,0.65,0.05,-0.012232,-0.00085243,0.018677,,0.1
0.3,0.7,0.05,-0.010917,-0.0011279,0.02061,,0.1
0.3,0.75,0.05,-0.0092584,-0.001374,0.022259,,0.1
0.3,0.8,0.05,-0.0073051,-0.0015734,0.023555,,0.1
0.3,0.85,0.05,-0.0051271,-0.0016836,0.024447,,0.1
0.3,0.9,0.05,-0.0028711,-0.001584,0.024891,,0.1
0.3,0.95,0.05,-0.0010439,-0.0010383,0.024823,,0.1
0.3,1,0.05,0,0,0.02465,,0.1
0.3,0,0.1,0,0,0.00026054,,0.1
0.3,0.05,0.1,-0.0015876,0.0027488,7.00E-05,,0.1
0.3,0.1,0.1,-0.004158,0.0039973,-3.63E-05,,0.1
0.3,0.15,0.1,-0.007264,0.0042297,0.00033859,,0.1
0.3,0.2,0.1,-0.010271,0.0039967,0.0011071,,0.1
0.3,0.25,0.1,-0.013,0.0035567,0.0022404,,0.1
0.3,0.3,0.1,-0.015362,0.0029993,0.0037094,,0.1
0.3,0.35,0.1,-0.017288,0.0023578,0.00547,,0.1
0.3,0.4,0.1,-0.018724,0.0016519,0.0074677,,0.1
0.3,0.45,0.1,-0.019634,0.00089859,0.00964,,0.1
0.3,0.5,0.1,-0.01999,0.00011466,0.011918,,0.1
0.3,0.55,0.1,-0.019778,-0.00068247,0.014227,,0.1
0.3,0.6,0.1,-0.018997,-0.001474,0.016488,,0.1
0.3,0.65,0.1,-0.017656,-0.0022393,0.018623,,0.1
0.3,0.7,0.1,-0.015784,-0.0029549,0.02055,,0.1
0.3,0.75,0.1,-0.013425,-0.0035922,0.022196,,0.1
0.3,0.8,0.1,-0.010647,-0.0041061,0.023492,,0.1
0.3,0.85,0.1,-0.0075487,-0.0043926,0.024389,,0.1
0.3,0.9,0.1,-0.0043264,-0.0041748,0.024843,,0.1
0.3,0.95,0.1,-0.0016527,-0.002879,0.02476,,0.1
0.3,1,0.1,0,0,0.024566,,0.1
0.3,0,0.15,0,0,-9.46E-05,,0.1
0.3,0.05,0.15,-0.0018636,0.0050845,-0.00031647,,0.1
0.3,0.1,0.15,-0.0048386,0.0072097,-0.00045677,,0.1
0.3,0.15,0.15,-0.0084056,0.0075758,-7.74E-05,,0.1
0.3,0.2,0.15,-0.011843,0.0071464,0.00071113,,0.1
0.3,0.25,0.15,-0.014953,0.0063541,0.0018755,,0.1
0.3,0.3,0.15,-0.01764,0.0053525,0.0033864,,0.1
0.3,0.35,0.15,-0.019828,0.004202,0.0051989,,0.1
0.3,0.4,0.15,-0.02146,0.0029386,0.0072579,,0.1
0.3,0.45,0.15,-0.022494,0.001593,0.0094996,,0.1
0.3,0.5,0.15,-0.022902,0.00019479,0.011854,,0.1
0.3,0.55,0.15,-0.022668,-0.0012257,0.014244,,0.1
0.3,0.6,0.15,-0.021789,-0.0026361,0.01659,,0.1
0.3,0.65,0.15,-0.020274,-0.0040001,0.018808,,0.1
0.3,0.7,0.15,-0.018152,-0.0052767,0.020815,,0.1
0.3,0.75,0.15,-0.015469,-0.0064146,0.022532,,0.1
0.3,0.8,0.15,-0.0123,-0.0073337,0.023886,,0.1
0.3,0.85,0.15,-0.0087518,-0.0078548,0.024824,,0.1
0.3,0.9,0.15,-0.0050426,-0.0075134,0.025295,,0.1
0.3,0.95,0.15,-0.0019417,-0.0053074,0.025179,,0.1
0.3,1,0.15,0,0,0.024952,,0.1
0.3,0,0.2,0,0,-0.00089283,,0.1
0.3,0.05,0.2,-0.0020527,0.0076608,-0.0011447,,0.1
0.3,0.1,0.2,-0.0053341,0.010744,-0.0013154,,0.1
0.3,0.15,0.2,-0.0092606,0.011242,-0.00092009,,0.1
0.3,0.2,0.2,-0.013031,0.010586,-8.68E-05,,0.1
0.3,0.25,0.2,-0.016433,0.0094018,0.0011463,,0.1
0.3,0.3,0.2,-0.019365,0.0079125,0.0027479,,0.1
0.3,0.35,0.2,-0.021749,0.0062075,0.0046708,,0.1
0.3,0.4,0.2,-0.023529,0.0043401,0.0068571,,0.1
0.3,0.45,0.2,-0.024662,0.0023549,0.0092407,,0.1
0.3,0.5,0.2,-0.025121,0.00029399,0.011748,,0.1
0.3,0.55,0.2,-0.024886,-0.0018002,0.0143,,0.1
0.3,0.6,0.2,-0.023951,-0.003882,0.01681,,0.1
0.3,0.65,0.2,-0.022324,-0.0059002,0.019191,,0.1
0.3,0.7,0.2,-0.020026,-0.0077951,0.021353,,0.1
0.3,0.75,0.2,-0.017102,-0.009491,0.023208,,0.1
0.3,0.8,0.2,-0.013628,-0.010869,0.024675,,0.1
0.3,0.85,0.2,-0.0097137,-0.011666,0.025693,,0.1
0.3,0.9,0.2,-0.0056012,-0.011206,0.0262,,0.1
0.3,0.95,0.2,-0.0021544,-0.0079995,0.026057,,0.1
0.3,1,0.2,0,0,0.025798,,0.1
0.3,0,0.25,0,0,-0.0021596,,0.1
0.3,0.05,0.25,-0.0022684,0.010483,-0.0024428,,0.1
0.3,0.1,0.25,-0.0059002,0.014616,-0.0026404,,0.1
0.3,0.15,0.25,-0.010239,0.015248,-0.0022138,,0.1
0.3,0.2,0.25,-0.014391,0.014332,-0.0013078,,0.1
0.3,0.25,0.25,-0.018123,0.012712,3.40E-05,,0.1
0.3,0.3,0.25,-0.021331,0.010688,0.0017771,,0.1
0.3,0.35,0.25,-0.023935,0.0083814,0.0038701,,0.1
0.3,0.4,0.25,-0.025882,0.005864,0.0062514,,0.1
0.3,0.45,0.25,-0.02713,0.0031938,0.0088506,,0.1
0.3,0.5,0.25,-0.027652,0.0004239,0.01159,,0.1
0.3,0.55,0.25,-0.027428,-0.0023929,0.014385,,0.1
0.3,0.6,0.25,-0.026447,-0.0052001,0.017145,,0.1
0.3,0.65,0.25,-0.024708,-0.0079326,0.019772,,0.1
0.3,0.7,0.25,-0.022225,-0.010512,0.022169,,0.1
0.3,0.75,0.25,-0.019034,-0.012836,0.024236,,0.1
0.3,0.8,0.25,-0.015207,-0.014739,0.025878,,0.1
0.3,0.85,0.25,-0.010863,-0.015863,0.027021,,0.1
0.3,0.9,0.25,-0.0062694,-0.01529,0.027591,,0.1
0.3,0.95,0.25,-0.0024091,-0.010978,0.027427,,0.1
0.3,1,0.25,0,0,0.027131,,0.1
0.3,0,0.3,0,0,-0.0039383,,0.1
0.3,0.05,0.3,-0.0025519,0.013629,-0.0042592,,0.1
0.3,0.1,0.3,-0.0066347,0.018927,-0.0044854,,0.1
0.3,0.15,0.3,-0.011499,0.019695,-0.0040102,,0.1
0.3,0.2,0.3,-0.016132,0.018475,-0.0029997,,0.1
0.3,0.25,0.3,-0.020277,0.016359,-0.0015049,,0.1
0.3,0.3,0.3,-0.023823,0.013737,0.00043492,,0.1
0.3,0.35,0.3,-0.026695,0.010768,0.0027629,,0.1
0.3,0.4,0.3,-0.028843,0.0075435,0.0054117,,0.1
0.3,0.45,0.3,-0.030233,0.0041332,0.008306,,0.1
0.3,0.5,0.3,-0.030838,0.00059899,0.011362,,0.1
0.3,0.55,0.3,-0.030638,-0.0029997,0.01449,,0.1
0.3,0.6,0.3,-0.029613,-0.0065988,0.017591,,0.1
0.3,0.65,0.3,-0.027752,-0.010123,0.02056,,0.1
0.3,0.7,0.3,-0.025054,-0.013475,0.023284,,0.1
0.3,0.75,0.3,-0.021541,-0.016523,0.025648,,0.1
0.3,0.8,0.3,-0.017276,-0.019048,0.027539,,0.1
0.3,0.85,0.3,-0.012379,-0.020574,0.028864,,0.1
0.3,0.9,0.3,-0.0071589,-0.019897,0.02953,,0.1
0.3,0.95,0.3,-0.0027522,-0.014343,0.029346,,0.1
0.3,1,0.3,0,0,0.029007,,0.1
0.3,0,0.35,0,0,-0.00629,,0.1
0.3,0.05,0.35,-0.0029249,0.017197,-0.0066582,,0.1
0.3,0.1,0.35,-0.0075914,0.023806,-0.0069175,,0.1
0.3,0.15,0.35,-0.013126,0.024705,-0.006374,,0.1
0.3,0.2,0.35,-0.018363,0.023117,-0.0052226,,0.1
0.3,0.25,0.35,-0.023014,0.020422,-0.0035248,,0.1
0.3,0.3,0.35,-0.026968,0.017121,-0.0013271,,0.1
0.3,0.35,0.35,-0.030157,0.013413,0.0013063,,0.1
0.3,0.4,0.35,-0.032542,0.0094112,0.004301,,0.1
0.3,0.45,0.35,-0.0341,0.0051974,0.0075752,,0.1
0.3,0.5,0.35,-0.03481,0.0008369,0.01104,,0.1
0.3,0.55,0.35,-0.034651,-0.0036103,0.014598,,0.1
0.3,0.6,0.35,-0.033594,-0.0080791,0.018142,,0.1
0.3,0.65,0.35,-0.031611,-0.012488,0.021557,,0.1
0.3,0.7,0.35,-0.028676,-0.016726,0.024716,,0.1
0.3,0.75,0.35,-0.024785,-0.020629,0.02748,,0.1
0.3,0.8,0.35,-0.019982,-0.023911,0.029714,,0.1
0.3,0.85,0.35,-0.014385,-0.02595,0.031294,,0.1
0.3,0.9,0.35,-0.0083472,-0.025195,0.032098,,0.1
0.3,0.95,0.35,-0.003215,-0.018225,0.031894,,0.1
0.3,1,0.35,0,0,0.031499,,0.1
0.3,0,0.4,0,0,-0.009298,,0.1
0.3,0.05,0.4,-0.0034115,0.021314,-0.0097263,,0.1
0.3,0.1,0.4,-0.0088275,0.02941,-0.010025,,0.1
0.3,0.15,0.4,-0.015208,0.030422,-0.0093894,,0.1
0.3,0.2,0.4,-0.021187,0.02837,-0.0080537,,0.1
0.3,0.25,0.4,-0.026442,0.024985,-0.0060952,,0.1
0.3,0.3,0.4,-0.030867,0.020894,-0.0035705,,0.1
0.3,0.35,0.4,-0.034414,0.016353,-0.00055391,,0.1
0.3,0.4,0.4,-0.037064,0.011496,0.0028715,,0.1
0.3,0.45,0.4,-0.038812,0.0064105,0.0066172,,0.1
0.3,0.5,0.4,-0.03965,0.0011597,0.010588,,0.1
0.3,0.55,0.4,-0.039558,-0.004205,0.014681,,0.1
0.3,0.6,0.4,-0.038496,-0.009628,0.018782,,0.1
0.3,0.65,0.4,-0.036411,-0.015032,0.022764,,0.1
0.3,0.7,0.4,-0.033239,-0.020298,0.026483,,0.1
0.3,0.75,0.4,-0.028934,-0.025228,0.029776,,0.1
0.3,0.8,0.4,-0.023497,-0.029457,0.03247,,0.1
0.3,0.85,0.4,-0.017029,-0.032177,0.034402,,0.1
0.3,0.9,0.4,-0.0099326,-0.0314,0.035406,,0.1
0.3,0.95,0.4,-0.0038385,-0.022797,0.035183,,0.1
0.3,1,0.4,0,0,0.034714,,0.1
0.3,0,0.45,0,0,-0.013074,,0.1
0.3,0.05,0.45,-0.0040483,0.026139,-0.013579,,0.1
0.3,0.1,0.45,-0.010426,0.035936,-0.013926,,0.1
0.3,0.15,0.45,-0.017864,0.037013,-0.013166,,0.1
0.3,0.2,0.45,-0.024738,0.034357,-0.011592,,0.1
0.3,0.25,0.45,-0.03069,0.030124,-0.009303,,0.1
0.3,0.3,0.45,-0.035637,0.025105,-0.0063715,,0.1
0.3,0.35,0.45,-0.039563,0.019617,-0.0028845,,0.1
0.3,0.4,0.45,-0.042487,0.013817,0.0010645,,0.1
0.3,0.45,0.45,-0.044437,0.0077932,0.0053794,,0.1
0.3,0.5,0.45,-0.045427,0.0015946,0.0099604,,0.1
0.3,0.55,0.45,-0.04544,-0.0047496,0.014701,,0.1
0.3,0.6,0.45,-0.044424,-0.011209,0.019483,,0.1
0.3,0.65,0.45,-0.042291,-0.017728,0.024169,,0.1
0.3,0.7,0.45,-0.038924,-0.024191,0.028598,,0.1
0.3,0.75,0.45,-0.034203,-0.030375,0.032578,,0.1
0.3,0.8,0.45,-0.028055,-0.035821,0.035889,,0.1
0.3,0.85,0.45,-0.020527,-0.039477,0.03831,,0.1
0.3,0.9,0.45,-0.012068,-0.038792,0.039601,,0.1
0.3,0.95,0.45,-0.0046908,-0.028294,0.039364,,0.1
0.3,1,0.45,0,0,0.038797,,0.1
0.3,0,0.5,0,0,-0.017766,,0.1
0.3,0.05,0.5,-0.0048954,0.031884,-0.018371,,0.1
0.3,0.1,0.5,-0.012514,0.04363,-0.018773,,0.1
0.3,0.15,0.5,-0.021271,0.044673,-0.017845,,0.1
0.3,0.2,0.5,-0.029205,0.041201,-0.01596,,0.1
0.3,0.25,0.5,-0.035933,0.035904,-0.013255,,0.1
0.3,0.3,0.5,-0.041419,0.029776,-0.0098209,,0.1
0.3,0.35,0.5,-0.04571,0.023207,-0.0057641,,0.1
0.3,0.4,0.5,-0.048889,0.016375,-0.0011901,,0.1
0.3,0.45,0.5,-0.051035,0.0093578,0.0037981,,0.1
0.3,0.5,0.5,-0.052193,0.0021741,0.009098,,0.1
0.3,0.55,0.5,-0.052362,-0.0051892,0.014604,,0.1
0.3,0.6,0.5,-0.051476,-0.012751,0.020199,,0.1
0.3,0.65,0.5,-0.049404,-0.0205,0.025741,,0.1
0.3,0.7,0.5,-0.045952,-0.028356,0.031058,,0.1
0.3,0.75,0.5,-0.040887,-0.036085,0.035924,,0.1
0.3,0.8,0.5,-0.034001,-0.043126,0.040063,,0.1
0.3,0.85,0.5,-0.025221,-0.048117,0.043168,,0.1
0.3,0.9,0.5,-0.01501,-0.04775,0.044884,,0.1
0.3,0.95,0.5,-0.0058931,-0.035047,0.044646,,0.1
0.3,1,0.5,0,0,0.043949,,0.1
0.3,0,0.55,0,0,-0.023577,,0.1
0.3,0.05,0.55,-0.0060572,0.038843,-0.024309,,0.1
0.3,0.1,0.55,-0.015301,0.052812,-0.024773,,0.1
0.3,0.15,0.55,-0.025699,0.053629,-0.023608,,0.1
0.3,0.2,0.55,-0.034859,0.049018,-0.021312,,0.1
0.3,0.25,0.55,-0.0424,0.042353,-0.018077,,0.1
0.3,0.3,0.55,-0.048385,0.034885,-0.014024,,0.1
0.3,0.35,0.55,-0.052971,0.027084,-0.0092819,,0.1
0.3,0.4,0.55,-0.056337,0.019139,-0.0039715,,0.1
0.3,0.45,0.55,-0.058637,0.0111,0.0017984,,0.1
0.3,0.5,0.55,-0.059972,0.0029335,0.0079268,,0.1
0.3,0.55,0.55,-0.060363,-0.0054436,0.014316,,0.1
0.3,0.6,0.55,-0.059735,-0.01413,0.020858,,0.1
0.3,0.65,0.55,-0.057908,-0.023201,0.027421,,0.1
0.3,0.7,0.55,-0.054588,-0.032652,0.033828,,0.1
0.3,0.75,0.55,-0.049377,-0.042285,0.039829,,0.1
0.3,0.8,0.55,-0.04184,-0.051451,0.045081,,0.1
0.3,0.85,0.55,-0.031657,-0.058399,0.049161,,0.1
0.3,0.9,0.55,-0.019207,-0.058787,0.051525,,0.1
0.3,0.95,0.55,-0.0076778,-0.04356,0.051332,,0.1
0.3,1,0.55,0,0,0.050464,,0.1
0.3,0,0.6,0,0,-0.030794,,0.1
0.3,0.05,0.6,-0.0077228,0.047449,-0.031687,,0.1
0.3,0.1,0.6,-0.019136,0.063907,-0.032205,,0.1
0.3,0.15,0.6,-0.031567,0.064135,-0.030689,,0.1
0.3,0.2,0.6,-0.042087,0.057888,-0.027836,,0.1
0.3,0.25,0.6,-0.050394,0.049437,-0.023917,,0.1
0.3,0.3,0.6,-0.056739,0.040337,-0.019096,,0.1
0.3,0.35,0.6,-0.061454,0.031142,-0.013533,,0.1
0.3,0.4,0.6,-0.064861,0.022028,-0.007363,,0.1
0.3,0.45,0.6,-0.067226,0.012987,-0.00070105,,0.1
0.3,0.5,0.6,-0.06872,0.0039045,0.0063592,,0.1
0.3,0.55,0.6,-0.069407,-0.0054037,0.013739,,0.1
0.3,0.6,0.6,-0.069216,-0.015157,0.021355,,0.1
0.3,0.65,0.6,-0.067922,-0.025571,0.029101,,0.1
0.3,0.7,0.6,-0.065115,-0.03679,0.03682,,0.1
0.3,0.75,0.6,-0.060174,-0.048737,0.044257,,0.1
0.3,0.8,0.6,-0.052307,-0.060748,0.051008,,0.1
0.3,0.85,0.6,-0.040719,-0.070632,0.056501,,0.1
0.3,0.9,0.6,-0.025469,-0.072618,0.059896,,0.1
0.3,0.95,0.6,-0.010515,-0.05464,0.05987,,0.1
0.3,1,0.6,0,0,0.058798,,0.1
0.3,0,0.65,0,0,-0.039854,,0.1
0.3,0.05,0.65,-0.010251,0.058365,-0.040939,,0.1
0.3,0.1,0.65,-0.024613,0.077484,-0.041455,,0.1
0.3,0.15,0.65,-0.039519,0.076445,-0.039394,,0.1
0.3,0.2,0.65,-0.051428,0.067807,-0.035759,,0.1
0.3,0.25,0.65,-0.060284,0.056993,-0.03094,,0.1
0.3,0.3,0.65,-0.066677,0.045912,-0.025158,,0.1
0.3,0.35,0.65,-0.071206,0.035168,-0.018606,,0.1
0.3,0.4,0.65,-0.074396,0.024879,-0.011442,,0.1
0.3,0.45,0.65,-0.076654,0.014937,-0.0037789,,0.1
0.3,0.5,0.65,-0.078246,0.0051067,0.004305,,0.1
0.3,0.55,0.65,-0.079296,-0.0049314,0.012758,,0.1
0.3,0.6,0.65,-0.079763,-0.015559,0.021541,,0.1
0.3,0.65,0.65,-0.079407,-0.027199,0.030605,,0.1
0.3,0.7,0.65,-0.077712,-0.040246,0.039851,,0.1
0.3,0.75,0.65,-0.073801,-0.054905,0.049066,,0.1
0.3,0.8,0.65,-0.066367,-0.070681,0.057827,,0.1
0.3,0.85,0.65,-0.053776,-0.085005,0.065398,,0.1
0.3,0.9,0.65,-0.035257,-0.090213,0.070494,,0.1
0.3,0.95,0.65,-0.01537,-0.069662,0.070979,,0.1
0.3,1,0.65,0,0,0.069742,,0.1
0.3,0,0.7,0,0,-0.051489,,0.1
0.3,0.05,0.7,-0.014332,0.072668,-0.052745,,0.1
0.3,0.1,0.7,-0.032737,0.094277,-0.053076,,0.1
0.3,0.15,0.7,-0.050474,0.090738,-0.05012,,0.1
0.3,0.2,0.7,-0.0635,0.078567,-0.045352,,0.1
0.3,0.25,0.7,-0.072346,0.064639,-0.039323,,0.1
0.3,0.3,0.7,-0.078172,0.05119,-0.032317,,0.1
0.3,0.35,0.7,-0.081964,0.038789,-0.024571,,0.1
0.3,0.4,0.7,-0.084502,0.027412,-0.01626,,0.1
0.3,0.45,0.7,-0.086355,0.016788,-0.0074934,,0.1
0.3,0.5,0.7,-0.087894,0.0065188,0.0016764,,0.1
0.3,0.55,0.7,-0.089324,-0.0038835,0.01124,,0.1
0.3,0.6,0.7,-0.090672,-0.014996,0.021225,,0.1
0.3,0.65,0.7,-0.09174,-0.027503,0.031673,,0.1
0.3,0.7,0.7,-0.091986,-0.042179,0.042603,,0.1
0.3,0.75,0.7,-0.090322,-0.059754,0.053928,,0.1
0.3,0.8,0.7,-0.084817,-0.080298,0.065325,,0.1
0.3,0.85,0.7,-0.072516,-0.10124,0.075978,,0.1
0.3,0.9,0.7,-0.050879,-0.11269,0.083987,,0.1
0.3,0.95,0.7,-0.024041,-0.090942,0.08593,,0.1
0.3,1,0.7,0,0,0.084863,,0.1
0.3,0,0.75,0,0,-0.067063,,0.1
0.3,0.05,0.75,-0.021229,0.092136,-0.06827,,0.1
0.3,0.1,0.75,-0.044983,0.11512,-0.067856,,0.1
0.3,0.15,0.75,-0.065296,0.10686,-0.063367,,0.1
0.3,0.2,0.75,-0.078335,0.089503,-0.056917,,0.1
0.3,0.25,0.75,-0.085878,0.07155,-0.049224,,0.1
0.3,0.3,0.75,-0.089957,0.055391,-0.040635,,0.1
0.3,0.35,0.75,-0.092053,0.041363,-0.031431,,0.1
0.3,0.4,0.75,-0.093213,0.02915,-0.021802,,0.1
0.3,0.45,0.75,-0.094145,0.018232,-0.011842,,0.1
0.3,0.5,0.75,-0.095305,0.0080055,-0.0015649,,0.1
0.3,0.55,0.75,-0.096975,-0.0021964,0.0090803,,0.1
0.3,0.6,0.75,-0.099288,-0.013145,0.020203,,0.1
0.3,0.65,0.75,-0.10218,-0.025805,0.031969,,0.1
0.3,0.7,0.75,-0.10526,-0.041441,0.044575,,0.1
0.3,0.75,0.75,-0.10744,-0.061605,0.058199,,0.1
0.3,0.8,0.75,-0.10628,-0.087601,0.072868,,0.1
0.3,0.85,0.75,-0.09714,-0.11784,0.088008,,0.1
0.3,0.9,0.75,-0.074409,-0.14058,0.10114,,0.1
0.3,0.95,0.75,-0.038887,-0.12189,0.10702,,0.1
0.3,1,0.75,0,0,0.10732,,0.1
0.3,0,0.8,0,0,-0.08948,,0.1
0.3,0.05,0.8,-0.032744,0.1193,-0.089737,,0.1
0.3,0.1,0.8,-0.062269,0.14009,-0.086964,,0.1
0.3,0.15,0.8,-0.082411,0.12335,-0.079734,,0.1
0.3,0.2,0.8,-0.092086,0.098693,-0.070725,,0.1
0.3,0.25,0.8,-0.095391,0.075915,-0.060691,,0.1
0.3,0.3,0.8,-0.095442,0.057031,-0.050019,,0.1
0.3,0.35,0.8,-0.094161,0.041758,-0.039024,,0.1
0.3,0.4,0.8,-0.092734,0.029269,-0.027888,,0.1
0.3,0.45,0.8,-0.091872,0.01869,-0.016664,,0.1
0.3,0.5,0.8,-0.092009,0.0091921,-0.0053084,,0.1
0.3,0.55,0.8,-0.09344,-4.52E-05,0.0063076,,0.1
0.3,0.6,0.8,-0.096397,-0.0099286,0.018378,,0.1
0.3,0.65,0.8,-0.10105,-0.021644,0.031197,,0.1
0.3,0.7,0.8,-0.10735,-0.03694,0.045186,,0.1
0.3,0.75,0.8,-0.1147,-0.058448,0.060911,,0.1
0.3,0.8,0.8,-0.12075,-0.089559,0.079134,,0.1
0.3,0.85,0.8,-0.11951,-0.13149,0.10031,,0.1
0.3,0.9,0.8,-0.1018,-0.1727,0.12208,,0.1
0.3,0.95,0.8,-0.059473,-0.16728,0.13747,,0.1
0.3,1,0.8,0,0,0.14241,,0.1
0.3,0,0.85,0,0,-0.12524,,0.1
0.3,0.05,0.85,-0.048574,0.15586,-0.12135,,0.1
0.3,0.1,0.85,-0.078043,0.16465,-0.11168,,0.1
0.3,0.15,0.85,-0.087177,0.13416,-0.099551,,0.1
0.3,0.2,0.85,-0.084876,0.10086,-0.086575,,0.1
0.3,0.25,0.85,-0.07802,0.073749,-0.073217,,0.1
0.3,0.3,0.85,-0.070123,0.053293,-0.059837,,0.1
0.3,0.35,0.85,-0.062909,0.038038,-0.046708,,0.1
0.3,0.4,0.85,-0.057194,0.026426,-0.033926,,0.1
0.3,0.45,0.85,-0.053328,0.017189,-0.021443,,0.1
0.3,0.5,0.85,-0.051473,0.009328,-0.0091195,,0.1
0.3,0.55,0.85,-0.051768,0.0019695,0.0032623,,0.1
0.3,0.6,0.85,-0.054442,-0.0058077,0.015994,,0.1
0.3,0.65,0.85,-0.059867,-0.015222,0.029478,,0.1
0.3,0.7,0.85,-0.06853,-0.02829,0.044326,,0.1
0.3,0.75,0.85,-0.080819,-0.048679,0.061541,,0.1
0.3,0.8,0.85,-0.095716,-0.082519,0.082997,,0.1
0.3,0.85,0.85,-0.10794,-0.13633,0.11129,,0.1
0.3,0.9,0.85,-0.1085,-0.20362,0.1459,,0.1
0.3,0.95,0.85,-0.072709,-0.23081,0.18237,,0.1
0.3,1,0.85,0,0,0.20041,,0.1
0.3,0,0.9,0,0,-0.18784,,0.1
0.3,0.05,0.9,-0.047934,0.20215,-0.16893,,0.1
0.3,0.1,0.9,-0.048944,0.17339,-0.13978,,0.1
0.3,0.15,0.9,-0.01969,0.12432,-0.11998,,0.1
0.3,0.2,0.9,0.0088896,0.085994,-0.10142,,0.1
0.3,0.25,0.9,0.033157,0.058955,-0.084021,,0.1
0.3,0.3,0.9,0.05259,0.040535,-0.067777,,0.1
0.3,0.35,0.9,0.067457,0.028001,-0.052644,,0.1
0.3,0.4,0.9,0.078311,0.019202,-0.038466,,0.1
0.3,0.45,0.9,0.08573,0.012675,-0.025015,,0.1
0.3,0.5,0.9,0.090143,0.0074511,-0.012025,,0.1
0.3,0.55,0.9,0.091749,0.0028104,0.00081222,,0.1
0.3,0.6,0.9,0.09049,-0.0019536,0.01388,,0.1
0.3,0.65,0.9,0.085968,-0.0077788,0.027668,,0.1
0.3,0.7,0.9,0.077237,-0.016396,0.042966,,0.1
0.3,0.75,0.9,0.062568,-0.031568,0.061328,,0.1
0.3,0.8,0.9,0.040109,-0.061157,0.086089,,0.1
0.3,0.85,0.9,0.010628,-0.11838,0.12328,,0.1
0.3,0.9,0.9,-0.029682,-0.20995,0.1764,,0.1
0.3,0.95,0.9,-0.034331,-0.28525,0.26221,,0.1
0.3,1,0.9,0,0,0.31754,,0.1
0.3,0,0.95,0,0,-0.33195,,0.1
0.3,0.05,0.95,0.11927,0.18381,-0.25556,,0.1
0.3,0.1,0.95,0.18382,0.13318,-0.15797,,0.1
0.3,0.15,0.95,0.26992,0.084393,-0.12511,,0.1
0.3,0.2,0.95,0.32615,0.053364,-0.10359,,0.1
0.3,0.25,0.95,0.36265,0.033853,-0.084916,,0.1
0.3,0.3,0.95,0.38747,0.021747,-0.068203,,0.1
0.3,0.35,0.95,0.40467,0.014283,-0.053015,,0.1
0.3,0.4,0.95,0.41653,0.0095367,-0.038904,,0.1
0.3,0.45,0.95,0.42455,0.0063194,-0.025546,,0.1
0.3,0.5,0.95,0.42963,0.0039441,-0.012664,,0.1
0.3,0.55,0.95,0.43224,0.0019844,3.97E-05,,0.1
0.3,0.6,0.95,0.43251,0.00010404,0.012934,,0.1
0.3,0.65,0.95,0.43017,-0.0021371,0.026563,,0.1
0.3,0.7,0.95,0.42425,-0.0056115,0.041926,,0.1
0.3,0.75,0.95,0.4124,-0.012452,0.061251,,0.1
0.3,0.8,0.95,0.38967,-0.027863,0.089886,,0.1
0.3,0.85,0.95,0.34923,-0.063577,0.14017,,0.1
0.3,0.9,0.95,0.26079,-0.13636,0.22964,,0.1
0.3,0.95,0.95,0.17622,-0.219,0.41717,,0.1
0.3,1,0.95,0,0,0.54791,,0.1
0.3,0,1,0.5,0,-0.43579,,0.1
0.3,0.05,1,1,0,-0.31365,,0.1
0.3,0.1,1,1,0,-0.16197,,0.1
0.3,0.15,1,1,0,-0.12058,,0.1
0.3,0.2,1,1,0,-0.099262,,0.1
0.3,0.25,1,1,0,-0.081414,,0.1
0.3,0.3,1,1,0,-0.065576,,0.1
0.3,0.35,1,1,0,-0.051189,,0.1
0.3,0.4,1,1,0,-0.0377,,0.1
0.3,0.45,1,1,0,-0.024789,,0.1
0.3,0.5,1,1,0,-0.012238,,0.1
0.3,0.55,1,1,0,0.00019599,,0.1
0.3,0.6,1,1,0,0.012831,,0.1
0.3,0.65,1,1,0,0.02623,,0.1
0.3,0.7,1,1,0,0.04149,,0.1
0.3,0.75,1,1,0,0.061189,,0.1
0.3,0.8,1,1,0,0.091853,,0.1
0.3,0.85,1,1,0,0.15006,,0.1
0.3,0.9,1,1,0,0.26485,,0.1
0.3,0.95,1,1,0,0.51916,,0.1
0.3,1,1,0.5,0,0.69765,,0.1
0.4,0,0,0,0,2.74E-09,,
0.4,0.05,0,0,0,-0.00019163,,
0.4,0.1,0,0,0,-0.00037111,,
0.4,0.15,0,0,0,-0.00015831,,
0.4,0.2,0,0,0,0.00042537,,
0.4,0.25,0,0,0,0.0013608,,
0.4,0.3,0,0,0,0.0026152,,
0.4,0.35,0,0,0,0.0041449,,
0.4,0.4,0,0,0,0.0058995,,
0.4,0.45,0,0,0,0.007822,,
0.4,0.5,0,0,0,0.0098487,,
0.4,0.55,0,0,0,0.01191,,
0.4,0.6,0,0,0,0.013932,,
0.4,0.65,0,0,0,0.015837,,
0.4,0.7,0,0,0,0.017549,,
0.4,0.75,0,0,0,0.018992,,
0.4,0.8,0,0,0,0.020096,,
0.4,0.85,0,0,0,0.020807,,
0.4,0.9,0,0,0,0.021092,,
0.4,0.95,0,0,0,0.020928,,
0.4,1,0,0,0,0.02073,,
0.4,0,0.05,0,0,0.00018833,,
0.4,0.05,0.05,-0.00088245,0.00087414,-6.40E-06,,
0.4,0.1,0.05,-0.0026354,0.0014763,-0.00018003,,
0.4,0.15,0.05,-0.0049313,0.0016613,4.40E-05,,
0.4,0.2,0.05,-0.0072329,0.0016099,0.00062315,,
0.4,0.25,0.05,-0.0093573,0.0014503,0.0015393,,
0.4,0.3,0.05,-0.011214,0.0012347,0.0027652,,
0.4,0.35,0.05,-0.012742,0.00098162,0.0042609,,
0.4,0.4,0.05,-0.013896,0.00069967,0.005978,,
0.4,0.45,0.05,-0.014641,0.00039513,0.0078607,,
0.4,0.5,0.05,-0.014952,7.44E-05,0.0098467,,
0.4,0.55,0.05,-0.014814,-0.00025547,0.011867,,
0.4,0.6,0.05,-0.01422,-0.00058635,0.01385,,
0.4,0.65,0.05,-0.013177,-0.0009089,0.015719,,
0.4,0.7,0.05,-0.011705,-0.0012119,0.017397,,
0.4,0.75,0.05,-0.0098414,-0.0014799,0.018812,,
0.4,0.8,0.05,-0.0076503,-0.0016855,0.019897,,
0.4,0.85,0.05,-0.0052351,-0.001766,0.020603,,
0.4,0.9,0.05,-0.0028042,-0.0015818,0.020899,,
0.4,0.95,0.05,-0.00094094,-0.00094324,0.02074,,
0.4,1,0.05,0,0,0.020538,,
0.4,0,0.1,0,0,0.00037119,,
0.4,0.05,0.1,-0.0015462,0.0026423,0.0001539,,
0.4,0.1,0.1,-0.0042742,0.0041209,-3.60E-05,,
0.4,0.15,0.1,-0.0077263,0.00455,0.00019726,,
0.4,0.2,0.1,-0.01116,0.0043959,0.00077256,,
0.4,0.25,0.1,-0.01432,0.0039574,0.0016698,,
0.4,0.3,0.1,-0.017078,0.0033635,0.0028683,,
0.4,0.35,0.1,-0.019343,0.0026654,0.0043324,,
0.4,0.4,0.1,-0.021046,0.0018887,0.0060161,,
0.4,0.45,0.1,-0.02214,0.0010525,0.0078655,,
0.4,0.5,0.1,-0.022588,0.00017518,0.0098195,,
0.4,0.55,0.1,-0.022368,-0.00072371,0.01181,,
0.4,0.6,0.1,-0.021475,-0.0016222,0.013766,,
0.4,0.65,0.1,-0.019919,-0.0024949,0.015611,,
0.4,0.7,0.1,-0.01773,-0.0033114,0.01727,,
0.4,0.75,0.1,-0.014964,-0.0040296,0.018669,,
0.4,0.8,0.1,-0.011716,-0.0045772,0.019746,,
0.4,0.85,0.1,-0.0081315,-0.0047999,0.020456,,
0.4,0.9,0.1,-0.0045,-0.0043728,0.020764,,
0.4,0.95,0.1,-0.0016252,-0.002809,0.020586,,
0.4,1,0.1,0,0,0.020359,,
0.4,0,0.15,0,0,0.00017155,,
0.4,0.05,0.15,-0.0018962,0.0051009,-8.50E-05,,
0.4,0.1,0.15,-0.005159,0.007678,-0.00032073,,
0.4,0.15,0.15,-0.0092394,0.0083857,-9.14E-05,,
0.4,0.2,0.15,-0.013271,0.008078,0.00049282,,
0.4,0.25,0.15,-0.016969,0.0072634,0.0014057,,
0.4,0.3,0.15,-0.020188,0.0061654,0.002627,,
0.4,0.35,0.15,-0.022828,0.0048772,0.0041215,,
0.4,0.4,0.15,-0.024813,0.003447,0.0058433,,
0.4,0.45,0.15,-0.026087,0.0019108,0.0077384,,
0.4,0.5,0.15,-0.026613,0.00030221,0.0097451,,
0.4,0.55,0.15,-0.026364,-0.0013434,0.011795,,
0.4,0.6,0.15,-0.025333,-0.0029867,0.013813,,
0.4,0.65,0.15,-0.023528,-0.0045825,0.015723,,
0.4,0.7,0.15,-0.020981,-0.0060753,0.017443,,
0.4,0.75,0.15,-0.017754,-0.0073889,0.018899,,
0.4,0.8,0.15,-0.013949,-0.0083934,0.020021,,
0.4,0.85,0.15,-0.0097324,-0.0088208,0.020761,,
0.4,0.9,0.15,-0.0054313,-0.0081164,0.021075,,
0.4,0.95,0.15,-0.0019893,-0.0053914,0.020849,,
0.4,1,0.15,0,0,0.020578,,
0.4,0,0.2,0,0,-0.00041787,,
0.4,0.05,0.2,-0.0021204,0.0078753,-0.00071222,,
0.4,0.1,0.2,-0.0057685,0.011671,-0.00099238,,
0.4,0.15,0.2,-0.010316,0.012666,-0.00076151,,
0.4,0.2,0.2,-0.014789,0.01217,-0.00015113,,
0.4,0.25,0.2,-0.018878,0.010927,0.00080721,,
0.4,0.3,0.2,-0.022431,0.009266,0.0020921,,
0.4,0.35,0.2,-0.025342,0.0073243,0.003667,,
0.4,0.4,0.2,-0.027534,0.0051745,0.0054847,,
0.4,0.45,0.2,-0.028951,0.0028698,0.0074898,,
0.4,0.5,0.2,-0.029551,0.00045921,0.0096187,,
0.4,0.55,0.2,-0.029306,-0.0020069,0.0118,,
0.4,0.6,0.2,-0.028204,-0.0044728,0.013956,,
0.4,0.65,0.2,-0.026246,-0.0068728,0.016004,,
0.4,0.7,0.2,-0.023459,-0.0091251,0.017857,,
0.4,0.75,0.2,-0.0199,-0.011116,0.01943,,
0.4,0.8,0.2,-0.015675,-0.01265,0.020646,,
0.4,0.85,0.2,-0.010961,-0.013333,0.021448,,
0.4,0.9,0.2,-0.0061244,-0.012343,0.021782,,
0.4,0.95,0.2,-0.0022408,-0.0083189,0.021509,,
0.4,1,0.2,0,0,0.021195,,
0.4,0,0.25,0,0,-0.0014255,,
0.4,0.05,0.25,-0.0023494,0.010936,-0.0017579,,
0.4,0.1,0.25,-0.0064008,0.016073,-0.0020796,,
0.4,0.15,0.25,-0.011442,0.017372,-0.0018363,,
0.4,0.2,0.25,-0.016385,0.016652,-0.0011785,,
0.4,0.25,0.25,-0.020887,0.01493,-0.00014275,,
0.4,0.3,0.25,-0.02479,0.012649,0.0012476,,
0.4,0.35,0.25,-0.027986,0.0099967,0.0029534,,
0.4,0.4,0.25,-0.030399,0.0070699,0.0049254,,
0.4,0.45,0.25,-0.031975,0.0039389,0.0071057,,
0.4,0.5,0.25,-0.03267,0.00066592,0.0094274,,
0.4,0.55,0.25,-0.032453,-0.002686,0.011815,,
0.4,0.6,0.25,-0.031304,-0.006047,0.014186,,
0.4,0.65,0.25,-0.029212,-0.0093328,0.01645,,
0.4,0.7,0.25,-0.026192,-0.012435,0.01851,,
0.4,0.75,0.25,-0.02229,-0.015197,0.02027,,
0.4,0.8,0.25,-0.017611,-0.01735,0.021636,,
0.4,0.85,0.25,-0.012342,-0.018347,0.02254,,
0.4,0.9,0.25,-0.0068989,-0.017061,0.022914,,
0.4,0.95,0.25,-0.0025183,-0.011587,0.022598,,
0.4,1,0.25,0,0,0.022237,,
0.4,0,0.3,0,0,-0.0028884,,
0.4,0.05,0.3,-0.0026409,0.014349,-0.0032652,,
0.4,0.1,0.3,-0.007195,0.02098,-0.0036323,,
0.4,0.15,0.3,-0.012848,0.0226,-0.0033645,,
0.4,0.2,0.3,-0.018365,0.021615,-0.0026349,,
0.4,0.25,0.3,-0.023369,0.019349,-0.0014865,,
0.4,0.3,0.3,-0.027693,0.016378,5.44E-05,,
0.4,0.35,0.3,-0.03123,0.012944,0.0019455,,
0.4,0.4,0.3,-0.033909,0.0091736,0.0041341,,
0.4,0.45,0.3,-0.035679,0.0051506,0.0065587,,
0.4,0.5,0.3,-0.036501,0.00094752,0.009149,,
0.4,0.55,0.3,-0.036337,-0.0033649,0.011825,,
0.4,0.6,0.3,-0.035154,-0.0077073,0.014497,,
0.4,0.65,0.3,-0.032929,-0.011981,0.017064,,
0.4,0.7,0.3,-0.02965,-0.01605,0.019418,,
0.4,0.75,0.3,-0.025345,-0.019712,0.021445,,
0.4,0.8,0.3,-0.020107,-0.022606,0.023032,,
0.4,0.85,0.3,-0.014138,-0.024005,0.024089,,
0.4,0.9,0.3,-0.007915,-0.022412,0.02453,,
0.4,0.95,0.3,-0.0028866,-0.015295,0.024167,,
0.4,1,0.3,0,0,0.023748,,
0.4,0,0.35,0,0,-0.004858,,
0.4,0.05,0.35,-0.0030239,0.018217,-0.0052902,,
0.4,0.1,0.35,-0.0082249,0.026528,-0.005711,,
0.4,0.15,0.35,-0.014653,0.028488,-0.0054055,,
0.4,0.2,0.35,-0.020888,0.027176,-0.0045768,,
0.4,0.25,0.35,-0.026507,0.024278,-0.0032768,,
0.4,0.3,0.35,-0.031337,0.020525,-0.0015362,,
0.4,0.35,0.35,-0.035279,0.016225,0.00059808,,
0.4,0.4,0.35,-0.038273,0.011531,0.003069,,
0.4,0.45,0.35,-0.04028,0.0065425,0.0058115,,
0.4,0.5,0.35,-0.041264,0.0013348,0.0087509,,
0.4,0.55,0.35,-0.041185,-0.0040211,0.011803,,
0.4,0.6,0.35,-0.039996,-0.0094449,0.01487,,
0.4,0.65,0.35,-0.037645,-0.01483,0.017841,,
0.4,0.7,0.35,-0.034088,-0.020019,0.020592,,
0.4,0.75,0.35,-0.029315,-0.024754,0.022986,,
0.4,0.8,0.35,-0.023393,-0.028567,0.024882,,
0.4,0.85,0.35,-0.016529,-0.030498,0.026159,,
0.4,0.9,0.35,-0.009283,-0.028602,0.026704,,
0.4,0.95,0.35,-0.0033876,-0.019595,0.026283,,
0.4,1,0.35,0,0,0.025788,,
0.4,0,0.4,0,0,-0.007407,,
0.4,0.05,0.4,-0.0035251,0.022675,-0.0079096,,
0.4,0.1,0.4,-0.0095566,0.032897,-0.0083961,,
0.4,0.15,0.4,-0.016961,0.035202,-0.0080371,,
0.4,0.2,0.4,-0.024079,0.033472,-0.0070772,,
0.4,0.25,0.4,-0.030434,0.02982,-0.0055815,,
0.4,0.3,0.4,-0.035855,0.025165,-0.0035873,,
0.4,0.35,0.4,-0.040259,0.019893,-0.0011475,,
0.4,0.4,0.4,-0.043612,0.014187,0.0016759,,
0.4,0.45,0.4,-0.045894,0.0081546,0.0048137,,
0.4,0.5,0.4,-0.047082,0.0018665,0.0081879,,
0.4,0.55,0.4,-0.047134,-0.0046182,0.01171,,
0.4,0.6,0.4,-0.045985,-0.011232,0.015277,,
0.4,0.65,0.4,-0.043548,-0.017874,0.018767,,
0.4,0.7,0.4,-0.039724,-0.024373,0.022038,,
0.4,0.75,0.4,-0.034441,-0.030418,0.024924,,
0.4,0.8,0.4,-0.027709,-0.035402,0.027245,,
0.4,0.85,0.4,-0.019723,-0.038071,0.028836,,
0.4,0.9,0.4,-0.011134,-0.035905,0.029536,,
0.4,0.95,0.4,-0.0040725,-0.024693,0.029045,,
0.4,1,0.4,0,0,0.028448,,
0.4,0,0.45,0,0,-0.010634,,
0.4,0.05,0.45,-0.0041825,0.027896,-0.011227,,
0.4,0.1,0.45,-0.011279,0.040305,-0.011794,,
0.4,0.15,0.45,-0.019906,0.042939,-0.011361,,
0.4,0.2,0.45,-0.02809,0.04065,-0.010231,,
0.4,0.25,0.45,-0.035299,0.036076,-0.0084874,,
0.4,0.3,0.45,-0.041379,0.030365,-0.0061784,,
0.4,0.35,0.45,-0.046284,0.023994,-0.0033647,,
0.4,0.4,0.45,-0.05002,0.017178,-0.00011408,,
0.4,0.45,0.45,-0.052606,0.010026,0.0035006,,
0.4,0.5,0.45,-0.054041,0.002591,0.007399,,
0.4,0.55,0.45,-0.054289,-0.0050978,0.011492,,
0.4,0.6,0.45,-0.053263,-0.013007,0.015673,,
0.4,0.65,0.45,-0.050829,-0.021065,0.019813,,
0.4,0.7,0.45,-0.046809,-0.029107,0.023751,,
0.4,0.75,0.45,-0.041027,-0.036771,0.027288,,
0.4,0.8,0.45,-0.033387,-0.04329,0.030191,,
0.4,0.85,0.45,-0.02402,-0.047023,0.03223,,
0.4,0.9,0.45,-0.013675,-0.044687,0.033166,,
0.4,0.95,0.45,-0.0050268,-0.030876,0.032589,,
0.4,1,0.45,0,0,0.031851,,
0.4,0,0.5,0,0,-0.014672,,
0.4,0.05,0.5,-0.0050589,0.034108,-0.015381,,
0.4,0.1,0.5,-0.013531,0.049031,-0.016048,,
0.4,0.15,0.5,-0.023681,0.051929,-0.015511,,
0.4,0.2,0.5,-0.03313,0.048864,-0.014156,,
0.4,0.25,0.5,-0.041295,0.043131,-0.012102,,
0.4,0.3,0.5,-0.048069,0.036163,-0.0094063,,
0.4,0.35,0.5,-0.053473,0.028544,-0.0061423,,
0.4,0.4,0.5,-0.057585,0.02052,-0.0023845,,
0.4,0.45,0.5,-0.060482,0.012188,0.0017914,,
0.4,0.5,0.5,-0.062205,0.0035659,0.006305,,
0.4,0.55,0.5,-0.062733,-0.0053719,0.011072,,
0.4,0.6,0.5,-0.061962,-0.014658,0.015988,,
0.4,0.65,0.5,-0.059696,-0.024286,0.020922,,
0.4,0.7,0.5,-0.055651,-0.034135,0.025701,,
0.4,0.75,0.5,-0.049488,-0.043823,0.030091,,
0.4,0.8,0.5,-0.040916,-0.052399,0.033794,,
0.4,0.85,0.5,-0.029905,-0.057719,0.03648,,
0.4,0.9,0.5,-0.01726,-0.055455,0.037784,,
0.4,0.95,0.5,-0.0064116,-0.038565,0.037106,,
0.4,1,0.5,0,0,0.036173,,
0.4,0,0.55,0,0,-0.019702,,
0.4,0.05,0.55,-0.0062638,0.041629,-0.020562,,
0.4,0.1,0.55,-0.016534,0.059435,-0.021348,,
0.4,0.15,0.55,-0.028578,0.062436,-0.020656,,
0.4,0.2,0.55,-0.039494,0.058258,-0.019004,,
0.4,0.25,0.55,-0.048676,0.051035,-0.016554,,
0.4,0.3,0.55,-0.056114,0.042551,-0.013385,,
0.4,0.35,0.55,-0.06195,0.033514,-0.0095835,,
0.4,0.4,0.55,-0.066372,0.024192,-0.0052323,,
0.4,0.45,0.55,-0.069549,0.014654,-0.0004093,,
0.4,0.5,0.55,-0.071588,0.0048552,0.0048106,,
0.4,0.55,0.55,-0.072499,-0.0053157,0.010349,,
0.4,0.6,0.55,-0.072172,-0.015999,0.016118,,
0.4,0.65,0.55,-0.07035,-0.027311,0.021997,,
0.4,0.7,0.55,-0.066609,-0.039242,0.027816,,
0.4,0.75,0.55,-0.060373,-0.051452,0.033312,,
0.4,0.8,0.55,-0.051021,-0.062827,0.038114,,
0.4,0.85,0.55,-0.038168,-0.070584,0.041755,,
0.4,0.9,0.55,-0.022532,-0.068919,0.043656,,
0.4,0.95,0.55,-0.0085502,-0.048422,0.042881,,
0.4,1,0.55,0,0,0.041676,,
0.4,0,0.6,0,0,-0.025986,,
0.4,0.05,0.6,-0.0079976,0.050921,-0.027039,,
0.4,0.1,0.6,-0.020661,0.071991,-0.027954,,
0.4,0.15,0.6,-0.035046,0.074759,-0.027022,,
0.4,0.2,0.6,-0.0476,0.068944,-0.02496,,
0.4,0.25,0.6,-0.057763,0.059766,-0.021998,,
0.4,0.3,0.6,-0.065722,0.049437,-0.018244,,
0.4,0.35,0.6,-0.071811,0.038795,-0.013802,,
0.4,0.4,0.6,-0.076385,0.028113,-0.0087639,,
0.4,0.45,0.6,-0.079744,0.017402,-0.0032097,,
0.4,0.5,0.6,-0.082088,0.0065215,0.0027955,,
0.4,0.55,0.6,-0.08349,-0.0047629,0.0091899,,
0.4,0.6,0.6,-0.083859,-0.016751,0.015912,,
0.4,0.65,0.6,-0.082891,-0.029756,0.022878,,
0.4,0.7,0.6,-0.080013,-0.043989,0.029946,,
0.4,0.75,0.6,-0.074335,-0.059288,0.036853,,
0.4,0.8,0.6,-0.064715,-0.074478,0.043164,,
0.4,0.85,0.6,-0.050064,-0.086042,0.048239,,
0.4,0.9,0.6,-0.030654,-0.086085,0.051148,,
0.4,0.95,0.6,-0.012109,-0.061548,0.050359,,
0.4,1,0.6,0,0,0.048798,,
0.4,0,0.65,0,0,-0.033932,,
0.4,0.05,0.65,-0.010636,0.062695,-0.035216,,
0.4,0.1,0.65,-0.026531,0.087324,-0.036231,,
0.4,0.15,0.65,-0.043751,0.089196,-0.034902,,
0.4,0.2,0.65,-0.057987,0.080934,-0.032252,,
0.4,0.25,0.65,-0.068897,0.06916,-0.028613,,
0.4,0.3,0.65,-0.077025,0.056583,-0.024124,,
0.4,0.35,0.65,-0.083002,0.04415,-0.018911,,
0.4,0.4,0.65,-0.087413,0.032097,-0.013082,,
0.4,0.45,0.65,-0.090735,0.020336,-0.0067161,,
0.4,0.5,0.65,-0.093295,0.0085953,0.00013339,,
0.4,0.55,0.65,-0.09526,-0.0035273,0.0074357,,
0.4,0.6,0.65,-0.096604,-0.016542,0.015174,,
0.4,0.65,0.65,-0.097028,-0.031042,0.023326,,
0.4,0.7,0.65,-0.095848,-0.047612,0.031824,,
0.4,0.75,0.65,-0.091833,-0.066514,0.040472,,
0.4,0.8,0.65,-0.083102,-0.086805,0.048829,,
0.4,0.85,0.65,-0.067327,-0.10431,0.056085,,
0.4,0.9,0.65,-0.043565,-0.1083,0.060762,,
0.4,0.95,0.65,-0.018393,-0.079843,0.060298,,
0.4,1,0.65,0,0,0.058381,,
0.4,0,0.7,0,0,-0.044234,,
0.4,0.05,0.7,-0.014878,0.078084,-0.04574,,
0.4,0.1,0.7,-0.035128,0.10622,-0.0467,,
0.4,0.15,0.7,-0.05553,0.10594,-0.044677,,
0.4,0.2,0.7,-0.071109,0.094001,-0.041155,,
0.4,0.25,0.7,-0.082097,0.078778,-0.036593,,
0.4,0.3,0.7,-0.089643,0.063489,-0.031158,,
0.4,0.35,0.7,-0.094807,0.049117,-0.025006,,
0.4,0.4,0.7,-0.098474,0.035778,-0.01826,,
0.4,0.45,0.7,-0.10132,0.023222,-0.011003,,
0.4,0.5,0.7,-0.10383,0.011004,-0.0032719,,
0.4,0.55,0.7,-0.10629,-0.0014742,0.0049412,,
0.4,0.6,0.7,-0.1088,-0.014962,0.013679,,
0.4,0.65,0.7,-0.11116,-0.030409,0.023016,,
0.4,0.7,0.7,-0.1127,-0.048953,0.033022,,
0.4,0.75,0.7,-0.11198,-0.071644,0.043678,,
0.4,0.8,0.7,-0.10625,-0.09837,0.054713,,
0.4,0.85,0.7,-0.091309,-0.12485,0.065275,,
0.4,0.9,0.7,-0.063706,-0.13698,0.073149,,
0.4,0.95,0.7,-0.029506,-0.10636,0.074124,,
0.4,1,0.7,0,0,0.072231,,
0.4,0,0.75,0,0,-0.058227,,
0.4,0.05,0.75,-0.021922,0.098883,-0.05973,,
0.4,0.1,0.75,-0.047694,0.12946,-0.060102,,
0.4,0.15,0.75,-0.070766,0.12472,-0.05682,,
0.4,0.2,0.75,-0.08624,0.1073,-0.051968,,
0.4,0.25,0.75,-0.095626,0.087581,-0.046108,,
0.4,0.3,0.75,-0.10103,0.069146,-0.039424,,
0.4,0.35,0.75,-0.10405,0.052821,-0.032098,,
0.4,0.4,0.75,-0.10591,0.038455,-0.024278,,
0.4,0.45,0.75,-0.10746,0.025548,-0.016049,,
0.4,0.5,0.75,-0.1093,0.013437,-0.0074276,,
0.4,0.55,0.75,-0.11184,0.0013255,0.0016408,,
0.4,0.6,0.75,-0.11533,-0.011767,0.011257,,
0.4,0.65,0.75,-0.11982,-0.027156,0.021607,,
0.4,0.7,0.75,-0.12491,-0.046659,0.032965,,
0.4,0.75,0.75,-0.12926,-0.072541,0.045644,,
0.4,0.8,0.75,-0.12955,-0.10648,0.059882,,
0.4,0.85,0.75,-0.11939,-0.14548,0.075253,,
0.4,0.9,0.75,-0.091378,-0.17249,0.088907,,
0.4,0.95,0.75,-0.047228,-0.14514,0.094362,,
0.4,1,0.75,0,0,0.094012,,
0.4,0,0.8,0,0,-0.07878,,
0.4,0.05,0.8,-0.033293,0.1274,-0.079326,,
0.4,0.1,0.8,-0.064333,0.1567,-0.077468,,
0.4,0.15,0.8,-0.08637,0.14353,-0.07181,,
0.4,0.2,0.8,-0.097314,0.11829,-0.064876,,
0.4,0.25,0.8,-0.10118,0.093149,-0.057141,,
0.4,0.3,0.8,-0.10128,0.071503,-0.048761,,
0.4,0.35,0.8,-0.099754,0.053625,-0.039947,,
0.4,0.4,0.8,-0.097968,0.038859,-0.030861,,
0.4,0.45,0.8,-0.096803,0.026333,-0.021581,,
0.4,0.5,0.8,-0.096836,0.015145,-0.012093,,
0.4,0.55,0.8,-0.09848,0.0043381,-0.0023037,,
0.4,0.6,0.8,-0.1021,-0.0072344,0.0079681,,
0.4,0.65,0.8,-0.10803,-0.021151,0.019011,,
0.4,0.7,0.8,-0.11642,-0.03985,0.031263,,
0.4,0.75,0.8,-0.12666,-0.067109,0.045504,,
0.4,0.8,0.8,-0.13588,-0.10748,0.062963,,
0.4,0.85,0.8,-0.1364,-0.16162,0.084623,,
0.4,0.9,0.8,-0.11695,-0.21224,0.10798,,
0.4,0.95,0.8,-0.068271,-0.20049,0.1245,,
0.4,1,0.8,0,0,0.12962,,
0.4,0,0.85,0,0,-0.1123,,
0.4,0.05,0.85,-0.048164,0.16451,-0.1085,,
0.4,0.1,0.85,-0.076952,0.18211,-0.09971,,
0.4,0.15,0.85,-0.084965,0.15493,-0.089626,,
0.4,0.2,0.85,-0.080745,0.12032,-0.079358,,
0.4,0.25,0.85,-0.071501,0.090285,-0.068901,,
0.4,0.3,0.85,-0.061151,0.066752,-0.058273,,
0.4,0.35,0.85,-0.051604,0.048802,-0.04765,,
0.4,0.4,0.85,-0.043798,0.035002,-0.037156,,
0.4,0.45,0.85,-0.03817,0.024045,-0.02681,,
0.4,0.5,0.85,-0.034944,0.014832,-0.016539,,
0.4,0.55,0.85,-0.034314,0.0063607,-0.0061982,,
0.4,0.6,0.85,-0.036579,-0.0024934,0.0044786,,
0.4,0.65,0.85,-0.042222,-0.013315,0.015892,,
0.4,0.7,0.85,-0.052008,-0.028821,0.028504,,
0.4,0.75,0.85,-0.066773,-0.054002,0.043644,,
0.4,0.8,0.85,-0.085758,-0.096768,0.063962,,
0.4,0.85,0.85,-0.10316,-0.1643,0.092998,,
0.4,0.9,0.85,-0.10902,-0.24554,0.13062,,
0.4,0.95,0.85,-0.07527,-0.27076,0.17087,,
0.4,1,0.85,0,0,0.1907,,
0.4,0,0.9,0,0,-0.17221,,
0.4,0.05,0.9,-0.046054,0.2092,-0.15262,,
0.4,0.1,0.9,-0.042331,0.18795,-0.12404,,
0.4,0.15,0.9,-0.0068909,0.14119,-0.10702,,
0.4,0.2,0.9,0.028245,0.10118,-0.091858,,
0.4,0.25,0.9,0.058804,0.0713,-0.078117,,
0.4,0.3,0.9,0.083606,0.050136,-0.065221,,
0.4,0.35,0.9,0.10294,0.035377,-0.053003,,
0.4,0.4,0.9,0.11749,0.024921,-0.041395,,
0.4,0.45,0.9,0.12792,0.017204,-0.030285,,
0.4,0.5,0.9,0.13476,0.011134,-0.019513,,
0.4,0.55,0.9,0.1383,0.0058781,-0.0088667,,
0.4,0.6,0.9,0.1385,0.00062371,0.0019622,,
0.4,0.65,0.9,0.13494,-0.0057729,0.013505,,
0.4,0.7,0.9,0.12643,-0.015518,0.026459,,
0.4,0.75,0.9,0.11059,-0.033316,0.042739,,
0.4,0.8,0.9,0.084415,-0.068546,0.066605,,
0.4,0.85,0.9,0.047282,-0.13592,0.10535,,
0.4,0.9,0.9,-0.0057485,-0.24034,0.16399,,
0.4,0.95,0.9,-0.024055,-0.31778,0.25648,,
0.4,1,0.9,0,0,0.31458,,
0.4,0,0.95,0,0,-0.31275,,
0.4,0.05,0.95,0.12071,0.18713,-0.23506,,
0.4,0.1,0.95,0.19109,0.14087,-0.13732,,
0.4,0.15,0.95,0.2855,0.093179,-0.10747,,
0.4,0.2,0.95,0.35008,0.061142,-0.090131,,
0.4,0.25,0.95,0.39389,0.039913,-0.076021,,
0.4,0.3,0.95,0.42438,0.026162,-0.06344,,
0.4,0.35,0.95,0.44586,0.017428,-0.051772,,
0.4,0.4,0.95,0.46099,0.011818,-0.040677,,
0.4,0.45,0.95,0.47156,0.0080505,-0.029979,,
0.4,0.5,0.95,0.47868,0.0053327,-0.019539,,
0.4,0.55,0.95,0.48297,0.0031584,-0.0091699,,
0.4,0.6,0.95,0.48465,0.0011321,0.0014129,,
0.4,0.65,0.95,0.48344,-0.0012157,0.012736,,
0.4,0.7,0.95,0.47821,-0.0049226,0.025911,,
0.4,0.75,0.95,0.46615,-0.012489,0.043618,,
0.4,0.8,0.95,0.44112,-0.029729,0.072076,,
0.4,0.85,0.95,0.39475,-0.069297,0.12502,,
0.4,0.9,0.95,0.2943,-0.14789,0.22182,,
0.4,0.95,0.95,0.19308,-0.23302,0.41816,,
0.4,1,0.95,0,0,0.55265,,
0.4,0,1,0.5,0,-0.41449,,
0.4,0.05,1,1,0,-0.29099,,
0.4,0.1,1,1,0,-0.13868,,
0.4,0.15,1,1,0,-0.10008,,
0.4,0.2,1,1,0,-0.083398,,
0.4,0.25,1,1,0,-0.070593,,
0.4,0.3,1,1,0,-0.059328,,
0.4,0.35,1,1,0,-0.048831,,
0.4,0.4,1,1,0,-0.038641,,
0.4,0.45,1,1,0,-0.028597,,
0.4,0.5,1,1,0,-0.018628,,
0.4,0.55,1,1,0,-0.0086056,,
0.4,0.6,1,1,0,0.0017217,,
0.4,0.65,1,1,0,0.012811,,
0.4,0.7,1,1,0,0.025932,,
0.4,0.75,1,1,0,0.044229,,
0.4,0.8,1,1,0,0.075069,,
0.4,0.85,1,1,0,0.13642,,
0.4,0.9,1,1,0,0.25863,,
0.4,0.95,1,1,0,0.52257,,
0.4,1,1,0.5,0,0.70578,,
0.4,0,0,0,0,2.74E-09,,0.1
0.4,0.05,0,0,0,-0.00019163,,0.1
0.4,0.1,0,0,0,-0.00037111,,0.1
0.4,0.15,0,0,0,-0.00015831,,0.1
0.4,0.2,0,0,0,0.00042537,,0.1
0.4,0.25,0,0,0,0.0013608,,0.1
0.4,0.3,0,0,0,0.0026152,,0.1
0.4,0.35,0,0,0,0.0041449,,0.1
0.4,0.4,0,0,0,0.0058995,,0.1
0.4,0.45,0,0,0,0.007822,,0.1
0.4,0.5,0,0,0,0.0098487,,0.1
0.4,0.55,0,0,0,0.01191,,0.1
0.4,0.6,0,0,0,0.013932,,0.1
0.4,0.65,0,0,0,0.015837,,0.1
0.4,0.7,0,0,0,0.017549,,0.1
0.4,0.75,0,0,0,0.018992,,0.1
0.4,0.8,0,0,0,0.020096,,0.1
0.4,0.85,0,0,0,0.020807,,0.1
0.4,0.9,0,0,0,0.021092,,0.1
0.4,0.95,0,0,0,0.020928,,0.1
0.4,1,0,0,0,0.02073,,0.1
0.4,0,0.05,0,0,0.00018833,,0.1
0.4,0.05,0.05,-0.00088245,0.00087414,-6.40E-06,,0.1
0.4,0.1,0.05,-0.0026354,0.0014763,-0.00018003,,0.1
0.4,0.15,0.05,-0.0049313,0.0016613,4.40E-05,,0.1
0.4,0.2,0.05,-0.0072329,0.0016099,0.00062315,,0.1
0.4,0.25,0.05,-0.0093573,0.0014503,0.0015393,,0.1
0.4,0.3,0.05,-0.011214,0.0012347,0.0027652,,0.1
0.4,0.35,0.05,-0.012742,0.00098162,0.0042609,,0.1
0.4,0.4,0.05,-0.013896,0.00069967,0.005978,,0.1
0.4,0.45,0.05,-0.014641,0.00039513,0.0078607,,0.1
0.4,0.5,0.05,-0.014952,7.44E-05,0.0098467,,0.1
0.4,0.55,0.05,-0.014814,-0.00025547,0.011867,,0.1
0.4,0.6,0.05,-0.01422,-0.00058635,0.01385,,0.1
0.4,0.65,0.05,-0.013177,-0.0009089,0.015719,,0.1
0.4,0.7,0.05,-0.011705,-0.0012119,0.017397,,0.1
0.4,0.75,0.05,-0.0098414,-0.0014799,0.018812,,0.1
0.4,0.8,0.05,-0.0076503,-0.0016855,0.019897,,0.1
0.4,0.85,0.05,-0.0052351,-0.001766,0.020603,,0.1
0.4,0.9,0.05,-0.0028042,-0.0015818,0.020899,,0.1
0.4,0.95,0.05,-0.00094094,-0.00094324,0.02074,,0.1
0.4,1,0.05,0,0,0.020538,,0.1
0.4,0,0.1,0,0,0.00037119,,0.1
0.4,0.05,0.1,-0.0015462,0.0026423,0.0001539,,0.1
0.4,0.1,0.1,-0.0042742,0.0041209,-3.60E-05,,0.1
0.4,0.15,0.1,-0.0077263,0.00455,0.00019726,,0.1
0.4,0.2,0.1,-0.01116,0.0043959,0.00077256,,0.1
0.4,0.25,0.1,-0.01432,0.0039574,0.0016698,,0.1
0.4,0.3,0.1,-0.017078,0.0033635,0.0028683,,0.1
0.4,0.35,0.1,-0.019343,0.0026654,0.0043324,,0.1
0.4,0.4,0.1,-0.021046,0.0018887,0.0060161,,0.1
0.4,0.45,0.1,-0.02214,0.0010525,0.0078655,,0.1
0.4,0.5,0.1,-0.022588,0.00017518,0.0098195,,0.1
0.4,0.55,0.1,-0.022368,-0.00072371,0.01181,,0.1
0.4,0.6,0.1,-0.021475,-0.0016222,0.013766,,0.1
0.4,0.65,0.1,-0.019919,-0.0024949,0.015611,,0.1
0.4,0.7,0.1,-0.01773,-0.0033114,0.01727,,0.1
0.4,0.75,0.1,-0.014964,-0.0040296,0.018669,,0.1
0.4,0.8,0.1,-0.011716,-0.0045772,0.019746,,0.1
0.4,0.85,0.1,-0.0081315,-0.0047999,0.020456,,0.1
0.4,0.9,0.1,-0.0045,-0.0043728,0.020764,,0.1
0.4,0.95,0.1,-0.0016252,-0.002809,0.020586,,0.1
0.4,1,0.1,0,0,0.020359,,0.1
0.4,0,0.15,0,0,0.00017155,,0.1
0.4,0.05,0.15,-0.0018962,0.0051009,-8.50E-05,,0.1
0.4,0.1,0.15,-0.005159,0.007678,-0.00032073,,0.1
0.4,0.15,0.15,-0.0092394,0.0083857,-9.14E-05,,0.1
0.4,0.2,0.15,-0.013271,0.008078,0.00049282,,0.1
0.4,0.25,0.15,-0.016969,0.0072634,0.0014057,,0.1
0.4,0.3,0.15,-0.020188,0.0061654,0.002627,,0.1
0.4,0.35,0.15,-0.022828,0.0048772,0.0041215,,0.1
0.4,0.4,0.15,-0.024813,0.003447,0.0058433,,0.1
0.4,0.45,0.15,-0.026087,0.0019108,0.0077384,,0.1
0.4,0.5,0.15,-0.026613,0.00030221,0.0097451,,0.1
0.4,0.55,0.15,-0.026364,-0.0013434,0.011795,,0.1
0.4,0.6,0.15,-0.025333,-0.0029867,0.013813,,0.1
0.4,0.65,0.15,-0.023528,-0.0045825,0.015723,,0.1
0.4,0.7,0.15,-0.020981,-0.0060753,0.017443,,0.1
0.4,0.75,0.15,-0.017754,-0.0073889,0.018899,,0.1
0.4,0.8,0.15,-0.013949,-0.0083934,0.020021,,0.1
0.4,0.85,0.15,-0.0097324,-0.0088208,0.020761,,0.1
0.4,0.9,0.15,-0.0054313,-0.0081164,0.021075,,0.1
0.4,0.95,0.15,-0.0019893,-0.0053914,0.020849,,0.1
0.4,1,0.15,0,0,0.020578,,0.1
0.4,0,0.2,0,0,-0.00041787,,0.1
0.4,0.05,0.2,-0.0021204,0.0078753,-0.00071222,,0.1
0.4,0.1,0.2,-0.0057685,0.011671,-0.00099238,,0.1
0.4,0.15,0.2,-0.010316,0.012666,-0.00076151,,0.1
0.4,0.2,0.2,-0.014789,0.01217,-0.00015113,,0.1
0.4,0.25,0.2,-0.018878,0.010927,0.00080721,,0.1
0.4,0.3,0.2,-0.022431,0.009266,0.0020921,,0.1
0.4,0.35,0.2,-0.025342,0.0073243,0.003667,,0.1
0.4,0.4,0.2,-0.027534,0.0051745,0.0054847,,0.1
0.4,0.45,0.2,-0.028951,0.0028698,0.0074898,,0.1
0.4,0.5,0.2,-0.029551,0.00045921,0.0096187,,0.1
0.4,0.55,0.2,-0.029306,-0.0020069,0.0118,,0.1
0.4,0.6,0.2,-0.028204,-0.0044728,0.013956,,0.1
0.4,0.65,0.2,-0.026246,-0.0068728,0.016004,,0.1
0.4,0.7,0.2,-0.023459,-0.0091251,0.017857,,0.1
0.4,0.75,0.2,-0.0199,-0.011116,0.01943,,0.1
0.4,0.8,0.2,-0.015675,-0.01265,0.020646,,0.1
0.4,0.85,0.2,-0.010961,-0.013333,0.021448,,0.1
0.4,0.9,0.2,-0.0061244,-0.012343,0.021782,,0.1
0.4,0.95,0.2,-0.0022408,-0.0083189,0.021509,,0.1
0.4,1,0.2,0,0,0.021195,,0.1
0.4,0,0.25,0,0,-0.0014255,,0.1
0.4,0.05,0.25,-0.0023494,0.010936,-0.0017579,,0.1
0.4,0.1,0.25,-0.0064008,0.016073,-0.0020796,,0.1
0.4,0.15,0.25,-0.011442,0.017372,-0.0018363,,0.1
0.4,0.2,0.25,-0.016385,0.016652,-0.0011785,,0.1
0.4,0.25,0.25,-0.020887,0.01493,-0.00014275,,0.1
0.4,0.3,0.25,-0.02479,0.012649,0.0012476,,0.1
0.4,0.35,0.25,-0.027986,0.0099967,0.0029534,,0.1
0.4,0.4,0.25,-0.030399,0.0070699,0.0049254,,0.1
0.4,0.45,0.25,-0.031975,0.0039389,0.0071057,,0.1
0.4,0.5,0.25,-0.03267,0.00066592,0.0094274,,0.1
0.4,0.55,0.25,-0.032453,-0.002686,0.011815,,0.1
0.4,0.6,0.25,-0.031304,-0.006047,0.014186,,0.1
0.4,0.65,0.25,-0.029212,-0.0093328,0.01645,,0.1
0.4,0.7,0.25,-0.026192,-0.012435,0.01851,,0.1
0.4,0.75,0.25,-0.02229,-0.015197,0.02027,,0.1
0.4,0.8,0.25,-0.017611,-0.01735,0.021636,,0.1
0.4,0.85,0.25,-0.012342,-0.018347,0.02254,,0.1
0.4,0.9,0.25,-0.0068989,-0.017061,0.022914,,0.1
0.4,0.95,0.25,-0.0025183,-0.011587,0.022598,,0.1
0.4,1,0.25,0,0,0.022237,,0.1
0.4,0,0.3,0,0,-0.0028884,,0.1
0.4,0.05,0.3,-0.0026409,0.014349,-0.0032652,,0.1
0.4,0.1,0.3,-0.007195,0.02098,-0.0036323,,0.1
0.4,0.15,0.3,-0.012848,0.0226,-0.0033645,,0.1
0.4,0.2,0.3,-0.018365,0.021615,-0.0026349,,0.1
0.4,0.25,0.3,-0.023369,0.019349,-0.0014865,,0.1
0.4,0.3,0.3,-0.027693,0.016378,5.44E-05,,0.1
0.4,0.35,0.3,-0.03123,0.012944,0.0019455,,0.1
0.4,0.4,0.3,-0.033909,0.0091736,0.0041341,,0.1
0.4,0.45,0.3,-0.035679,0.0051506,0.0065587,,0.1
0.4,0.5,0.3,-0.036501,0.00094752,0.009149,,0.1
0.4,0.55,0.3,-0.036337,-0.0033649,0.011825,,0.1
0.4,0.6,0.3,-0.035154,-0.0077073,0.014497,,0.1
0.4,0.65,0.3,-0.032929,-0.011981,0.017064,,0.1
0.4,0.7,0.3,-0.02965,-0.01605,0.019418,,0.1
0.4,0.75,0.3,-0.025345,-0.019712,0.021445,,0.1
0.4,0.8,0.3,-0.020107,-0.022606,0.023032,,0.1
0.4,0.85,0.3,-0.014138,-0.024005,0.024089,,0.1
0.4,0.9,0.3,-0.007915,-0.022412,0.02453,,0.1
0.4,0.95,0.3,-0.0028866,-0.015295,0.024167,,0.1
0.4,1,0.3,0,0,0.023748,,0.1
0.4,0,0.35,0,0,-0.004858,,0.1
0.4,0.05,0.35,-0.0030239,0.018217,-0.0052902,,0.1
0.4,0.1,0.35,-0.0082249,0.026528,-0.005711,,0.1
0.4,0.15,0.35,-0.014653,0.028488,-0.0054055,,0.1
0.4,0.2,0.35,-0.020888,0.027176,-0.0045768,,0.1
0.4,0.25,0.35,-0.026507,0.024278,-0.0032768,,0.1
0.4,0.3,0.35,-0.031337,0.020525,-0.0015362,,0.1
0.4,0.35,0.35,-0.035279,0.016225,0.00059808,,0.1
0.4,0.4,0.35,-0.038273,0.011531,0.003069,,0.1
0.4,0.45,0.35,-0.04028,0.0065425,0.0058115,,0.1
0.4,0.5,0.35,-0.041264,0.0013348,0.0087509,,0.1
0.4,0.55,0.35,-0.041185,-0.0040211,0.011803,,0.1
0.4,0.6,0.35,-0.039996,-0.0094449,0.01487,,0.1
0.4,0.65,0.35,-0.037645,-0.01483,0.017841,,0.1
0.4,0.7,0.35,-0.034088,-0.020019,0.020592,,0.1
0.4,0.75,0.35,-0.029315,-0.024754,0.022986,,0.1
0.4,0.8,0.35,-0.023393,-0.028567,0.024882,,0.1
0.4,0.85,0.35,-0.016529,-0.030498,0.026159,,0.1
0.4,0.9,0.35,-0.009283,-0.028602,0.026704,,0.1
0.4,0.95,0.35,-0.0033876,-0.019595,0.026283,,0.1
0.4,1,0.35,0,0,0.025788,,0.1
0.4,0,0.4,0,0,-0.007407,,0.1
0.4,0.05,0.4,-0.0035251,0.022675,-0.0079096,,0.1
0.4,0.1,0.4,-0.0095566,0.032897,-0.0083961,,0.1
0.4,0.15,0.4,-0.016961,0.035202,-0.0080371,,0.1
0.4,0.2,0.4,-0.024079,0.033472,-0.0070772,,0.1
0.4,0.25,0.4,-0.030434,0.02982,-0.0055815,,0.1
0.4,0.3,0.4,-0.035855,0.025165,-0.0035873,,0.1
0.4,0.35,0.4,-0.040259,0.019893,-0.0011475,,0.1
0.4,0.4,0.4,-0.043612,0.014187,0.0016759,,0.1
0.4,0.45,0.4,-0.045894,0.0081546,0.0048137,,0.1
0.4,0.5,0.4,-0.047082,0.0018665,0.0081879,,0.1
0.4,0.55,0.4,-0.047134,-0.0046182,0.01171,,0.1
0.4,0.6,0.4,-0.045985,-0.011232,0.015277,,0.1
0.4,0.65,0.4,-0.043548,-0.017874,0.018767,,0.1
0.4,0.7,0.4,-0.039724,-0.024373,0.022038,,0.1
0.4,0.75,0.4,-0.034441,-0.030418,0.024924,,0.1
0.4,0.8,0.4,-0.027709,-0.035402,0.027245,,0.1
0.4,0.85,0.4,-0.019723,-0.038071,0.028836,,0.1
0.4,0.9,0.4,-0.011134,-0.035905,0.029536,,0.1
0.4,0.95,0.4,-0.0040725,-0.024693,0.029045,,0.1
0.4,1,0.4,0,0,0.028448,,0.1
0.4,0,0.45,0,0,-0.010634,,0.1
0.4,0.05,0.45,-0.0041825,0.027896,-0.011227,,0.1
0.4,0.1,0.45,-0.011279,0.040305,-0.011794,,0.1
0.4,0.15,0.45,-0.019906,0.042939,-0.011361,,0.1
0.4,0.2,0.45,-0.02809,0.04065,-0.010231,,0.1
0.4,0.25,0.45,-0.035299,0.036076,-0.0084874,,0.1
0.4,0.3,0.45,-0.041379,0.030365,-0.0061784,,0.1
0.4,0.35,0.45,-0.046284,0.023994,-0.0033647,,0.1
0.4,0.4,0.45,-0.05002,0.017178,-0.00011408,,0.1
0.4,0.45,0.45,-0.052606,0.010026,0.0035006,,0.1
0.4,0.5,0.45,-0.054041,0.002591,0.007399,,0.1
0.4,0.55,0.45,-0.054289,-0.0050978,0.011492,,0.1
0.4,0.6,0.45,-0.053263,-0.013007,0.015673,,0.1
0.4,0.65,0.45,-0.050829,-0.021065,0.019813,,0.1
0.4,0.7,0.45,-0.046809,-0.029107,0.023751,,0.1
0.4,0.75,0.45,-0.041027,-0.036771,0.027288,,0.1
0.4,0.8,0.45,-0.033387,-0.04329,0.030191,,0.1
0.4,0.85,0.45,-0.02402,-0.047023,0.03223,,0.1
0.4,0.9,0.45,-0.013675,-0.044687,0.033166,,0.1
0.4,0.95,0.45,-0.0050268,-0.030876,0.032589,,0.1
0.4,1,0.45,0,0,0.031851,,0.1
0.4,0,0.5,0,0,-0.014672,,0.1
0.4,0.05,0.5,-0.0050589,0.034108,-0.015381,,0.1
0.4,0.1,0.5,-0.013531,0.049031,-0.016048,,0.1
0.4,0.15,0.5,-0.023681,0.051929,-0.015511,,0.1
0.4,0.2,0.5,-0.03313,0.048864,-0.014156,,0.1
0.4,0.25,0.5,-0.041295,0.043131,-0.012102,,0.1
0.4,0.3,0.5,-0.048069,0.036163,-0.0094063,,0.1
0.4,0.35,0.5,-0.053473,0.028544,-0.0061423,,0.1
0.4,0.4,0.5,-0.057585,0.02052,-0.0023845,,0.1
0.4,0.45,0.5,-0.060482,0.012188,0.0017914,,0.1
0.4,0.5,0.5,-0.062205,0.0035659,0.006305,,0.1
0.4,0.55,0.5,-0.062733,-0.0053719,0.011072,,0.1
0.4,0.6,0.5,-0.061962,-0.014658,0.015988,,0.1
0.4,0.65,0.5,-0.059696,-0.024286,0.020922,,0.1
0.4,0.7,0.5,-0.055651,-0.034135,0.025701,,0.1
0.4,0.75,0.5,-0.049488,-0.043823,0.030091,,0.1
0.4,0.8,0.5,-0.040916,-0.052399,0.033794,,0.1
0.4,0.85,0.5,-0.029905,-0.057719,0.03648,,0.1
0.4,0.9,0.5,-0.01726,-0.055455,0.037784,,0.1
0.4,0.95,0.5,-0.0064116,-0.038565,0.037106,,0.1
0.4,1,0.5,0,0,0.036173,,0.1
0.4,0,0.55,0,0,-0.019702,,0.1
0.4,0.05,0.55,-0.0062638,0.041629,-0.020562,,0.1
0.4,0.1,0.55,-0.016534,0.059435,-0.021348,,0.1
0.4,0.15,0.55,-0.028578,0.062436,-0.020656,,0.1
0.4,0.2,0.55,-0.039494,0.058258,-0.019004,,0.1
0.4,0.25,0.55,-0.048676,0.051035,-0.016554,,0.1
0.4,0.3,0.55,-0.056114,0.042551,-0.013385,,0.1
0.4,0.35,0.55,-0.06195,0.033514,-0.0095835,,0.1
0.4,0.4,0.55,-0.066372,0.024192,-0.0052323,,0.1
0.4,0.45,0.55,-0.069549,0.014654,-0.0004093,,0.1
0.4,0.5,0.55,-0.071588,0.0048552,0.0048106,,0.1
0.4,0.55,0.55,-0.072499,-0.0053157,0.010349,,0.1
0.4,0.6,0.55,-0.072172,-0.015999,0.016118,,0.1
0.4,0.65,0.55,-0.07035,-0.027311,0.021997,,0.1
0.4,0.7,0.55,-0.066609,-0.039242,0.027816,,0.1
0.4,0.75,0.55,-0.060373,-0.051452,0.033312,,0.1
0.4,0.8,0.55,-0.051021,-0.062827,0.038114,,0.1
0.4,0.85,0.55,-0.038168,-0.070584,0.041755,,0.1
0.4,0.9,0.55,-0.022532,-0.068919,0.043656,,0.1
0.4,0.95,0.55,-0.0085502,-0.048422,0.042881,,0.1
0.4,1,0.55,0,0,0.041676,,0.1
0.4,0,0.6,0,0,-0.025986,,0.1
0.4,0.05,0.6,-0.0079976,0.050921,-0.027039,,0.1
0.4,0.1,0.6,-0.020661,0.071991,-0.027954,,0.1
0.4,0.15,0.6,-0.035046,0.074759,-0.027022,,0.1
0.4,0.2,0.6,-0.0476,0.068944,-0.02496,,0.1
0.4,0.25,0.6,-0.057763,0.059766,-0.021998,,0.1
0.4,0.3,0.6,-0.065722,0.049437,-0.018244,,0.1
0.4,0.35,0.6,-0.071811,0.038795,-0.013802,,0.1
0.4,0.4,0.6,-0.076385,0.028113,-0.0087639,,0.1
0.4,0.45,0.6,-0.079744,0.017402,-0.0032097,,0.1
0.4,0.5,0.6,-0.082088,0.0065215,0.0027955,,0.1
0.4,0.55,0.6,-0.08349,-0.0047629,0.0091899,,0.1
0.4,0.6,0.6,-0.083859,-0.016751,0.015912,,0.1
0.4,0.65,0.6,-0.082891,-0.029756,0.022878,,0.1
0.4,0.7,0.6,-0.080013,-0.043989,0.029946,,0.1
0.4,0.75,0.6,-0.074335,-0.059288,0.036853,,0.1
0.4,0.8,0.6,-0.064715,-0.074478,0.043164,,0.1
0.4,0.85,0.6,-0.050064,-0.086042,0.048239,,0.1
0.4,0.9,0.6,-0.030654,-0.086085,0.051148,,0.1
0.4,0.95,0.6,-0.012109,-0.061548,0.050359,,0.1
0.4,1,0.6,0,0,0.048798,,0.1
0.4,0,0.65,0,0,-0.033932,,0.1
0.4,0.05,0.65,-0.010636,0.062695,-0.035216,,0.1
0.4,0.1,0.65,-0.026531,0.087324,-0.036231,,0.1
0.4,0.15,0.65,-0.043751,0.089196,-0.034902,,0.1
0.4,0.2,0.65,-0.057987,0.080934,-0.032252,,0.1
0.4,0.25,0.65,-0.068897,0.06916,-0.028613,,0.1
0.4,0.3,0.65,-0.077025,0.056583,-0.024124,,0.1
0.4,0.35,0.65,-0.083002,0.04415,-0.018911,,0.1
0.4,0.4,0.65,-0.087413,0.032097,-0.013082,,0.1
0.4,0.45,0.65,-0.090735,0.020336,-0.0067161,,0.1
0.4,0.5,0.65,-0.093295,0.0085953,0.00013339,,0.1
0.4,0.55,0.65,-0.09526,-0.0035273,0.0074357,,0.1
0.4,0.6,0.65,-0.096604,-0.016542,0.015174,,0.1
0.4,0.65,0.65,-0.097028,-0.031042,0.023326,,0.1
0.4,0.7,0.65,-0.095848,-0.047612,0.031824,,0.1
0.4,0.75,0.65,-0.091833,-0.066514,0.040472,,0.1
0.4,0.8,0.65,-0.083102,-0.086805,0.048829,,0.1
0.4,0.85,0.65,-0.067327,-0.10431,0.056085,,0.1
0.4,0.9,0.65,-0.043565,-0.1083,0.060762,,0.1
0.4,0.95,0.65,-0.018393,-0.079843,0.060298,,0.1
0.4,1,0.65,0,0,0.058381,,0.1
0.4,0,0.7,0,0,-0.044234,,0.1
0.4,0.05,0.7,-0.014878,0.078084,-0.04574,,0.1
0.4,0.1,0.7,-0.035128,0.10622,-0.0467,,0.1
0.4,0.15,0.7,-0.05553,0.10594,-0.044677,,0.1
0.4,0.2,0.7,-0.071109,0.094001,-0.041155,,0.1
0.4,0.25,0.7,-0.082097,0.078778,-0.036593,,0.1
0.4,0.3,0.7,-0.089643,0.063489,-0.031158,,0.1
0.4,0.35,0.7,-0.094807,0.049117,-0.025006,,0.1
0.4,0.4,0.7,-0.098474,0.035778,-0.01826,,0.1
0.4,0.45,0.7,-0.10132,0.023222,-0.011003,,0.1
0.4,0.5,0.7,-0.10383,0.011004,-0.0032719,,0.1
0.4,0.55,0.7,-0.10629,-0.0014742,0.0049412,,0.1
0.4,0.6,0.7,-0.1088,-0.014962,0.013679,,0.1
0.4,0.65,0.7,-0.11116,-0.030409,0.023016,,0.1
0.4,0.7,0.7,-0.1127,-0.048953,0.033022,,0.1
0.4,0.75,0.7,-0.11198,-0.071644,0.043678,,0.1
0.4,0.8,0.7,-0.10625,-0.09837,0.054713,,0.1
0.4,0.85,0.7,-0.091309,-0.12485,0.065275,,0.1
0.4,0.9,0.7,-0.063706,-0.13698,0.073149,,0.1
0.4,0.95,0.7,-0.029506,-0.10636,0.074124,,0.1
0.4,1,0.7,0,0,0.072231,,0.1
0.4,0,0.75,0,0,-0.058227,,0.1
0.4,0.05,0.75,-0.021922,0.098883,-0.05973,,0.1
0.4,0.1,0.75,-0.047694,0.12946,-0.060102,,0.1
0.4,0.15,0.75,-0.070766,0.12472,-0.05682,,0.1
0.4,0.2,0.75,-0.08624,0.1073,-0.051968,,0.1
0.4,0.25,0.75,-0.095626,0.087581,-0.046108,,0.1
0.4,0.3,0.75,-0.10103,0.069146,-0.039424,,0.1
0.4,0.35,0.75,-0.10405,0.052821,-0.032098,,0.1
0.4,0.4,0.75,-0.10591,0.038455,-0.024278,,0.1
0.4,0.45,0.75,-0.10746,0.025548,-0.016049,,0.1
0.4,0.5,0.75,-0.1093,0.013437,-0.0074276,,0.1
0.4,0.55,0.75,-0.11184,0.0013255,0.0016408,,0.1
0.4,0.6,0.75,-0.11533,-0.011767,0.011257,,0.1
0.4,0.65,0.75,-0.11982,-0.027156,0.021607,,0.1
0.4,0.7,0.75,-0.12491,-0.046659,0.032965,,0.1
0.4,0.75,0.75,-0.12926,-0.072541,0.045644,,0.1
0.4,0.8,0.75,-0.12955,-0.10648,0.059882,,0.1
0.4,0.85,0.75,-0.11939,-0.14548,0.075253,,0.1
0.4,0.9,0.75,-0.091378,-0.17249,0.088907,,0.1
0.4,0.95,0.75,-0.047228,-0.14514,0.094362,,0.1
0.4,1,0.75,0,0,0.094012,,0.1
0.4,0,0.8,0,0,-0.07878,,0.1
0.4,0.05,0.8,-0.033293,0.1274,-0.079326,,0.1
0.4,0.1,0.8,-0.064333,0.1567,-0.077468,,0.1
0.4,0.15,0.8,-0.08637,0.14353,-0.07181,,0.1
0.4,0.2,0.8,-0.097314,0.11829,-0.064876,,0.1
0.4,0.25,0.8,-0.10118,0.093149,-0.057141,,0.1
0.4,0.3,0.8,-0.10128,0.071503,-0.048761,,0.1
0.4,0.35,0.8,-0.099754,0.053625,-0.039947,,0.1
0.4,0.4,0.8,-0.097968,0.038859,-0.030861,,0.1
0.4,0.45,0.8,-0.096803,0.026333,-0.021581,,0.1
0.4,0.5,0.8,-0.096836,0.015145,-0.012093,,0.1
0.4,0.55,0.8,-0.09848,0.0043381,-0.0023037,,0.1
0.4,0.6,0.8,-0.1021,-0.0072344,0.0079681,,0.1
0.4,0.65,0.8,-0.10803,-0.021151,0.019011,,0.1
0.4,0.7,0.8,-0.11642,-0.03985,0.031263,,0.1
0.4,0.75,0.8,-0.12666,-0.067109,0.045504,,0.1
0.4,0.8,0.8,-0.13588,-0.10748,0.062963,,0.1
0.4,0.85,0.8,-0.1364,-0.16162,0.084623,,0.1
0.4,0.9,0.8,-0.11695,-0.21224,0.10798,,0.1
0.4,0.95,0.8,-0.068271,-0.20049,0.1245,,0.1
0.4,1,0.8,0,0,0.12962,,0.1
0.4,0,0.85,0,0,-0.1123,,0.1
0.4,0.05,0.85,-0.048164,0.16451,-0.1085,,0.1
0.4,0.1,0.85,-0.076952,0.18211,-0.09971,,0.1
0.4,0.15,0.85,-0.084965,0.15493,-0.089626,,0.1
0.4,0.2,0.85,-0.080745,0.12032,-0.079358,,0.1
0.4,0.25,0.85,-0.071501,0.090285,-0.068901,,0.1
0.4,0.3,0.85,-0.061151,0.066752,-0.058273,,0.1
0.4,0.35,0.85,-0.051604,0.048802,-0.04765,,0.1
0.4,0.4,0.85,-0.043798,0.035002,-0.037156,,0.1
0.4,0.45,0.85,-0.03817,0.024045,-0.02681,,0.1
0.4,0.5,0.85,-0.034944,0.014832,-0.016539,,0.1
0.4,0.55,0.85,-0.034314,0.0063607,-0.0061982,,0.1
0.4,0.6,0.85,-0.036579,-0.0024934,0.0044786,,0.1
0.4,0.65,0.85,-0.042222,-0.013315,0.015892,,0.1
0.4,0.7,0.85,-0.052008,-0.028821,0.028504,,0.1
0.4,0.75,0.85,-0.066773,-0.054002,0.043644,,0.1
0.4,0.8,0.85,-0.085758,-0.096768,0.063962,,0.1
0.4,0.85,0.85,-0.10316,-0.1643,0.092998,,0.1
0.4,0.9,0.85,-0.10902,-0.24554,0.13062,,0.1
0.4,0.95,0.85,-0.07527,-0.27076,0.17087,,0.1
0.4,1,0.85,0,0,0.1907,,0.1
0.4,0,0.9,0,0,-0.17221,,0.1
0.4,0.05,0.9,-0.046054,0.2092,-0.15262,,0.1
0.4,0.1,0.9,-0.042331,0.18795,-0.12404,,0.1
0.4,0.15,0.9,-0.0068909,0.14119,-0.10702,,0.1
0.4,0.2,0.9,0.028245,0.10118,-0.091858,,0.1
0.4,0.25,0.9,0.058804,0.0713,-0.078117,,0.1
0.4,0.3,0.9,0.083606,0.050136,-0.065221,,0.1
0.4,0.35,0.9,0.10294,0.035377,-0.053003,,0.1
0.4,0.4,0.9,0.11749,0.024921,-0.041395,,0.1
0.4,0.45,0.9,0.12792,0.017204,-0.030285,,0.1
0.4,0.5,0.9,0.13476,0.011134,-0.019513,,0.1
0.4,0.55,0.9,0.1383,0.0058781,-0.0088667,,0.1
0.4,0.6,0.9,0.1385,0.00062371,0.0019622,,0.1
0.4,0.65,0.9,0.13494,-0.0057729,0.013505,,0.1
0.4,0.7,0.9,0.12643,-0.015518,0.026459,,0.1
0.4,0.75,0.9,0.11059,-0.033316,0.042739,,0.1
0.4,0.8,0.9,0.084415,-0.068546,0.066605,,0.1
0.4,0.85,0.9,0.047282,-0.13592,0.10535,,0.1
0.4,0.9,0.9,-0.0057485,-0.24034,0.16399,,0.1
0.4,0.95,0.9,-0.024055,-0.31778,0.25648,,0.1
0.4,1,0.9,0,0,0.31458,,0.1
0.4,0,0.95,0,0,-0.31275,,0.1
0.4,0.05,0.95,0.12071,0.18713,-0.23506,,0.1
0.4,0.1,0.95,0.19109,0.14087,-0.13732,,0.1
0.4,0.15,0.95,0.2855,0.093179,-0.10747,,0.1
0.4,0.2,0.95,0.35008,0.061142,-0.090131,,0.1
0.4,0.25,0.95,0.39389,0.039913,-0.076021,,0.1
0.4,0.3,0.95,0.42438,0.026162,-0.06344,,0.1
0.4,0.35,0.95,0.44586,0.017428,-0.051772,,0.1
0.4,0.4,0.95,0.46099,0.011818,-0.040677,,0.1
0.4,0.45,0.95,0.47156,0.0080505,-0.029979,,0.1
0.4,0.5,0.95,0.47868,0.0053327,-0.019539,,0.1
0.4,0.55,0.95,0.48297,0.0031584,-0.0091699,,0.1
0.4,0.6,0.95,0.48465,0.0011321,0.0014129,,0.1
0.4,0.65,0.95,0.48344,-0.0012157,0.012736,,0.1
0.4,0.7,0.95,0.47821,-0.0049226,0.025911,,0.1
0.4,0.75,0.95,0.46615,-0.012489,0.043618,,0.1
0.4,0.8,0.95,0.44112,-0.029729,0.072076,,0.1
0.4,0.85,0.95,0.39475,-0.069297,0.12502,,0.1
0.4,0.9,0.95,0.2943,-0.14789,0.22182,,0.1
0.4,0.95,0.95,0.19308,-0.23302,0.41816,,0.1
0.4,1,0.95,0,0,0.55265,,0.1
0.4,0,1,0.5,0,-0.41449,,0.1
0.4,0.05,1,1,0,-0.29099,,0.1
0.4,0.1,1,1,0,-0.13868,,0.1
0.4,0.15,1,1,0,-0.10008,,0.1
0.4,0.2,1,1,0,-0.083398,,0.1
0.4,0.25,1,1,0,-0.070593,,0.1
0.4,0.3,1,1,0,-0.059328,,0.1
0.4,0.35,1,1,0,-0.048831,,0.1
0.4,0.4,1,1,0,-0.038641,,0.1
0.4,0.45,1,1,0,-0.028597,,0.1
0.4,0.5,1,1,0,-0.018628,,0.1
0.4,0.55,1,1,0,-0.0086056,,0.1
0.4,0.6,1,1,0,0.0017217,,0.1
0.4,0.65,1,1,0,0.012811,,0.1
0.4,0.7,1,1,0,0.025932,,0.1
0.4,0.75,1,1,0,0.044229,,0.1
0.4,0.8,1,1,0,0.075069,,0.1
0.4,0.85,1,1,0,0.13642,,0.1
0.4,0.9,1,1,0,0.25863,,0.1
0.4,0.95,1,1,0,0.52257,,0.1
0.4,1,1,0.5,0,0.70578,,0.1
0.5,0,0,0,0,3.08E-09,,
0.5,0.05,0,0,0,-0.00020198,,
0.5,0.1,0,0,0,-0.00043144,,
0.5,0.15,0,0,0,-0.00031694,,
0.5,0.2,0,0,0,0.00013797,,
0.5,0.25,0,0,0,0.00092459,,
0.5,0.3,0,0,0,0.0020146,,
0.5,0.35,0,0,0,0.0033683,,
0.5,0.4,0,0,0,0.0049396,,
0.5,0.45,0,0,0,0.0066762,,
0.5,0.5,0,0,0,0.0085188,,
0.5,0.55,0,0,0,0.010402,,
0.5,0.6,0,0,0,0.012253,,
0.5,0.65,0,0,0,0.013997,,
0.5,0.7,0,0,0,0.015557,,
0.5,0.75,0,0,0,0.016856,,
0.5,0.8,0,0,0,0.017825,,
0.5,0.85,0,0,0,0.018409,,
0.5,0.9,0,0,0,0.01859,,
0.5,0.95,0,0,0,0.018367,,
0.5,1,0,0,0,0.018153,,
0.5,0,0.05,0,0,0.00019879,,
0.5,0.05,0.05,-0.00078959,0.00078317,-6.10E-06,,
0.5,0.1,0.05,-0.0025125,0.0014286,-0.00022686,,
0.5,0.15,0.05,-0.0048693,0.0016785,-9.57E-05,,
0.5,0.2,0.05,-0.0072996,0.0016654,0.00035863,,
0.5,0.25,0.05,-0.0095796,0.0015196,0.0011268,,
0.5,0.3,0.05,-0.011592,0.0013046,0.0021867,,
0.5,0.35,0.05,-0.01326,0.001046,0.0035029,,
0.5,0.4,0.05,-0.01453,0.0007544,0.005032,,
0.5,0.45,0.05,-0.015362,0.00043634,0.0067234,,
0.5,0.5,0.05,-0.015725,9.82E-05,0.0085194,,
0.5,0.55,0.05,-0.015597,-0.00025286,0.010355,,
0.5,0.6,0.05,-0.014968,-0.00060789,0.012161,,
0.5,0.65,0.05,-0.013842,-0.00095606,0.013862,,
0.5,0.7,0.05,-0.012241,-0.0012832,0.015384,,
0.5,0.75,0.05,-0.010209,-0.0015681,0.016652,,
0.5,0.8,0.05,-0.0078286,-0.0017717,0.0176,,
0.5,0.85,0.05,-0.0052406,-0.0018157,0.018183,,
0.5,0.9,0.05,-0.0027078,-0.0015572,0.01838,,
0.5,0.95,0.05,-0.00085108,-0.00085961,0.018164,,
0.5,1,0.05,0,0,0.017948,,
0.5,0,0.1,0,0,0.00043225,,
0.5,0.05,0.1,-0.0014925,0.0025189,0.00020228,,
0.5,0.1,0.1,-0.0042901,0.0041422,-3.51E-05,,
0.5,0.15,0.1,-0.0079595,0.0047403,0.00010978,,
0.5,0.2,0.1,-0.011702,0.0046797,0.00056278,,
0.5,0.25,0.1,-0.015199,0.0042656,0.0013098,,
0.5,0.3,0.1,-0.018279,0.0036558,0.002336,,
0.5,0.35,0.1,-0.020825,0.00292,0.0036113,,
0.5,0.4,0.1,-0.022757,0.0020911,0.005096,,
0.5,0.45,0.1,-0.024012,0.0011903,0.0067418,,
0.5,0.5,0.1,-0.024547,0.00023719,0.008493,,
0.5,0.55,0.1,-0.02433,-0.00074699,0.010286,,
0.5,0.6,0.1,-0.023351,-0.0017373,0.012053,,
0.5,0.65,0.1,-0.021618,-0.0027033,0.013719,,
0.5,0.7,0.1,-0.019164,-0.0036053,0.01521,,
0.5,0.75,0.1,-0.016058,-0.0043846,0.016455,,
0.5,0.8,0.1,-0.012426,-0.0049389,0.017392,,
0.5,0.85,0.1,-0.0084683,-0.0050748,0.017979,,
0.5,0.9,0.1,-0.004559,-0.0044568,0.018191,,
0.5,0.95,0.1,-0.0015785,-0.0027098,0.017955,,
0.5,1,0.1,0,0,0.01771,,
0.5,0,0.15,0,0,0.00033336,,
0.5,0.05,0.15,-0.0019034,0.0050333,5.79E-05,,
0.5,0.1,0.15,-0.0053467,0.0079152,-0.00023405,,
0.5,0.15,0.15,-0.0097925,0.0089266,-9.77E-05,,
0.5,0.2,0.15,-0.014288,0.0087742,0.00035805,,
0.5,0.25,0.15,-0.018469,0.0079844,0.0011114,,
0.5,0.3,0.15,-0.022141,0.0068328,0.0021483,,
0.5,0.35,0.15,-0.025173,0.0054462,0.0034397,,
0.5,0.4,0.15,-0.02747,0.0038873,0.0049468,,
0.5,0.45,0.15,-0.028964,0.0021977,0.0066223,,
0.5,0.5,0.15,-0.029602,0.00041465,0.0084102,,
0.5,0.55,0.15,-0.029352,-0.0014226,0.010247,,
0.5,0.6,0.15,-0.028196,-0.0032683,0.012062,,
0.5,0.65,0.15,-0.026141,-0.0050667,0.01378,,
0.5,0.7,0.15,-0.023225,-0.0067448,0.015323,,
0.5,0.75,0.15,-0.019522,-0.0081944,0.016615,,
0.5,0.8,0.15,-0.015175,-0.0092315,0.017588,,
0.5,0.85,0.15,-0.010413,-0.0095168,0.018198,,
0.5,0.9,0.15,-0.00567,-0.0084707,0.018408,,
0.5,0.95,0.15,-0.002003,-0.005371,0.018112,,
0.5,1,0.15,0,0,0.017815,,
0.5,0,0.2,0,0,-0.00012033,,
0.5,0.05,0.2,-0.002165,0.0079369,-0.00044004,,
0.5,0.1,0.2,-0.0060705,0.012236,-0.00078714,,
0.5,0.15,0.2,-0.011089,0.013684,-0.00065854,,
0.5,0.2,0.2,-0.016137,0.013402,-0.00018814,,
0.5,0.25,0.2,-0.020813,0.012173,0.00059587,,
0.5,0.3,0.2,-0.024911,0.010406,0.0016784,,
0.5,0.35,0.2,-0.028293,0.0082865,0.0030301,,
0.5,0.4,0.2,-0.030861,0.0059111,0.004612,,
0.5,0.45,0.2,-0.032542,0.0033421,0.0063761,,
0.5,0.5,0.2,-0.033283,0.00063408,0.0082657,,
0.5,0.55,0.2,-0.033042,-0.0021558,0.010215,,
0.5,0.6,0.2,-0.031797,-0.0049617,0.012151,,
0.5,0.65,0.2,-0.029547,-0.0077017,0.013992,,
0.5,0.7,0.2,-0.02632,-0.010267,0.015653,,
0.5,0.75,0.2,-0.022188,-0.012494,0.01705,,
0.5,0.8,0.2,-0.017298,-0.014105,0.018106,,
0.5,0.85,0.2,-0.011903,-0.014595,0.018766,,
0.5,0.9,0.2,-0.0064925,-0.013093,0.018983,,
0.5,0.95,0.2,-0.0022923,-0.0084547,0.018624,,
0.5,1,0.2,0,0,0.018274,,
0.5,0,0.25,0,0,-0.00096306,,
0.5,0.05,0.25,-0.0024103,0.011169,-0.0013261,,
0.5,0.1,0.25,-0.0067694,0.017039,-0.0017253,,
0.5,0.15,0.25,-0.012359,0.018952,-0.0015965,,
0.5,0.2,0.25,-0.01796,0.018507,-0.0010948,,
0.5,0.25,0.25,-0.023132,0.016783,-0.00025372,,
0.5,0.3,0.25,-0.027655,0.014333,0.00091029,,
0.5,0.35,0.25,-0.03139,0.011414,0.0023668,,
0.5,0.4,0.25,-0.034237,0.0081528,0.0040755,,
0.5,0.45,0.25,-0.036125,0.004633,0.0059874,,
0.5,0.5,0.25,-0.036995,0.0009245,0.0080439,,
0.5,0.55,0.25,-0.036802,-0.0029012,0.010176,,
0.5,0.6,0.25,-0.035512,-0.0067609,0.012306,,
0.5,0.65,0.25,-0.033106,-0.010548,0.014344,,
0.5,0.7,0.25,-0.029595,-0.014117,0.016197,,
0.5,0.75,0.25,-0.025039,-0.017242,0.017765,,
0.5,0.8,0.25,-0.019584,-0.019536,0.018956,,
0.5,0.85,0.25,-0.013507,-0.020295,0.019701,,
0.5,0.9,0.25,-0.0073677,-0.018307,0.019942,,
0.5,0.95,0.25,-0.0025918,-0.011932,0.019522,,
0.5,1,0.25,0,0,0.019116,,
0.5,0,0.3,0,0,-0.0022294,,
0.5,0.05,0.3,-0.0027096,0.014781,-0.0026416,,
0.5,0.1,0.3,-0.0076129,0.022403,-0.0030972,,
0.5,0.15,0.3,-0.013885,0.024817,-0.0029593,,
0.5,0.2,0.3,-0.020143,0.024171,-0.0024067,,
0.5,0.25,0.3,-0.025898,0.021884,-0.0014794,,
0.5,0.3,0.3,-0.03092,0.018676,-0.0001955,,
0.5,0.35,0.3,-0.035067,0.01488,0.0014126,,
0.5,0.4,0.3,-0.038245,0.010658,0.0033031,,
0.5,0.45,0.3,-0.040387,0.0061129,0.0054254,,
0.5,0.5,0.3,-0.041432,0.0013241,0.0077183,,
0.5,0.55,0.3,-0.041327,-0.0036278,0.01011,,
0.5,0.6,0.3,-0.040022,-0.0086485,0.012515,,
0.5,0.65,0.3,-0.037473,-0.013612,0.014836,,
0.5,0.7,0.3,-0.033662,-0.018334,0.016964,,
0.5,0.75,0.3,-0.028621,-0.022519,0.018782,,
0.5,0.8,0.3,-0.022487,-0.025646,0.020175,,
0.5,0.85,0.3,-0.015559,-0.026767,0.021054,,
0.5,0.9,0.3,-0.0084957,-0.024259,0.021341,,
0.5,0.95,0.3,-0.0029809,-0.0159,0.02085,,
0.5,1,0.3,0,0,0.020375,,
0.5,0,0.35,0,0,-0.0039651,,
0.5,0.05,0.35,-0.0030998,0.018871,-0.0044379,,
0.5,0.1,0.35,-0.0086953,0.028467,-0.0049601,,
0.5,0.15,0.35,-0.015823,0.03142,-0.0048036,,
0.5,0.2,0.35,-0.022892,0.03052,-0.0041786,,
0.5,0.25,0.35,-0.029357,0.027579,-0.0031333,,
0.5,0.3,0.35,-0.034976,0.023518,-0.001689,,
0.5,0.35,0.35,-0.039613,0.018753,0.0001196,,
0.5,0.4,0.35,-0.043187,0.013487,0.0022489,,
0.5,0.45,0.35,-0.045639,0.0078341,0.0046465,,
0.5,0.5,0.35,-0.046914,0.0018803,0.0072492,,
0.5,0.55,0.35,-0.046949,-0.0042965,0.0099813,,
0.5,0.6,0.35,-0.045673,-0.010601,0.012752,,
0.5,0.65,0.35,-0.043006,-0.016897,0.015453,,
0.5,0.7,0.35,-0.038882,-0.022966,0.017958,,
0.5,0.75,0.35,-0.033284,-0.028432,0.020126,,
0.5,0.8,0.35,-0.026319,-0.032609,0.021808,,
0.5,0.85,0.35,-0.018305,-0.03424,0.022884,,
0.5,0.9,0.35,-0.010022,-0.031184,0.023247,,
0.5,0.95,0.35,-0.0035129,-0.020523,0.022669,,
0.5,1,0.35,0,0,0.022101,,
0.5,0,0.4,0,0,-0.0062361,,
0.5,0.05,0.4,-0.0036108,0.023581,-0.0067855,,
0.5,0.1,0.4,-0.010093,0.035418,-0.0073893,,
0.5,0.15,0.4,-0.018295,0.038943,-0.0072036,,
0.5,0.2,0.4,-0.026359,0.037704,-0.0064813,,
0.5,0.25,0.4,-0.033672,0.033989,-0.0052835,,
0.5,0.3,0.4,-0.03999,0.028949,-0.0036355,,
0.5,0.35,0.4,-0.045192,0.023106,-0.0015753,,
0.5,0.4,0.4,-0.049222,0.0167,0.00085153,,
0.5,0.45,0.4,-0.052042,0.0098558,0.0035916,,
0.5,0.5,0.4,-0.05361,0.0026527,0.0065802,,
0.5,0.55,0.4,-0.053858,-0.0048487,0.0097401,,
0.5,0.6,0.4,-0.052686,-0.012571,0.012976,,
0.5,0.65,0.4,-0.049965,-0.020383,0.016169,,
0.5,0.7,0.4,-0.045556,-0.028045,0.019174,,
0.5,0.75,0.4,-0.039359,-0.035093,0.021816,,
0.5,0.8,0.4,-0.031407,-0.040637,0.023905,,
0.5,0.85,0.4,-0.022018,-0.043015,0.02527,,
0.5,0.9,0.4,-0.012116,-0.039413,0.025756,,
0.5,0.95,0.4,-0.0042505,-0.026038,0.025065,,
0.5,1,0.4,0,0,0.024371,,
0.5,0,0.45,0,0,-0.0091335,,
0.5,0.05,0.45,-0.0042819,0.029092,-0.009781,,
0.5,0.1,0.45,-0.0119,0.043496,-0.010486,,
0.5,0.15,0.45,-0.021443,0.047604,-0.010257,,
0.5,0.2,0.45,-0.030709,0.045894,-0.0094071,,
0.5,0.25,0.45,-0.039009,0.041231,-0.0080169,,
0.5,0.3,0.45,-0.04611,0.035053,-0.0061181,,
0.5,0.35,0.45,-0.051932,0.027999,-0.0037525,,
0.5,0.4,0.45,-0.056461,0.020353,-0.00096765,,
0.5,0.45,0.45,-0.059699,0.012239,0.0021827,,
0.5,0.5,0.45,-0.06163,0.0037138,0.0056343,,
0.5,0.55,0.45,-0.062189,-0.005198,0.0093128,,
0.5,0.6,0.45,-0.061244,-0.014464,0.013122,,
0.5,0.65,0.45,-0.058603,-0.023992,0.016934,,
0.5,0.7,0.45,-0.054021,-0.033546,0.020587,,
0.5,0.75,0.45,-0.047254,-0.042581,0.023868,,
0.5,0.8,0.45,-0.038199,-0.049956,0.026527,,
0.5,0.85,0.45,-0.027102,-0.053475,0.028317,,
0.5,0.9,0.45,-0.015047,-0.049406,0.029001,,
0.5,0.95,0.45,-0.0053003,-0.032789,0.028162,,
0.5,1,0.45,0,0,0.02729,,
0.5,0,0.5,0,0,-0.012781,,
0.5,0.05,0.5,-0.0051775,0.035641,-0.013555,,
0.5,0.1,0.5,-0.014259,0.052996,-0.014385,,
0.5,0.15,0.5,-0.025469,0.057655,-0.01409,,
0.5,0.2,0.5,-0.036159,0.055263,-0.013073,,
0.5,0.25,0.5,-0.045568,0.049412,-0.011442,,
0.5,0.3,0.5,-0.053504,0.041887,-0.0092384,,
0.5,0.35,0.5,-0.059958,0.033469,-0.0065097,,
0.5,0.4,0.5,-0.064993,0.024482,-0.0033052,,
0.5,0.45,0.5,-0.068679,0.015041,0.00032275,,
0.5,0.5,0.5,-0.071042,0.0051563,0.0043152,,
0.5,0.55,0.5,-0.072034,-0.005211,0.0086018,,
0.5,0.6,0.5,-0.071506,-0.016114,0.013092,,
0.5,0.65,0.5,-0.069185,-0.027551,0.017664,,
0.5,0.7,0.5,-0.064678,-0.039341,0.02214,,
0.5,0.75,0.5,-0.057523,-0.050891,0.026271,,
0.5,0.8,0.5,-0.047353,-0.060778,0.029727,,
0.5,0.85,0.5,-0.034211,-0.066093,0.032154,,
0.5,0.9,0.5,-0.019291,-0.061807,0.033167,,
0.5,0.95,0.5,-0.0068709,-0.041293,0.03214,,
0.5,1,0.5,0,0,0.031011,,
0.5,0,0.55,0,0,-0.017348,,
0.5,0.05,0.55,-0.00641,0.043559,-0.018286,,
0.5,0.1,0.55,-0.017399,0.064302,-0.019267,,
0.5,0.15,0.55,-0.030675,0.069385,-0.018869,,
0.5,0.2,0.55,-0.043014,0.065979,-0.017626,,
0.5,0.25,0.55,-0.053606,0.058597,-0.015691,,
0.5,0.3,0.55,-0.062358,0.049455,-0.013118,,
0.5,0.35,0.55,-0.069383,0.039497,-0.0099618,,
0.5,0.4,0.55,-0.074866,0.029082,-0.0062743,,
0.5,0.45,0.55,-0.07898,0.0183,-0.0021052,,
0.5,0.5,0.55,-0.081827,0.0070878,0.0024961,,
0.5,0.55,0.55,-0.083401,-0.0047005,0.0074705,,
0.5,0.6,0.55,-0.083553,-0.017256,0.012746,,
0.5,0.65,0.55,-0.081934,-0.030738,0.018218,,
0.5,0.7,0.55,-0.077968,-0.045114,0.023715,,
0.5,0.75,0.55,-0.070872,-0.059835,0.028959,,
0.5,0.8,0.55,-0.059829,-0.073212,0.033536,,
0.5,0.85,0.55,-0.044405,-0.081422,0.036932,,
0.5,0.9,0.55,-0.025707,-0.077546,0.038518,,
0.5,0.95,0.55,-0.00939,-0.052392,0.037273,,
0.5,1,0.55,0,0,0.035776,,
0.5,0,0.6,0,0,-0.023085,,
0.5,0.05,0.6,-0.0081842,0.053327,-0.02423,,
0.5,0.1,0.6,-0.021698,0.077913,-0.02538,,
0.5,0.15,0.6,-0.037512,0.083116,-0.024807,,
0.5,0.2,0.6,-0.051685,0.078167,-0.023247,,
0.5,0.25,0.6,-0.063429,0.068772,-0.02092,,
0.5,0.3,0.6,-0.072846,0.057668,-0.017895,,
0.5,0.35,0.6,-0.08025,0.045975,-0.014236,,
0.5,0.4,0.6,-0.086006,0.034075,-0.0099991,,
0.5,0.45,0.6,-0.090438,0.022003,-0.0052308,,
0.5,0.5,0.6,-0.093764,0.0095962,3.02E-05,,
0.5,0.55,0.6,-0.096063,-0.0034462,0.0057489,,
0.5,0.6,0.6,-0.09722,-0.017515,0.011886,,
0.5,0.65,0.6,-0.096844,-0.033027,0.018378,,
0.5,0.7,0.6,-0.094175,-0.05025,0.025093,,
0.5,0.75,0.6,-0.088018,-0.068875,0.031761,,
0.5,0.8,0.6,-0.076843,-0.087089,0.037902,,
0.5,0.85,0.6,-0.059259,-0.1,0.042802,,
0.5,0.9,0.6,-0.035787,-0.097945,0.045422,,
0.5,0.95,0.6,-0.013716,-0.067514,0.044017,,
0.5,1,0.6,0,0,0.042029,,
0.5,0,0.65,0,0,-0.030384,,
0.5,0.05,0.65,-0.010877,0.065675,-0.031777,,
0.5,0.1,0.65,-0.027766,0.094476,-0.033075,,
0.5,0.15,0.65,-0.04661,0.09916,-0.032186,,
0.5,0.2,0.65,-0.062645,0.091841,-0.030162,,
0.5,0.25,0.65,-0.075272,0.079763,-0.027311,,
0.5,0.3,0.65,-0.084951,0.066264,-0.02372,,
0.5,0.35,0.65,-0.092305,0.052634,-0.019461,,
0.5,0.4,0.65,-0.097953,0.039242,-0.014599,,
0.5,0.45,0.65,-0.10242,0.026032,-0.0091786,,
0.5,0.5,0.65,-0.10608,0.012703,-0.0032265,,
0.5,0.55,0.65,-0.10914,-0.001233,0.0032527,,
0.5,0.6,0.65,-0.11161,-0.016425,0.010268,,
0.5,0.65,0.65,-0.11311,-0.033662,0.017831,,
0.5,0.7,0.65,-0.11279,-0.053725,0.025906,,
0.5,0.75,0.65,-0.10902,-0.076881,0.034314,,
0.5,0.8,0.65,-0.099289,-0.10161,0.042592,,
0.5,0.85,0.65,-0.080549,-0.12203,0.049844,,
0.5,0.9,0.65,-0.051721,-0.1247,0.054381,,
0.5,0.95,0.65,-0.021393,-0.089069,0.053197,,
0.5,1,0.65,0,0,0.0507,,
0.5,0,0.7,0,0,-0.039927,,
0.5,0.05,0.7,-0.015168,0.08174,-0.041553,,
0.5,0.1,0.7,-0.036506,0.11476,-0.042845,,
0.5,0.15,0.7,-0.058644,0.11767,-0.041366,,
0.5,0.2,0.7,-0.076082,0.10671,-0.038631,,
0.5,0.25,0.7,-0.088774,0.091047,-0.035055,,
0.5,0.3,0.7,-0.097797,0.074647,-0.030729,,
0.5,0.35,0.7,-0.10422,0.058903,-0.025736,,
0.5,0.4,0.7,-0.10899,0.044101,-0.020151,,
0.5,0.45,0.7,-0.11286,0.03004,-0.014026,,
0.5,0.5,0.7,-0.11641,0.016246,-0.0073765,,
0.5,0.55,0.7,-0.12,0.0020204,-0.00017351,,
0.5,0.6,0.7,-0.12382,-0.013573,0.0076462,,
0.5,0.65,0.7,-0.12768,-0.031781,0.016197,,
0.5,0.7,0.7,-0.1308,-0.05413,0.025617,,
0.5,0.75,0.7,-0.13132,-0.081961,0.035957,,
0.5,0.8,0.7,-0.12568,-0.11484,0.047,,
0.5,0.85,0.7,-0.10845,-0.14664,0.05786,,
0.5,0.9,0.7,-0.075412,-0.15934,0.065992,,
0.5,0.95,0.7,-0.034497,-0.12065,0.06639,,
0.5,1,0.7,0,0,0.063871,,
0.5,0,0.75,0,0,-0.053037,,
0.5,0.05,0.75,-0.022166,0.10324,-0.054654,,
0.5,0.1,0.75,-0.0489,0.1394,-0.055384,,
0.5,0.15,0.75,-0.073498,0.13817,-0.052767,,
0.5,0.2,0.75,-0.090505,0.1217,-0.048911,,
0.5,0.25,0.75,-0.10117,0.10132,-0.044291,,
0.5,0.3,0.75,-0.10754,0.081529,-0.038972,,
0.5,0.35,0.75,-0.1113,0.063625,-0.033041,,
0.5,0.4,0.75,-0.11373,0.047674,-0.026595,,
0.5,0.45,0.75,-0.11579,0.033243,-0.019698,,
0.5,0.5,0.75,-0.11822,0.01965,-0.012363,,
0.5,0.55,0.75,-0.12154,0.0059961,-0.0045369,,
0.5,0.6,0.75,-0.12612,-0.0089292,0.0039059,,
0.5,0.65,0.75,-0.13213,-0.026831,0.013185,,
0.5,0.7,0.75,-0.13916,-0.050118,0.023653,,
0.5,0.75,0.75,-0.14564,-0.081737,0.035771,,
0.5,0.8,0.75,-0.14744,-0.12354,0.04998,,
0.5,0.85,0.75,-0.13667,-0.17087,0.06602,,
0.5,0.9,0.75,-0.10463,-0.20166,0.080675,,
0.5,0.95,0.75,-0.053792,-0.16639,0.086306,,
0.5,1,0.75,0,0,0.085647,,
0.5,0,0.8,0,0,-0.072561,,
0.5,0.05,0.8,-0.033206,0.13222,-0.073156,,
0.5,0.1,0.8,-0.064506,0.16759,-0.071595,,
0.5,0.15,0.8,-0.087062,0.15812,-0.06671,,
0.5,0.2,0.8,-0.098326,0.13368,-0.061037,,
0.5,0.25,0.8,-0.10216,0.10759,-0.05487,,
0.5,0.3,0.8,-0.10195,0.084302,-0.048164,,
0.5,0.35,0.8,-0.099932,0.064643,-0.041007,,
0.5,0.4,0.8,-0.097574,0.048203,-0.033515,,
0.5,0.45,0.8,-0.095871,0.034189,-0.025762,,
0.5,0.5,0.8,-0.095513,0.021685,-0.017759,,
0.5,0.55,0.8,-0.097032,0.0096361,-0.009438,,
0.5,0.6,0.8,-0.10092,-0.0033307,-0.00062003,,
0.5,0.65,0.8,-0.10765,-0.019234,0.0089978,,
0.5,0.7,0.8,-0.11752,-0.041268,0.019968,,
0.5,0.75,0.8,-0.13002,-0.074218,0.03328,,
0.5,0.8,0.8,-0.14195,-0.12341,0.0505,,
0.5,0.85,0.8,-0.14453,-0.18846,0.073145,,
0.5,0.9,0.8,-0.12519,-0.24672,0.098538,,
0.5,0.95,0.8,-0.073556,-0.22889,0.11679,,
0.5,1,0.8,0,0,0.12248,,
0.5,0,0.85,0,0,-0.10482,,
0.5,0.05,0.85,-0.047359,0.16901,-0.10087,,
0.5,0.1,0.85,-0.074803,0.19269,-0.092096,,
0.5,0.15,0.85,-0.081092,0.16912,-0.082828,,
0.5,0.2,0.85,-0.074694,0.13497,-0.074164,,
0.5,0.25,0.85,-0.062977,0.1037,-0.065706,,
0.5,0.3,0.85,-0.050138,0.078346,-0.05714,,
0.5,0.35,0.85,-0.038208,0.058546,-0.048479,,
0.5,0.4,0.85,-0.028201,0.043121,-0.039811,,
0.5,0.45,0.85,-0.020613,0.030828,-0.031179,,
0.5,0.5,0.85,-0.015707,0.020541,-0.022562,,
0.5,0.55,0.85,-0.013723,0.011168,-0.013862,,
0.5,0.6,0.85,-0.01503,0.0014177,-0.0048669,,
0.5,0.65,0.85,-0.020235,-0.010677,0.0048193,,
0.5,0.7,0.85,-0.030298,-0.028555,0.015959,,
0.5,0.75,0.85,-0.046481,-0.058275,0.030078,,
0.5,0.8,0.85,-0.068652,-0.10886,0.050042,,
0.5,0.85,0.85,-0.091093,-0.18733,0.080457,,
0.5,0.9,0.85,-0.10333,-0.27851,0.12135,,
0.5,0.95,0.85,-0.074416,-0.30106,0.16546,,
0.5,1,0.85,0,0,0.18718,,
0.5,0,0.9,0,0,-0.1631,,
0.5,0.05,0.9,-0.044849,0.2121,-0.14304,,
0.5,0.1,0.9,-0.037998,0.19584,-0.11388,,
0.5,0.15,0.9,0.001872,0.15192,-0.097578,,
0.5,0.2,0.9,0.042081,0.11204,-0.084483,,
0.5,0.25,0.9,0.077804,0.080935,-0.073286,,
0.5,0.3,0.9,0.10727,0.058153,-0.062937,,
0.5,0.35,0.9,0.13066,0.041857,-0.053053,,
0.5,0.4,0.9,0.14867,0.030137,-0.043541,,
0.5,0.45,0.9,0.16206,0.021464,-0.034347,,
0.5,0.5,0.9,0.17142,0.014695,-0.02538,,
0.5,0.55,0.9,0.17711,0.0089124,-0.016491,,
0.5,0.6,0.9,0.17909,0.0031932,-0.0074177,,
0.5,0.65,0.9,0.17687,-0.0038182,0.0023756,,
0.5,0.7,0.9,0.16909,-0.014733,0.013943,,
0.5,0.75,0.9,0.15285,-0.034979,0.029511,,
0.5,0.8,0.9,0.12387,-0.074734,0.053637,,
0.5,0.85,0.9,0.080121,-0.14902,0.094737,,
0.5,0.9,0.9,0.016039,-0.26116,0.15836,,
0.5,0.95,0.9,-0.014478,-0.33903,0.25647,,
0.5,1,0.9,0,0,0.31711,,
0.5,0,0.95,0,0,-0.30175,,
0.5,0.05,0.95,0.12088,0.18785,-0.22325,,
0.5,0.1,0.95,0.19398,0.14425,-0.12435,,
0.5,0.15,0.95,0.29315,0.09806,-0.095039,,
0.5,0.2,0.95,0.36325,0.066122,-0.080017,,
0.5,0.25,0.95,0.41247,0.044245,-0.068904,,
0.5,0.3,0.95,0.44754,0.029606,-0.059347,,
0.5,0.35,0.95,0.47269,0.02004,-0.050429,,
0.5,0.4,0.95,0.49074,0.01378,-0.041764,,
0.5,0.45,0.95,0.50366,0.0095615,-0.033233,,
0.5,0.5,0.95,0.51271,0.0065485,-0.024774,,
0.5,0.55,0.95,0.51863,0.004175,-0.016265,,
0.5,0.6,0.95,0.52167,0.0019777,-0.0074379,,
0.5,0.65,0.95,0.52154,-0.00059231,0.0022957,,
0.5,0.7,0.95,0.51694,-0.0046742,0.014294,,
0.5,0.75,0.95,0.50468,-0.013043,0.031677,,
0.5,0.8,0.95,0.47767,-0.031783,0.061265,,
0.5,0.85,0.95,0.42637,-0.07364,0.11755,,
0.5,0.9,0.95,0.31694,-0.155,0.22031,,
0.5,0.95,0.95,0.20426,-0.24091,0.42295,,
0.5,1,0.95,0,0,0.56011,,
0.5,0,1,0.5,0,-0.40251,,
0.5,0.05,1,1,0,-0.27804,,
0.5,0.1,1,1,0,-0.12439,,
0.5,0.15,1,1,0,-0.086236,,
0.5,0.2,1,1,0,-0.071855,,
0.5,0.25,1,1,0,-0.062203,,
0.5,0.3,1,1,0,-0.054171,,
0.5,0.35,1,1,0,-0.046635,,
0.5,0.4,1,1,0,-0.039059,,
0.5,0.45,1,1,0,-0.031325,,
0.5,0.5,1,1,0,-0.023439,,
0.5,0.55,1,1,0,-0.015335,,
0.5,0.6,1,1,0,-0.006778,,
0.5,0.65,1,1,0,0.0027961,,
0.5,0.7,1,1,0,0.01487,,
0.5,0.75,1,1,0,0.033022,,
0.5,0.8,1,1,0,0.065273,,
0.5,0.85,1,1,0,0.13023,,
0.5,0.9,1,1,0,0.25834,,
0.5,0.95,1,1,0,0.52864,,
0.5,1,1,0.5,0,0.71475,,
0.5,0,0,0,0,3.08E-09,,0.1
0.5,0.05,0,0,0,-0.00020198,,0.1
0.5,0.1,0,0,0,-0.00043144,,0.1
0.5,0.15,0,0,0,-0.00031694,,0.1
0.5,0.2,0,0,0,0.00013797,,0.1
0.5,0.25,0,0,0,0.00092459,,0.1
0.5,0.3,0,0,0,0.0020146,,0.1
0.5,0.35,0,0,0,0.0033683,,0.1
0.5,0.4,0,0,0,0.0049396,,0.1
0.5,0.45,0,0,0,0.0066762,,0.1
0.5,0.5,0,0,0,0.0085188,,0.1
0.5,0.55,0,0,0,0.010402,,0.1
0.5,0.6,0,0,0,0.012253,,0.1
0.5,0.65,0,0,0,0.013997,,0.1
0.5,0.7,0,0,0,0.015557,,0.1
0.5,0.75,0,0,0,0.016856,,0.1
0.5,0.8,0,0,0,0.017825,,0.1
0.5,0.85,0,0,0,0.018409,,0.1
0.5,0.9,0,0,0,0.01859,,0.1
0.5,0.95,0,0,0,0.018367,,0.1
0.5,1,0,0,0,0.018153,,0.1
0.5,0,0.05,0,0,0.00019879,,0.1
0.5,0.05,0.05,-0.00078959,0.00078317,-6.10E-06,,0.1
0.5,0.1,0.05,-0.0025125,0.0014286,-0.00022686,,0.1
0.5,0.15,0.05,-0.0048693,0.0016785,-9.57E-05,,0.1
0.5,0.2,0.05,-0.0072996,0.0016654,0.00035863,,0.1
0.5,0.25,0.05,-0.0095796,0.0015196,0.0011268,,0.1
0.5,0.3,0.05,-0.011592,0.0013046,0.0021867,,0.1
0.5,0.35,0.05,-0.01326,0.001046,0.0035029,,0.1
0.5,0.4,0.05,-0.01453,0.0007544,0.005032,,0.1
0.5,0.45,0.05,-0.015362,0.00043634,0.0067234,,0.1
0.5,0.5,0.05,-0.015725,9.82E-05,0.0085194,,0.1
0.5,0.55,0.05,-0.015597,-0.00025286,0.010355,,0.1
0.5,0.6,0.05,-0.014968,-0.00060789,0.012161,,0.1
0.5,0.65,0.05,-0.013842,-0.00095606,0.013862,,0.1
0.5,0.7,0.05,-0.012241,-0.0012832,0.015384,,0.1
0.5,0.75,0.05,-0.010209,-0.0015681,0.016652,,0.1
0.5,0.8,0.05,-0.0078286,-0.0017717,0.0176,,0.1
0.5,0.85,0.05,-0.0052406,-0.0018157,0.018183,,0.1
0.5,0.9,0.05,-0.0027078,-0.0015572,0.01838,,0.1
0.5,0.95,0.05,-0.00085108,-0.00085961,0.018164,,0.1
0.5,1,0.05,0,0,0.017948,,0.1
0.5,0,0.1,0,0,0.00043225,,0.1
0.5,0.05,0.1,-0.0014925,0.0025189,0.00020228,,0.1
0.5,0.1,0.1,-0.0042901,0.0041422,-3.51E-05,,0.1
0.5,0.15,0.1,-0.0079595,0.0047403,0.00010978,,0.1
0.5,0.2,0.1,-0.011702,0.0046797,0.00056278,,0.1
0.5,0.25,0.1,-0.015199,0.0042656,0.0013098,,0.1
0.5,0.3,0.1,-0.018279,0.0036558,0.002336,,0.1
0.5,0.35,0.1,-0.020825,0.00292,0.0036113,,0.1
0.5,0.4,0.1,-0.022757,0.0020911,0.005096,,0.1
0.5,0.45,0.1,-0.024012,0.0011903,0.0067418,,0.1
0.5,0.5,0.1,-0.024547,0.00023719,0.008493,,0.1
0.5,0.55,0.1,-0.02433,-0.00074699,0.010286,,0.1
0.5,0.6,0.1,-0.023351,-0.0017373,0.012053,,0.1
0.5,0.65,0.1,-0.021618,-0.0027033,0.013719,,0.1
0.5,0.7,0.1,-0.019164,-0.0036053,0.01521,,0.1
0.5,0.75,0.1,-0.016058,-0.0043846,0.016455,,0.1
0.5,0.8,0.1,-0.012426,-0.0049389,0.017392,,0.1
0.5,0.85,0.1,-0.0084683,-0.0050748,0.017979,,0.1
0.5,0.9,0.1,-0.004559,-0.0044568,0.018191,,0.1
0.5,0.95,0.1,-0.0015785,-0.0027098,0.017955,,0.1
0.5,1,0.1,0,0,0.01771,,0.1
0.5,0,0.15,0,0,0.00033336,,0.1
0.5,0.05,0.15,-0.0019034,0.0050333,5.79E-05,,0.1
0.5,0.1,0.15,-0.0053467,0.0079152,-0.00023405,,0.1
0.5,0.15,0.15,-0.0097925,0.0089266,-9.77E-05,,0.1
0.5,0.2,0.15,-0.014288,0.0087742,0.00035805,,0.1
0.5,0.25,0.15,-0.018469,0.0079844,0.0011114,,0.1
0.5,0.3,0.15,-0.022141,0.0068328,0.0021483,,0.1
0.5,0.35,0.15,-0.025173,0.0054462,0.0034397,,0.1
0.5,0.4,0.15,-0.02747,0.0038873,0.0049468,,0.1
0.5,0.45,0.15,-0.028964,0.0021977,0.0066223,,0.1
0.5,0.5,0.15,-0.029602,0.00041465,0.0084102,,0.1
0.5,0.55,0.15,-0.029352,-0.0014226,0.010247,,0.1
0.5,0.6,0.15,-0.028196,-0.0032683,0.012062,,0.1
0.5,0.65,0.15,-0.026141,-0.0050667,0.01378,,0.1
0.5,0.7,0.15,-0.023225,-0.0067448,0.015323,,0.1
0.5,0.75,0.15,-0.019522,-0.0081944,0.016615,,0.1
0.5,0.8,0.15,-0.015175,-0.0092315,0.017588,,0.1
0.5,0.85,0.15,-0.010413,-0.0095168,0.018198,,0.1
0.5,0.9,0.15,-0.00567,-0.0084707,0.018408,,0.1
0.5,0.95,0.15,-0.002003,-0.005371,0.018112,,0.1
0.5,1,0.15,0,0,0.017815,,0.1
0.5,0,0.2,0,0,-0.00012033,,0.1
0.5,0.05,0.2,-0.002165,0.0079369,-0.00044004,,0.1
0.5,0.1,0.2,-0.0060705,0.012236,-0.00078714,,0.1
0.5,0.15,0.2,-0.011089,0.013684,-0.00065854,,0.1
0.5,0.2,0.2,-0.016137,0.013402,-0.00018814,,0.1
0.5,0.25,0.2,-0.020813,0.012173,0.00059587,,0.1
0.5,0.3,0.2,-0.024911,0.010406,0.0016784,,0.1
0.5,0.35,0.2,-0.028293,0.0082865,0.0030301,,0.1
0.5,0.4,0.2,-0.030861,0.0059111,0.004612,,0.1
0.5,0.45,0.2,-0.032542,0.0033421,0.0063761,,0.1
0.5,0.5,0.2,-0.033283,0.00063408,0.0082657,,0.1
0.5,0.55,0.2,-0.033042,-0.0021558,0.010215,,0.1
0.5,0.6,0.2,-0.031797,-0.0049617,0.012151,,0.1
0.5,0.65,0.2,-0.029547,-0.0077017,0.013992,,0.1
0.5,0.7,0.2,-0.02632,-0.010267,0.015653,,0.1
0.5,0.75,0.2,-0.022188,-0.012494,0.01705,,0.1
0.5,0.8,0.2,-0.017298,-0.014105,0.018106,,0.1
0.5,0.85,0.2,-0.011903,-0.014595,0.018766,,0.1
0.5,0.9,0.2,-0.0064925,-0.013093,0.018983,,0.1
0.5,0.95,0.2,-0.0022923,-0.0084547,0.018624,,0.1
0.5,1,0.2,0,0,0.018274,,0.1
0.5,0,0.25,0,0,-0.00096306,,0.1
0.5,0.05,0.25,-0.0024103,0.011169,-0.0013261,,0.1
0.5,0.1,0.25,-0.0067694,0.017039,-0.0017253,,0.1
0.5,0.15,0.25,-0.012359,0.018952,-0.0015965,,0.1
0.5,0.2,0.25,-0.01796,0.018507,-0.0010948,,0.1
0.5,0.25,0.25,-0.023132,0.016783,-0.00025372,,0.1
0.5,0.3,0.25,-0.027655,0.014333,0.00091029,,0.1
0.5,0.35,0.25,-0.03139,0.011414,0.0023668,,0.1
0.5,0.4,0.25,-0.034237,0.0081528,0.0040755,,0.1
0.5,0.45,0.25,-0.036125,0.004633,0.0059874,,0.1
0.5,0.5,0.25,-0.036995,0.0009245,0.0080439,,0.1
0.5,0.55,0.25,-0.036802,-0.0029012,0.010176,,0.1
0.5,0.6,0.25,-0.035512,-0.0067609,0.012306,,0.1
0.5,0.65,0.25,-0.033106,-0.010548,0.014344,,0.1
0.5,0.7,0.25,-0.029595,-0.014117,0.016197,,0.1
0.5,0.75,0.25,-0.025039,-0.017242,0.017765,,0.1
0.5,0.8,0.25,-0.019584,-0.019536,0.018956,,0.1
0.5,0.85,0.25,-0.013507,-0.020295,0.019701,,0.1
0.5,0.9,0.25,-0.0073677,-0.018307,0.019942,,0.1
0.5,0.95,0.25,-0.0025918,-0.011932,0.019522,,0.1
0.5,1,0.25,0,0,0.019116,,0.1
0.5,0,0.3,0,0,-0.0022294,,0.1
0.5,0.05,0.3,-0.0027096,0.014781,-0.0026416,,0.1
0.5,0.1,0.3,-0.0076129,0.022403,-0.0030972,,0.1
0.5,0.15,0.3,-0.013885,0.024817,-0.0029593,,0.1
0.5,0.2,0.3,-0.020143,0.024171,-0.0024067,,0.1
0.5,0.25,0.3,-0.025898,0.021884,-0.0014794,,0.1
0.5,0.3,0.3,-0.03092,0.018676,-0.0001955,,0.1
0.5,0.35,0.3,-0.035067,0.01488,0.0014126,,0.1
0.5,0.4,0.3,-0.038245,0.010658,0.0033031,,0.1
0.5,0.45,0.3,-0.040387,0.0061129,0.0054254,,0.1
0.5,0.5,0.3,-0.041432,0.0013241,0.0077183,,0.1
0.5,0.55,0.3,-0.041327,-0.0036278,0.01011,,0.1
0.5,0.6,0.3,-0.040022,-0.0086485,0.012515,,0.1
0.5,0.65,0.3,-0.037473,-0.013612,0.014836,,0.1
0.5,0.7,0.3,-0.033662,-0.018334,0.016964,,0.1
0.5,0.75,0.3,-0.028621,-0.022519,0.018782,,0.1
0.5,0.8,0.3,-0.022487,-0.025646,0.020175,,0.1
0.5,0.85,0.3,-0.015559,-0.026767,0.021054,,0.1
0.5,0.9,0.3,-0.0084957,-0.024259,0.021341,,0.1
0.5,0.95,0.3,-0.0029809,-0.0159,0.02085,,0.1
0.5,1,0.3,0,0,0.020375,,0.1
0.5,0,0.35,0,0,-0.0039651,,0.1
0.5,0.05,0.35,-0.0030998,0.018871,-0.0044379,,0.1
0.5,0.1,0.35,-0.0086953,0.028467,-0.0049601,,0.1
0.5,0.15,0.35,-0.015823,0.03142,-0.0048036,,0.1
0.5,0.2,0.35,-0.022892,0.03052,-0.0041786,,0.1
0.5,0.25,0.35,-0.029357,0.027579,-0.0031333,,0.1
0.5,0.3,0.35,-0.034976,0.023518,-0.001689,,0.1
0.5,0.35,0.35,-0.039613,0.018753,0.0001196,,0.1
0.5,0.4,0.35,-0.043187,0.013487,0.0022489,,0.1
0.5,0.45,0.35,-0.045639,0.0078341,0.0046465,,0.1
0.5,0.5,0.35,-0.046914,0.0018803,0.0072492,,0.1
0.5,0.55,0.35,-0.046949,-0.0042965,0.0099813,,0.1
0.5,0.6,0.35,-0.045673,-0.010601,0.012752,,0.1
0.5,0.65,0.35,-0.043006,-0.016897,0.015453,,0.1
0.5,0.7,0.35,-0.038882,-0.022966,0.017958,,0.1
0.5,0.75,0.35,-0.033284,-0.028432,0.020126,,0.1
0.5,0.8,0.35,-0.026319,-0.032609,0.021808,,0.1
0.5,0.85,0.35,-0.018305,-0.03424,0.022884,,0.1
0.5,0.9,0.35,-0.010022,-0.031184,0.023247,,0.1
0.5,0.95,0.35,-0.0035129,-0.020523,0.022669,,0.1
0.5,1,0.35,0,0,0.022101,,0.1
0.5,0,0.4,0,0,-0.0062361,,0.1
0.5,0.05,0.4,-0.0036108,0.023581,-0.0067855,,0.1
0.5,0.1,0.4,-0.010093,0.035418,-0.0073893,,0.1
0.5,0.15,0.4,-0.018295,0.038943,-0.0072036,,0.1
0.5,0.2,0.4,-0.026359,0.037704,-0.0064813,,0.1
0.5,0.25,0.4,-0.033672,0.033989,-0.0052835,,0.1
0.5,0.3,0.4,-0.03999,0.028949,-0.0036355,,0.1
0.5,0.35,0.4,-0.045192,0.023106,-0.0015753,,0.1
0.5,0.4,0.4,-0.049222,0.0167,0.00085153,,0.1
0.5,0.45,0.4,-0.052042,0.0098558,0.0035916,,0.1
0.5,0.5,0.4,-0.05361,0.0026527,0.0065802,,0.1
0.5,0.55,0.4,-0.053858,-0.0048487,0.0097401,,0.1
0.5,0.6,0.4,-0.052686,-0.012571,0.012976,,0.1
0.5,0.65,0.4,-0.049965,-0.020383,0.016169,,0.1
0.5,0.7,0.4,-0.045556,-0.028045,0.019174,,0.1
0.5,0.75,0.4,-0.039359,-0.035093,0.021816,,0.1
0.5,0.8,0.4,-0.031407,-0.040637,0.023905,,0.1
0.5,0.85,0.4,-0.022018,-0.043015,0.02527,,0.1
0.5,0.9,0.4,-0.012116,-0.039413,0.025756,,0.1
0.5,0.95,0.4,-0.0042505,-0.026038,0.025065,,0.1
0.5,1,0.4,0,0,0.024371,,0.1
0.5,0,0.45,0,0,-0.0091335,,0.1
0.5,0.05,0.45,-0.0042819,0.029092,-0.009781,,0.1
0.5,0.1,0.45,-0.0119,0.043496,-0.010486,,0.1
0.5,0.15,0.45,-0.021443,0.047604,-0.010257,,0.1
0.5,0.2,0.45,-0.030709,0.045894,-0.0094071,,0.1
0.5,0.25,0.45,-0.039009,0.041231,-0.0080169,,0.1
0.5,0.3,0.45,-0.04611,0.035053,-0.0061181,,0.1
0.5,0.35,0.45,-0.051932,0.027999,-0.0037525,,0.1
0.5,0.4,0.45,-0.056461,0.020353,-0.00096765,,0.1
0.5,0.45,0.45,-0.059699,0.012239,0.0021827,,0.1
0.5,0.5,0.45,-0.06163,0.0037138,0.0056343,,0.1
0.5,0.55,0.45,-0.062189,-0.005198,0.0093128,,0.1
0.5,0.6,0.45,-0.061244,-0.014464,0.013122,,0.1
0.5,0.65,0.45,-0.058603,-0.023992,0.016934,,0.1
0.5,0.7,0.45,-0.054021,-0.033546,0.020587,,0.1
0.5,0.75,0.45,-0.047254,-0.042581,0.023868,,0.1
0.5,0.8,0.45,-0.038199,-0.049956,0.026527,,0.1
0.5,0.85,0.45,-0.027102,-0.053475,0.028317,,0.1
0.5,0.9,0.45,-0.015047,-0.049406,0.029001,,0.1
0.5,0.95,0.45,-0.0053003,-0.032789,0.028162,,0.1
0.5,1,0.45,0,0,0.02729,,0.1
0.5,0,0.5,0,0,-0.012781,,0.1
0.5,0.05,0.5,-0.0051775,0.035641,-0.013555,,0.1
0.5,0.1,0.5,-0.014259,0.052996,-0.014385,,0.1
0.5,0.15,0.5,-0.025469,0.057655,-0.01409,,0.1
0.5,0.2,0.5,-0.036159,0.055263,-0.013073,,0.1
0.5,0.25,0.5,-0.045568,0.049412,-0.011442,,0.1
0.5,0.3,0.5,-0.053504,0.041887,-0.0092384,,0.1
0.5,0.35,0.5,-0.059958,0.033469,-0.0065097,,0.1
0.5,0.4,0.5,-0.064993,0.024482,-0.0033052,,0.1
0.5,0.45,0.5,-0.068679,0.015041,0.00032275,,0.1
0.5,0.5,0.5,-0.071042,0.0051563,0.0043152,,0.1
0.5,0.55,0.5,-0.072034,-0.005211,0.0086018,,0.1
0.5,0.6,0.5,-0.071506,-0.016114,0.013092,,0.1
0.5,0.65,0.5,-0.069185,-0.027551,0.017664,,0.1
0.5,0.7,0.5,-0.064678,-0.039341,0.02214,,0.1
0.5,0.75,0.5,-0.057523,-0.050891,0.026271,,0.1
0.5,0.8,0.5,-0.047353,-0.060778,0.029727,,0.1
0.5,0.85,0.5,-0.034211,-0.066093,0.032154,,0.1
0.5,0.9,0.5,-0.019291,-0.061807,0.033167,,0.1
0.5,0.95,0.5,-0.0068709,-0.041293,0.03214,,0.1
0.5,1,0.5,0,0,0.031011,,0.1
0.5,0,0.55,0,0,-0.017348,,0.1
0.5,0.05,0.55,-0.00641,0.043559,-0.018286,,0.1
0.5,0.1,0.55,-0.017399,0.064302,-0.019267,,0.1
0.5,0.15,0.55,-0.030675,0.069385,-0.018869,,0.1
0.5,0.2,0.55,-0.043014,0.065979,-0.017626,,0.1
0.5,0.25,0.55,-0.053606,0.058597,-0.015691,,0.1
0.5,0.3,0.55,-0.062358,0.049455,-0.013118,,0.1
0.5,0.35,0.55,-0.069383,0.039497,-0.0099618,,0.1
0.5,0.4,0.55,-0.074866,0.029082,-0.0062743,,0.1
0.5,0.45,0.55,-0.07898,0.0183,-0.0021052,,0.1
0.5,0.5,0.55,-0.081827,0.0070878,0.0024961,,0.1
0.5,0.55,0.55,-0.083401,-0.0047005,0.0074705,,0.1
0.5,0.6,0.55,-0.083553,-0.017256,0.012746,,0.1
0.5,0.65,0.55,-0.081934,-0.030738,0.018218,,0.1
0.5,0.7,0.55,-0.077968,-0.045114,0.023715,,0.1
0.5,0.75,0.55,-0.070872,-0.059835,0.028959,,0.1
0.5,0.8,0.55,-0.059829,-0.073212,0.033536,,0.1
0.5,0.85,0.55,-0.044405,-0.081422,0.036932,,0.1
0.5,0.9,0.55,-0.025707,-0.077546,0.038518,,0.1
0.5,0.95,0.55,-0.00939,-0.052392,0.037273,,0.1
0.5,1,0.55,0,0,0.035776,,0.1
0.5,0,0.6,0,0,-0.023085,,0.1
0.5,0.05,0.6,-0.0081842,0.053327,-0.02423,,0.1
0.5,0.1,0.6,-0.021698,0.077913,-0.02538,,0.1
0.5,0.15,0.6,-0.037512,0.083116,-0.024807,,0.1
0.5,0.2,0.6,-0.051685,0.078167,-0.023247,,0.1
0.5,0.25,0.6,-0.063429,0.068772,-0.02092,,0.1
0.5,0.3,0.6,-0.072846,0.057668,-0.017895,,0.1
0.5,0.35,0.6,-0.08025,0.045975,-0.014236,,0.1
0.5,0.4,0.6,-0.086006,0.034075,-0.0099991,,0.1
0.5,0.45,0.6,-0.090438,0.022003,-0.0052308,,0.1
0.5,0.5,0.6,-0.093764,0.0095962,3.02E-05,,0.1
0.5,0.55,0.6,-0.096063,-0.0034462,0.0057489,,0.1
0.5,0.6,0.6,-0.09722,-0.017515,0.011886,,0.1
0.5,0.65,0.6,-0.096844,-0.033027,0.018378,,0.1
0.5,0.7,0.6,-0.094175,-0.05025,0.025093,,0.1
0.5,0.75,0.6,-0.088018,-0.068875,0.031761,,0.1
0.5,0.8,0.6,-0.076843,-0.087089,0.037902,,0.1
0.5,0.85,0.6,-0.059259,-0.1,0.042802,,0.1
0.5,0.9,0.6,-0.035787,-0.097945,0.045422,,0.1
0.5,0.95,0.6,-0.013716,-0.067514,0.044017,,0.1
0.5,1,0.6,0,0,0.042029,,0.1
0.5,0,0.65,0,0,-0.030384,,0.1
0.5,0.05,0.65,-0.010877,0.065675,-0.031777,,0.1
0.5,0.1,0.65,-0.027766,0.094476,-0.033075,,0.1
0.5,0.15,0.65,-0.04661,0.09916,-0.032186,,0.1
0.5,0.2,0.65,-0.062645,0.091841,-0.030162,,0.1
0.5,0.25,0.65,-0.075272,0.079763,-0.027311,,0.1
0.5,0.3,0.65,-0.084951,0.066264,-0.02372,,0.1
0.5,0.35,0.65,-0.092305,0.052634,-0.019461,,0.1
0.5,0.4,0.65,-0.097953,0.039242,-0.014599,,0.1
0.5,0.45,0.65,-0.10242,0.026032,-0.0091786,,0.1
0.5,0.5,0.65,-0.10608,0.012703,-0.0032265,,0.1
0.5,0.55,0.65,-0.10914,-0.001233,0.0032527,,0.1
0.5,0.6,0.65,-0.11161,-0.016425,0.010268,,0.1
0.5,0.65,0.65,-0.11311,-0.033662,0.017831,,0.1
0.5,0.7,0.65,-0.11279,-0.053725,0.025906,,0.1
0.5,0.75,0.65,-0.10902,-0.076881,0.034314,,0.1
0.5,0.8,0.65,-0.099289,-0.10161,0.042592,,0.1
0.5,0.85,0.65,-0.080549,-0.12203,0.049844,,0.1
0.5,0.9,0.65,-0.051721,-0.1247,0.054381,,0.1
0.5,0.95,0.65,-0.021393,-0.089069,0.053197,,0.1
0.5,1,0.65,0,0,0.0507,,0.1
0.5,0,0.7,0,0,-0.039927,,0.1
0.5,0.05,0.7,-0.015168,0.08174,-0.041553,,0.1
0.5,0.1,0.7,-0.036506,0.11476,-0.042845,,0.1
0.5,0.15,0.7,-0.058644,0.11767,-0.041366,,0.1
0.5,0.2,0.7,-0.076082,0.10671,-0.038631,,0.1
0.5,0.25,0.7,-0.088774,0.091047,-0.035055,,0.1
0.5,0.3,0.7,-0.097797,0.074647,-0.030729,,0.1
0.5,0.35,0.7,-0.10422,0.058903,-0.025736,,0.1
0.5,0.4,0.7,-0.10899,0.044101,-0.020151,,0.1
0.5,0.45,0.7,-0.11286,0.03004,-0.014026,,0.1
0.5,0.5,0.7,-0.11641,0.016246,-0.0073765,,0.1
0.5,0.55,0.7,-0.12,0.0020204,-0.00017351,,0.1
0.5,0.6,0.7,-0.12382,-0.013573,0.0076462,,0.1
0.5,0.65,0.7,-0.12768,-0.031781,0.016197,,0.1
0.5,0.7,0.7,-0.1308,-0.05413,0.025617,,0.1
0.5,0.75,0.7,-0.13132,-0.081961,0.035957,,0.1
0.5,0.8,0.7,-0.12568,-0.11484,0.047,,0.1
0.5,0.85,0.7,-0.10845,-0.14664,0.05786,,0.1
0.5,0.9,0.7,-0.075412,-0.15934,0.065992,,0.1
0.5,0.95,0.7,-0.034497,-0.12065,0.06639,,0.1
0.5,1,0.7,0,0,0.063871,,0.1
0.5,0,0.75,0,0,-0.053037,,0.1
0.5,0.05,0.75,-0.022166,0.10324,-0.054654,,0.1
0.5,0.1,0.75,-0.0489,0.1394,-0.055384,,0.1
0.5,0.15,0.75,-0.073498,0.13817,-0.052767,,0.1
0.5,0.2,0.75,-0.090505,0.1217,-0.048911,,0.1
0.5,0.25,0.75,-0.10117,0.10132,-0.044291,,0.1
0.5,0.3,0.75,-0.10754,0.081529,-0.038972,,0.1
0.5,0.35,0.75,-0.1113,0.063625,-0.033041,,0.1
0.5,0.4,0.75,-0.11373,0.047674,-0.026595,,0.1
0.5,0.45,0.75,-0.11579,0.033243,-0.019698,,0.1
0.5,0.5,0.75,-0.11822,0.01965,-0.012363,,0.1
0.5,0.55,0.75,-0.12154,0.0059961,-0.0045369,,0.1
0.5,0.6,0.75,-0.12612,-0.0089292,0.0039059,,0.1
0.5,0.65,0.75,-0.13213,-0.026831,0.013185,,0.1
0.5,0.7,0.75,-0.13916,-0.050118,0.023653,,0.1
0.5,0.75,0.75,-0.14564,-0.081737,0.035771,,0.1
0.5,0.8,0.75,-0.14744,-0.12354,0.04998,,0.1
0.5,0.85,0.75,-0.13667,-0.17087,0.06602,,0.1
0.5,0.9,0.75,-0.10463,-0.20166,0.080675,,0.1
0.5,0.95,0.75,-0.053792,-0.16639,0.086306,,0.1
0.5,1,0.75,0,0,0.085647,,0.1
0.5,0,0.8,0,0,-0.072561,,0.1
0.5,0.05,0.8,-0.033206,0.13222,-0.073156,,0.1
0.5,0.1,0.8,-0.064506,0.16759,-0.071595,,0.1
0.5,0.15,0.8,-0.087062,0.15812,-0.06671,,0.1
0.5,0.2,0.8,-0.098326,0.13368,-0.061037,,0.1
0.5,0.25,0.8,-0.10216,0.10759,-0.05487,,0.1
0.5,0.3,0.8,-0.10195,0.084302,-0.048164,,0.1
0.5,0.35,0.8,-0.099932,0.064643,-0.041007,,0.1
0.5,0.4,0.8,-0.097574,0.048203,-0.033515,,0.1
0.5,0.45,0.8,-0.095871,0.034189,-0.025762,,0.1
0.5,0.5,0.8,-0.095513,0.021685,-0.017759,,0.1
0.5,0.55,0.8,-0.097032,0.0096361,-0.009438,,0.1
0.5,0.6,0.8,-0.10092,-0.0033307,-0.00062003,,0.1
0.5,0.65,0.8,-0.10765,-0.019234,0.0089978,,0.1
0.5,0.7,0.8,-0.11752,-0.041268,0.019968,,0.1
0.5,0.75,0.8,-0.13002,-0.074218,0.03328,,0.1
0.5,0.8,0.8,-0.14195,-0.12341,0.0505,,0.1
0.5,0.85,0.8,-0.14453,-0.18846,0.073145,,0.1
0.5,0.9,0.8,-0.12519,-0.24672,0.098538,,0.1
0.5,0.95,0.8,-0.073556,-0.22889,0.11679,,0.1
0.5,1,0.8,0,0,0.12248,,0.1
0.5,0,0.85,0,0,-0.10482,,0.1
0.5,0.05,0.85,-0.047359,0.16901,-0.10087,,0.1
0.5,0.1,0.85,-0.074803,0.19269,-0.092096,,0.1
0.5,0.15,0.85,-0.081092,0.16912,-0.082828,,0.1
0.5,0.2,0.85,-0.074694,0.13497,-0.074164,,0.1
0.5,0.25,0.85,-0.062977,0.1037,-0.065706,,0.1
0.5,0.3,0.85,-0.050138,0.078346,-0.05714,,0.1
0.5,0.35,0.85,-0.038208,0.058546,-0.048479,,0.1
0.5,0.4,0.85,-0.028201,0.043121,-0.039811,,0.1
0.5,0.45,0.85,-0.020613,0.030828,-0.031179,,0.1
0.5,0.5,0.85,-0.015707,0.020541,-0.022562,,0.1
0.5,0.55,0.85,-0.013723,0.011168,-0.013862,,0.1
0.5,0.6,0.85,-0.01503,0.0014177,-0.0048669,,0.1
0.5,0.65,0.85,-0.020235,-0.010677,0.0048193,,0.1
0.5,0.7,0.85,-0.030298,-0.028555,0.015959,,0.1
0.5,0.75,0.85,-0.046481,-0.058275,0.030078,,0.1
0.5,0.8,0.85,-0.068652,-0.10886,0.050042,,0.1
0.5,0.85,0.85,-0.091093,-0.18733,0.080457,,0.1
0.5,0.9,0.85,-0.10333,-0.27851,0.12135,,0.1
0.5,0.95,0.85,-0.074416,-0.30106,0.16546,,0.1
0.5,1,0.85,0,0,0.18718,,0.1
0.5,0,0.9,0,0,-0.1631,,0.1
0.5,0.05,0.9,-0.044849,0.2121,-0.14304,,0.1
0.5,0.1,0.9,-0.037998,0.19584,-0.11388,,0.1
0.5,0.15,0.9,0.001872,0.15192,-0.097578,,0.1
0.5,0.2,0.9,0.042081,0.11204,-0.084483,,0.1
0.5,0.25,0.9,0.077804,0.080935,-0.073286,,0.1
0.5,0.3,0.9,0.10727,0.058153,-0.062937,,0.1
0.5,0.35,0.9,0.13066,0.041857,-0.053053,,0.1
0.5,0.4,0.9,0.14867,0.030137,-0.043541,,0.1
0.5,0.45,0.9,0.16206,0.021464,-0.034347,,0.1
0.5,0.5,0.9,0.17142,0.014695,-0.02538,,0.1
0.5,0.55,0.9,0.17711,0.0089124,-0.016491,,0.1
0.5,0.6,0.9,0.17909,0.0031932,-0.0074177,,0.1
0.5,0.65,0.9,0.17687,-0.0038182,0.0023756,,0.1
0.5,0.7,0.9,0.16909,-0.014733,0.013943,,0.1
0.5,0.75,0.9,0.15285,-0.034979,0.029511,,0.1
0.5,0.8,0.9,0.12387,-0.074734,0.053637,,0.1
0.5,0.85,0.9,0.080121,-0.14902,0.094737,,0.1
0.5,0.9,0.9,0.016039,-0.26116,0.15836,,0.1
0.5,0.95,0.9,-0.014478,-0.33903,0.25647,,0.1
0.5,1,0.9,0,0,0.31711,,0.1
0.5,0,0.95,0,0,-0.30175,,0.1
0.5,0.05,0.95,0.12088,0.18785,-0.22325,,0.1
0.5,0.1,0.95,0.19398,0.14425,-0.12435,,0.1
0.5,0.15,0.95,0.29315,0.09806,-0.095039,,0.1
0.5,0.2,0.95,0.36325,0.066122,-0.080017,,0.1
0.5,0.25,0.95,0.41247,0.044245,-0.068904,,0.1
0.5,0.3,0.95,0.44754,0.029606,-0.059347,,0.1
0.5,0.35,0.95,0.47269,0.02004,-0.050429,,0.1
0.5,0.4,0.95,0.49074,0.01378,-0.041764,,0.1
0.5,0.45,0.95,0.50366,0.0095615,-0.033233,,0.1
0.5,0.5,0.95,0.51271,0.0065485,-0.024774,,0.1
0.5,0.55,0.95,0.51863,0.004175,-0.016265,,0.1
0.5,0.6,0.95,0.52167,0.0019777,-0.0074379,,0.1
0.5,0.65,0.95,0.52154,-0.00059231,0.0022957,,0.1
0.5,0.7,0.95,0.51694,-0.0046742,0.014294,,0.1
0.5,0.75,0.95,0.50468,-0.013043,0.031677,,0.1
0.5,0.8,0.95,0.47767,-0.031783,0.061265,,0.1
0.5,0.85,0.95,0.42637,-0.07364,0.11755,,0.1
0.5,0.9,0.95,0.31694,-0.155,0.22031,,0.1
0.5,0.95,0.95,0.20426,-0.24091,0.42295,,0.1
0.5,1,0.95,0,0,0.56011,,0.1
0.5,0,1,0.5,0,-0.40251,,0.1
0.5,0.05,1,1,0,-0.27804,,0.1
0.5,0.1,1,1,0,-0.12439,,0.1
0.5,0.15,1,1,0,-0.086236,,0.1
0.5,0.2,1,1,0,-0.071855,,0.1
0.5,0.25,1,1,0,-0.062203,,0.1
0.5,0.3,1,1,0,-0.054171,,0.1
0.5,0.35,1,1,0,-0.046635,,0.1
0.5,0.4,1,1,0,-0.039059,,0.1
0.5,0.45,1,1,0,-0.031325,,0.1
0.5,0.5,1,1,0,-0.023439,,0.1
0.5,0.55,1,1,0,-0.015335,,0.1
0.5,0.6,1,1,0,-0.006778,,0.1
0.5,0.65,1,1,0,0.0027961,,0.1
0.5,0.7,1,1,0,0.01487,,0.1
0.5,0.75,1,1,0,0.033022,,0.1
0.5,0.8,1,1,0,0.065273,,0.1
0.5,0.85,1,1,0,0.13023,,0.1
0.5,0.9,1,1,0,0.25834,,0.1
0.5,0.95,1,1,0,0.52864,,0.1
0.5,1,1,0.5,0,0.71475,,0.1