Time,x,y,Ux,Uy,p,,
0.1,0,0,0,0,-2.23E-08,,
0.1,0.005,0,0,0,-0.0028662,,
0.1,0.01,0,0,0,-0.0092342,,
0.1,0.015,0,0,0,-0.015397,,
0.1,0.02,0,0,0,-0.019019,,
0.1,0.025,0,0,0,-0.018863,,
0.1,0.03,0,0,0,-0.014518,,
0.1,0.035,0,0,0,-0.0061781,,
0.1,0.04,0,0,0,0.0055441,,
0.1,0.045,0,0,0,0.019743,,
0.1,0.05,0,0,0,0.03531,,
0.1,0.055,0,0,0,0.051008,,
0.1,0.06,0,0,0,0.065553,,
0.1,0.065,0,0,0,0.077708,,
0.1,0.07,0,0,0,0.086405,,
0.1,0.075,0,0,0,0.0909,,
0.1,0.08,0,0,0,0.090958,,
0.1,0.085,0,0,0,0.087059,,
0.1,0.09,0,0,0,0.080615,,
0.1,0.095,0,0,0,0.074134,,
0.1,0.1,0,0,0,0.07127,,
0.1,0,0.005,0,0,0.0028411,,
0.1,0.005,0.005,-0.00031883,0.00033061,-6.60E-05,,
0.1,0.01,0.005,-0.0020532,0.0014635,-0.0060932,,
0.1,0.015,0.005,-0.0054315,0.0024872,-0.011454,,
0.1,0.02,0.005,-0.0099571,0.0031269,-0.014421,,
0.1,0.025,0.005,-0.015039,0.0033473,-0.014037,,
0.1,0.03,0.005,-0.020103,0.0031841,-0.0099464,,
0.1,0.035,0.005,-0.024635,0.0026996,-0.0023065,,
0.1,0.04,0.005,-0.028213,0.0019655,0.0083507,,
0.1,0.045,0.005,-0.030523,0.0010563,0.021226,,
0.1,0.05,0.005,-0.031361,4.91E-05,0.03533,,
0.1,0.055,0.005,-0.030642,-0.00097455,0.049555,,
0.1,0.06,0.005,-0.028411,-0.0019272,0.06275,,
0.1,0.065,0.005,-0.024842,-0.0027156,0.073808,,
0.1,0.07,0.005,-0.02025,-0.0032444,0.081781,,
0.1,0.075,0.005,-0.015084,-0.0034237,0.086015,,
0.1,0.08,0.005,-0.0098998,-0.003184,0.086311,,
0.1,0.085,0.005,-0.0053182,-0.0024989,0.083089,,
0.1,0.09,0.005,-0.0019496,-0.0014305,0.077466,,
0.1,0.095,0.005,-0.00026597,-0.00028801,0.071338,,
0.1,0.1,0.005,0,0,0.068439,,
0.1,0,0.01,0,0,0.0093956,,
0.1,0.005,0.01,-0.0014577,0.0020441,0.0058805,,
0.1,0.01,0.01,-0.0053134,0.0052231,-0.00048339,,
0.1,0.015,0.01,-0.011804,0.0079423,-0.0050775,,
0.1,0.02,0.01,-0.020011,0.009623,-0.0072642,,
0.1,0.025,0.01,-0.028987,0.01015,-0.0066414,,
0.1,0.03,0.01,-0.037819,0.0095916,-0.00299,,
0.1,0.035,0.01,-0.045671,0.008104,0.0035549,,
0.1,0.04,0.01,-0.051847,0.005884,0.012567,,
0.1,0.045,0.01,-0.055821,0.003148,0.023405,,
0.1,0.05,0.01,-0.057256,0.00012576,0.035269,,
0.1,0.055,0.01,-0.056014,-0.0029388,0.04725,,
0.1,0.06,0.01,-0.05217,-0.0057865,0.058401,,
0.1,0.065,0.01,-0.04602,-0.0081468,0.067809,,
0.1,0.07,0.01,-0.038085,-0.0097501,0.07469,,
0.1,0.075,0.01,-0.029097,-0.010353,0.078499,,
0.1,0.08,0.01,-0.019958,-0.0097801,0.079053,,
0.1,0.085,0.01,-0.01165,-0.0079847,0.076621,,
0.1,0.09,0.01,-0.0051578,-0.0051471,0.071757,,
0.1,0.095,0.01,-0.0013723,-0.0019335,0.065286,,
0.1,0.1,0.01,0,0,0.061779,,
0.1,0,0.015,0,0,0.016455,,
0.1,0.005,0.015,-0.002671,0.0055421,0.011596,,
0.1,0.01,0.015,-0.0086829,0.011834,0.0034208,,
0.1,0.015,0.015,-0.018158,0.016911,-0.0016829,,
0.1,0.02,0.015,-0.029687,0.019955,-0.0039122,,
0.1,0.025,0.015,-0.04201,0.020778,-0.0033709,,
0.1,0.03,0.015,-0.053968,0.019502,-5.87E-06,,
0.1,0.035,0.015,-0.064512,0.016412,0.0059955,,
0.1,0.04,0.015,-0.072763,0.011886,0.014224,,
0.1,0.045,0.015,-0.078063,0.0063451,0.024108,,
0.1,0.05,0.015,-0.079986,0.00024299,0.034941,,
0.1,0.055,0.015,-0.078357,-0.0059381,0.045921,,
0.1,0.06,0.015,-0.073268,-0.011689,0.056197,,
0.1,0.065,0.015,-0.065083,-0.016481,0.064932,,
0.1,0.07,0.015,-0.054452,-0.019795,0.071383,,
0.1,0.075,0.015,-0.04229,-0.021168,0.074991,,
0.1,0.08,0.015,-0.029732,-0.020273,0.075495,,
0.1,0.085,0.015,-0.01803,-0.017023,0.072988,,
0.1,0.09,0.015,-0.0085098,-0.011719,0.067535,,
0.1,0.095,0.015,-0.0025634,-0.0053404,0.059179,,
0.1,0.1,0.015,0,0,0.054301,,
0.1,0,0.02,0,0,0.021948,,
0.1,0.005,0.02,-0.0038009,0.010711,0.015497,,
0.1,0.01,0.02,-0.011905,0.021065,0.0049455,,
0.1,0.015,0.02,-0.024279,0.028967,-0.0012293,,
0.1,0.02,0.02,-0.038966,0.0335,-0.0038617,,
0.1,0.025,0.02,-0.054381,0.034484,-0.003487,,
0.1,0.03,0.02,-0.069154,0.032143,-0.0002134,,
0.1,0.035,0.02,-0.08207,0.026939,0.0056886,,
0.1,0.04,0.02,-0.092132,0.019466,0.013781,,
0.1,0.045,0.02,-0.098594,0.01039,0.023507,,
0.1,0.05,0.02,-0.10098,0.00042649,0.034199,,
0.1,0.055,0.02,-0.099073,-0.0096652,0.045097,,
0.1,0.06,0.02,-0.092973,-0.019084,0.055378,,
0.1,0.065,0.02,-0.083072,-0.027,0.064205,,
0.1,0.07,0.02,-0.070086,-0.032595,0.070797,,
0.1,0.075,0.02,-0.055053,-0.035131,0.074506,,
0.1,0.08,0.02,-0.03929,-0.034073,0.074936,,
0.1,0.085,0.02,-0.024298,-0.029231,0.072,,
0.1,0.09,0.02,-0.011774,-0.020953,0.065352,,
0.1,0.095,0.02,-0.003688,-0.010418,0.054464,,
0.1,0.1,0.02,0,0,0.047922,,
0.1,0,0.025,0,0,0.02443,,
0.1,0.005,0.025,-0.0048706,0.017462,0.01634,,
0.1,0.01,0.025,-0.015021,0.032821,0.0032804,,
0.1,0.015,0.025,-0.030245,0.043981,-0.0041038,,
0.1,0.02,0.025,-0.048011,0.050068,-0.0071763,,
0.1,0.025,0.025,-0.066388,0.051018,-0.0068544,,
0.1,0.03,0.025,-0.083802,0.04724,-0.0033975,,
0.1,0.035,0.025,-0.09891,0.039431,0.0028308,,
0.1,0.04,0.025,-0.11063,0.028443,0.011343,,
0.1,0.045,0.025,-0.11818,0.01521,0.021568,,
0.1,0.05,0.025,-0.12104,0.00072984,0.032847,,
0.1,0.055,0.025,-0.11897,-0.013948,0.044423,,
0.1,0.06,0.025,-0.11205,-0.027713,0.055461,,
0.1,0.065,0.025,-0.10067,-0.039406,0.065078,,
0.1,0.07,0.025,-0.085546,-0.047866,0.072401,,
0.1,0.075,0.025,-0.067804,-0.052023,0.076639,,
0.1,0.08,0.025,-0.048909,-0.05105,0.077227,,
0.1,0.085,0.025,-0.030617,-0.044557,0.073879,,
0.1,0.09,0.025,-0.015038,-0.032824,0.065874,,
0.1,0.095,0.025,-0.0047874,-0.017118,0.052226,,
0.1,0.1,0.025,0,0,0.043905,,
0.1,0,0.03,0,0,0.022755,,
0.1,0.005,0.03,-0.0059329,0.025767,0.013005,,
0.1,0.01,0.03,-0.018132,0.047086,-0.0025891,,
0.1,0.015,0.03,-0.036202,0.061936,-0.011149,,
0.1,0.02,0.03,-0.057,0.069609,-0.014524,,
0.1,0.025,0.03,-0.078237,0.07029,-0.013996,,
0.1,0.03,0.03,-0.098149,0.06468,-0.009974,,
0.1,0.035,0.03,-0.11529,0.053782,-0.0029231,,
0.1,0.04,0.03,-0.12856,0.038749,0.0066052,,
0.1,0.045,0.03,-0.13713,0.020805,0.018012,,
0.1,0.05,0.03,-0.1405,0.0012278,0.030625,,
0.1,0.055,0.03,-0.1384,-0.018644,0.043671,,
0.1,0.06,0.03,-0.13086,-0.037392,0.056272,,
0.1,0.065,0.03,-0.11823,-0.053516,0.067466,,
0.1,0.07,0.03,-0.10119,-0.065474,0.076243,,
0.1,0.075,0.03,-0.080882,-0.071791,0.081623,,
0.1,0.08,0.03,-0.058894,-0.07124,0.082817,,
0.1,0.085,0.03,-0.037232,-0.063094,0.079308,,
0.1,0.09,0.03,-0.018466,-0.047426,0.069984,,
0.1,0.095,0.03,-0.0059384,-0.02548,0.05343,,
0.1,0.1,0.03,0,0,0.04322,,
0.1,0,0.035,0,0,0.015835,,
0.1,0.005,0.035,-0.0070408,0.03565,0.0043894,,
0.1,0.01,0.035,-0.021344,0.063888,-0.013735,,
0.1,0.015,0.035,-0.042281,0.082822,-0.023314,,
0.1,0.02,0.035,-0.066053,0.092055,-0.026698,,
0.1,0.025,0.035,-0.090001,0.092175,-0.02556,,
0.1,0.03,0.035,-0.1122,0.084306,-0.020475,,
0.1,0.035,0.035,-0.13115,0.069844,-0.012021,,
0.1,0.04,0.035,-0.14577,0.050288,-0.00082214,,
0.1,0.045,0.035,-0.15527,0.027161,0.012488,,
0.1,0.05,0.035,-0.15917,0.0020081,0.02722,,
0.1,0.055,0.035,-0.1572,-0.023574,0.042575,,
0.1,0.06,0.035,-0.1493,-0.047883,0.057626,,
0.1,0.065,0.035,-0.13574,-0.069083,0.071304,,
0.1,0.07,0.035,-0.1171,-0.085222,0.082432,,
0.1,0.075,0.035,-0.094466,-0.094338,0.089782,,
0.1,0.08,0.035,-0.069478,-0.09467,0.09228,,
0.1,0.085,0.035,-0.044376,-0.084977,0.089105,,
0.1,0.09,0.035,-0.022231,-0.064933,0.078675,,
0.1,0.095,0.035,-0.0072225,-0.03563,0.059087,,
0.1,0.1,0.035,0,0,0.046838,,
0.1,0,0.04,0,0,0.0024649,,
0.1,0.005,0.04,-0.0082451,0.047187,-0.010738,,
0.1,0.01,0.04,-0.02475,0.083287,-0.031365,,
0.1,0.015,0.04,-0.048576,0.10661,-0.041672,,
0.1,0.02,0.04,-0.07519,0.11727,-0.044596,,
0.1,0.025,0.04,-0.10157,0.11644,-0.042277,,
0.1,0.03,0.04,-0.12567,0.10584,-0.035494,,
0.1,0.035,0.04,-0.14604,0.087351,-0.024958,,
0.1,0.04,0.04,-0.16167,0.062872,-0.011371,,
0.1,0.045,0.04,-0.17191,0.034218,0.0046063,,
0.1,0.05,0.04,-0.17633,0.0031588,0.022277,,
0.1,0.055,0.04,-0.17465,-0.028505,0.040834,,
0.1,0.06,0.04,-0.16675,-0.058843,0.059305,,
0.1,0.065,0.04,-0.15274,-0.085719,0.076517,,
0.1,0.07,0.04,-0.13301,-0.10676,0.091093,,
0.1,0.075,0.04,-0.10849,-0.11943,0.10151,,
0.1,0.08,0.04,-0.08076,-0.12129,0.10632,,
0.1,0.085,0.04,-0.052228,-0.11034,0.10428,,
0.1,0.09,0.04,-0.02649,-0.08559,0.093169,,
0.1,0.095,0.04,-0.0087208,-0.047778,0.070454,,
0.1,0.1,0.04,0,0,0.05597,,
0.1,0,0.045,0,0,-0.018829,,
0.1,0.005,0.045,-0.0096023,0.060501,-0.033875,,
0.1,0.01,0.045,-0.028442,0.10536,-0.056933,,
0.1,0.015,0.045,-0.055133,0.13323,-0.067488,,
0.1,0.02,0.045,-0.084309,0.14497,-0.069244,,
0.1,0.025,0.045,-0.1126,0.14265,-0.064948,,
0.1,0.03,0.045,-0.13796,0.12877,-0.055654,,
0.1,0.035,0.045,-0.15907,0.10584,-0.042232,,
0.1,0.04,0.045,-0.17515,0.076153,-0.025462,,
0.1,0.045,0.045,-0.18574,0.041814,-0.0060125,,
0.1,0.05,0.045,-0.19056,0.0047469,0.015448,,
0.1,0.055,0.045,-0.18937,-0.033137,0.038143,,
0.1,0.06,0.045,-0.18196,-0.06978,0.061089,,
0.1,0.065,0.045,-0.16819,-0.10282,0.083031,,
0.1,0.07,0.045,-0.14819,-0.12948,0.10239,,
0.1,0.075,0.045,-0.12255,-0.14661,0.11729,,
0.1,0.08,0.045,-0.092632,-0.15088,0.12581,,
0.1,0.085,0.045,-0.060877,-0.13925,0.12611,,
0.1,0.09,0.045,-0.031387,-0.10968,0.11509,,
0.1,0.095,0.045,-0.01052,-0.062215,0.089242,,
0.1,0.1,0.045,0,0,0.072305,,
0.1,0,0.05,0,0,-0.04995,,
0.1,0.005,0.05,-0.011193,0.075765,-0.066938,,
0.1,0.01,0.05,-0.032528,0.13016,-0.092241,,
0.1,0.015,0.05,-0.061958,0.16244,-0.10225,,
0.1,0.02,0.05,-0.093156,0.17463,-0.10176,,
0.1,0.025,0.05,-0.12247,0.17007,-0.094368,,
0.1,0.03,0.05,-0.14801,0.15228,-0.081502,,
0.1,0.035,0.05,-0.16879,0.12451,-0.064229,,
0.1,0.04,0.05,-0.1844,0.089529,-0.043394,,
0.1,0.045,0.05,-0.19474,0.049626,-0.019632,,
0.1,0.05,0.05,-0.19972,0.0067865,0.0064777,,
0.1,0.055,0.05,-0.1992,-0.037107,0.034256,,
0.1,0.06,0.05,-0.19286,-0.080011,0.062786,,
0.1,0.065,0.05,-0.18032,-0.11947,0.090788,,
0.1,0.07,0.05,-0.16125,-0.1524,0.11651,,
0.1,0.075,0.05,-0.13574,-0.175,0.13771,,
0.1,0.08,0.05,-0.10468,-0.1829,0.15185,,
0.1,0.085,0.05,-0.070283,-0.17159,0.15631,,
0.1,0.09,0.05,-0.03705,-0.13747,0.14662,,
0.1,0.095,0.05,-0.012729,-0.079303,0.11788,,
0.1,0.1,0.05,0,0,0.098281,,
0.1,0,0.055,0,0,-0.0935,,
0.1,0.005,0.055,-0.013154,0.093219,-0.11251,,
0.1,0.01,0.055,-0.037166,0.15771,-0.1396,,
0.1,0.015,0.055,-0.069011,0.19379,-0.14771,,
0.1,0.02,0.055,-0.10126,0.20534,-0.1433,,
0.1,0.025,0.055,-0.13016,0.19746,-0.13119,,
0.1,0.03,0.055,-0.15423,0.17504,-0.11334,,
0.1,0.035,0.055,-0.17308,0.14218,-0.091041,,
0.1,0.04,0.055,-0.18689,0.10207,-0.065164,,
0.1,0.045,0.055,-0.19603,0.057111,-0.03624,,
0.1,0.05,0.055,-0.20075,0.0091974,-0.0046642,,
0.1,0.055,0.055,-0.20102,-0.039996,0.029094,,
0.1,0.06,0.055,-0.19648,-0.088644,0.064303,,
0.1,0.065,0.055,-0.18642,-0.1344,0.099776,,
0.1,0.07,0.055,-0.16999,-0.17404,0.13368,,
0.1,0.075,0.055,-0.14652,-0.20317,0.16342,,
0.1,0.08,0.055,-0.11606,-0.21625,0.18578,,
0.1,0.085,0.055,-0.080206,-0.20689,0.19703,,
0.1,0.09,0.055,-0.04359,-0.16911,0.19079,,
0.1,0.095,0.055,-0.015495,-0.099472,0.15986,,
0.1,0.1,0.055,0,0,0.1375,,
0.1,0,0.06,0,0,-0.1533,,
0.1,0.005,0.06,-0.015722,0.11322,-0.17425,,
0.1,0.01,0.06,-0.042591,0.18792,-0.20205,,
0.1,0.015,0.06,-0.076143,0.22644,-0.20587,,
0.1,0.02,0.06,-0.1078,0.23558,-0.19488,,
0.1,0.025,0.06,-0.13404,0.22295,-0.1757,,
0.1,0.03,0.06,-0.15423,0.19512,-0.15098,,
0.1,0.035,0.06,-0.16893,0.1571,-0.12222,,
0.1,0.04,0.06,-0.17911,0.11242,-0.090236,,
0.1,0.045,0.06,-0.18577,0.063444,-0.055341,,
0.1,0.05,0.06,-0.18957,0.011761,-0.017601,,
0.1,0.055,0.06,-0.19068,-0.041372,0.022884,,
0.1,0.06,0.06,-0.18872,-0.094586,0.065741,,
0.1,0.065,0.06,-0.18268,-0.14592,0.11007,,
0.1,0.07,0.06,-0.17109,-0.19227,0.15414,,
0.1,0.075,0.06,-0.15232,-0.2289,0.19513,,
0.1,0.08,0.06,-0.1252,-0.24904,0.22913,,
0.1,0.085,0.06,-0.090057,-0.24405,0.25106,,
0.1,0.09,0.06,-0.051079,-0.2045,0.25175,,
0.1,0.095,0.06,-0.019044,-0.12322,0.22035,,
0.1,0.1,0.06,0,0,0.19547,,
0.1,0,0.065,0,0,-0.23547,,
0.1,0.005,0.065,-0.019302,0.13627,-0.25779,,
0.1,0.01,0.065,-0.049093,0.22044,-0.28372,,
0.1,0.015,0.065,-0.082907,0.25884,-0.27896,,
0.1,0.02,0.065,-0.11122,0.26293,-0.25715,,
0.1,0.025,0.065,-0.13147,0.24375,-0.22748,,
0.1,0.03,0.065,-0.14449,0.20981,-0.19338,,
0.1,0.035,0.065,-0.15215,0.16695,-0.15644,,
0.1,0.04,0.065,-0.15644,0.11883,-0.11727,,
0.1,0.045,0.065,-0.15904,0.067514,-0.075731,,
0.1,0.05,0.065,-0.16106,0.014086,-0.031371,,
0.1,0.055,0.065,-0.16292,-0.040842,0.016289,,
0.1,0.06,0.065,-0.16427,-0.096612,0.067471,,
0.1,0.065,0.065,-0.16391,-0.15196,0.12184,,
0.1,0.07,0.065,-0.1598,-0.2043,0.17809,,
0.1,0.075,0.065,-0.14925,-0.24896,0.23347,,
0.1,0.08,0.065,-0.12942,-0.27824,0.28358,,
0.1,0.085,0.065,-0.098589,-0.28094,0.32182,,
0.1,0.09,0.065,-0.059448,-0.243,0.33527,,
0.1,0.095,0.065,-0.02371,-0.15109,0.30725,,
0.1,0.1,0.065,0,0,0.28093,,
0.1,0,0.07,0,0,-0.35079,,
0.1,0.005,0.07,-0.024497,0.16307,-0.37231,,
0.1,0.01,0.07,-0.056824,0.25432,-0.39019,,
0.1,0.015,0.07,-0.088,0.28824,-0.36906,,
0.1,0.02,0.07,-0.10853,0.28366,-0.32978,,
0.1,0.025,0.07,-0.11805,0.25597,-0.28481,,
0.1,0.03,0.07,-0.11971,0.21562,-0.23816,,
0.1,0.035,0.07,-0.117,0.16891,-0.19118,,
0.1,0.04,0.07,-0.11293,0.11922,-0.14386,,
0.1,0.045,0.07,-0.10981,0.068006,-0.095332,,
0.1,0.05,0.07,-0.1091,0.01562,-0.044335,,
0.1,0.055,0.07,-0.11145,-0.038144,0.010442,,
0.1,0.06,0.07,-0.11665,-0.093531,0.070102,,
0.1,0.065,0.07,-0.1235,-0.15027,0.13523,,
0.1,0.07,0.07,-0.12961,-0.20678,0.20543,,
0.1,0.075,0.07,-0.13138,-0.25908,0.27862,,
0.1,0.08,0.07,-0.12413,-0.29924,0.35048,,
0.1,0.085,0.07,-0.10323,-0.31376,0.41314,,
0.1,0.09,0.07,-0.06815,-0.28289,0.44918,,
0.1,0.095,0.07,-0.0299,-0.18355,0.43302,,
0.1,0.1,0.07,0,0,0.4086,,
0.1,0,0.075,0,0,-0.51914,,
0.1,0.005,0.075,-0.031905,0.19436,-0.53338,,
0.1,0.01,0.075,-0.064985,0.28724,-0.52885,,
0.1,0.015,0.075,-0.08786,0.30989,-0.47736,,
0.1,0.02,0.075,-0.093691,0.29228,-0.41051,,
0.1,0.025,0.075,-0.086343,0.25461,-0.34388,,
0.1,0.03,0.075,-0.071965,0.20854,-0.28109,,
0.1,0.035,0.075,-0.05567,0.16004,-0.22239,,
0.1,0.04,0.075,-0.041192,0.11157,-0.16648,,
0.1,0.045,0.075,-0.031068,0.063656,-0.11125,,
0.1,0.05,0.075,-0.02686,0.01574,-0.054313,,
0.1,0.055,0.075,-0.029339,-0.033238,0.006753,,
0.1,0.06,0.075,-0.038506,-0.084469,0.074226,,
0.1,0.065,0.075,-0.05344,-0.13883,0.15003,,
0.1,0.07,0.075,-0.071944,-0.19619,0.23531,,
0.1,0.075,0.075,-0.090069,-0.2541,0.32963,,
0.1,0.08,0.075,-0.10167,-0.30565,0.42999,,
0.1,0.085,0.075,-0.09868,-0.3363,0.52852,,
0.1,0.09,0.075,-0.075173,-0.32041,0.60361,,
0.1,0.095,0.075,-0.037725,-0.22065,0.61753,,
0.1,0.1,0.075,0,0,0.60377,,
0.1,0,0.08,0,0,-0.7776,,
0.1,0.005,0.08,-0.040941,0.23044,-0.7674,,
0.1,0.01,0.08,-0.069342,0.31369,-0.70856,,
0.1,0.015,0.08,-0.073432,0.31551,-0.6029,,
0.1,0.02,0.08,-0.0548,0.28104,-0.49429,,
0.1,0.025,0.08,-0.023849,0.23379,-0.39835,,
0.1,0.03,0.08,0.010377,0.18472,-0.31605,,
0.1,0.035,0.08,0.042003,0.13804,-0.24481,,
0.1,0.04,0.08,0.067474,0.094604,-0.1809,,
0.1,0.045,0.08,0.084718,0.053715,-0.12032,,
0.1,0.05,0.08,0.09255,0.013965,-0.059154,,
0.1,0.055,0.08,0.09031,-0.026391,0.0063511,,
0.1,0.06,0.08,0.077747,-0.069272,0.079886,,
0.1,0.065,0.08,0.055157,-0.11658,0.16511,,
0.1,0.07,0.08,0.023835,-0.16978,0.26548,,
0.1,0.075,0.08,-0.013073,-0.22876,0.38362,,
0.1,0.08,0.08,-0.0493,-0.28937,0.52005,,
0.1,0.085,0.08,-0.074191,-0.33879,0.66969,,
0.1,0.09,0.08,-0.074471,-0.34798,0.81034,,
0.1,0.095,0.08,-0.045535,-0.26131,0.89188,,
0.1,0.1,0.08,0,0,0.90975,,
0.1,0,0.085,0,0,-1.2058,,
0.1,0.005,0.085,-0.045464,0.26855,-1.124,,
0.1,0.01,0.085,-0.055598,0.32118,-0.93667,,
0.1,0.015,0.085,-0.023476,0.29157,-0.73785,,
0.1,0.02,0.085,0.030648,0.2403,-0.57029,,
0.1,0.025,0.085,0.089369,0.18831,-0.43802,,
0.1,0.03,0.085,0.14339,0.14214,-0.33477,,
0.1,0.035,0.085,0.18832,0.1027,-0.25238,,
0.1,0.04,0.085,0.22228,0.068798,-0.18303,,
0.1,0.045,0.085,0.2446,0.038625,-0.12004,,
0.1,0.05,0.085,0.25499,0.010262,-0.057749,,
0.1,0.055,0.085,0.25318,-0.018251,0.0090122,,
0.1,0.06,0.085,0.23873,-0.049028,0.085386,,
0.1,0.065,0.085,0.21109,-0.084453,0.177,,
0.1,0.07,0.085,0.16993,-0.12717,0.29037,,
0.1,0.075,0.085,0.11613,-0.17957,0.43302,,
0.1,0.08,0.085,0.053417,-0.24186,0.61223,,
0.1,0.085,0.085,-0.0085738,-0.30729,0.83109,,
0.1,0.09,0.085,-0.050083,-0.35085,1.0798,,
0.1,0.095,0.085,-0.045334,-0.30015,1.3114,,
0.1,0.1,0.085,0,0,1.4136,,
0.1,0,0.09,0,0,-2.0078,,
0.1,0.005,0.09,-0.015668,0.28793,-1.7132,,
0.1,0.01,0.09,0.018953,0.28549,-1.2005,,
0.1,0.015,0.09,0.10787,0.22364,-0.84195,,
0.1,0.02,0.09,0.20143,0.16575,-0.60406,,
0.1,0.025,0.09,0.28185,0.12011,-0.4384,,
0.1,0.03,0.09,0.34645,0.085489,-0.32121,,
0.1,0.035,0.09,0.39572,0.059156,-0.23541,,
0.1,0.04,0.09,0.43088,0.038431,-0.16768,,
0.1,0.045,0.09,0.45319,0.021122,-0.1085,,
0.1,0.05,0.09,0.46351,0.0054769,-0.050755,,
0.1,0.055,0.09,0.46208,-0.010052,0.011595,,
0.1,0.06,0.09,0.4484,-0.027082,0.084626,,
0.1,0.065,0.09,0.4212,-0.047606,0.1755,,
0.1,0.07,0.09,0.37849,-0.074343,0.29388,,
0.1,0.075,0.09,0.31789,-0.111,0.45348,,
0.1,0.08,0.09,0.2375,-0.16187,0.67231,,
0.1,0.085,0.09,0.13855,-0.22951,0.97351,,
0.1,0.09,0.09,0.039046,-0.30382,1.4027,,
0.1,0.095,0.09,-0.0059243,-0.3119,1.9922,,
0.1,0.1,0.09,0,0,2.327,,
0.1,0,0.095,0,0,-3.4531,,
0.1,0.005,0.095,0.18094,0.21261,-2.6454,,
0.1,0.01,0.095,0.27812,0.17737,-1.4234,,
0.1,0.015,0.095,0.4088,0.11853,-0.82332,,
0.1,0.02,0.095,0.51166,0.077431,-0.53233,,
0.1,0.025,0.095,0.5837,0.050875,-0.36188,,
0.1,0.03,0.095,0.63458,0.033547,-0.25457,,
0.1,0.035,0.095,0.67031,0.0219,-0.18322,,
0.1,0.04,0.095,0.69438,0.01361,-0.13028,,
0.1,0.045,0.095,0.70903,0.00719,-0.085022,,
0.1,0.05,0.095,0.71556,0.0016573,-0.04041,,
0.1,0.055,0.095,0.71442,-0.0037452,0.0091175,,
0.1,0.06,0.095,0.70527,-0.0097751,0.069136,,
0.1,0.065,0.095,0.68689,-0.017436,0.14667,,
0.1,0.07,0.095,0.65686,-0.028329,0.25249,,
0.1,0.075,0.095,0.61117,-0.045175,0.40479,,
0.1,0.08,0.095,0.54288,-0.072486,0.63403,,
0.1,0.085,0.095,0.44027,-0.11697,1.002,,
0.1,0.09,0.095,0.30353,-0.18211,1.6963,,
0.1,0.095,0.095,0.19605,-0.22223,3.0238,,
0.1,0.1,0.095,0,0,3.8863,,
0.1,0,0.1,0.5,0,-4.3667,,
0.1,0.005,0.1,1,0,-3.2057,,
0.1,0.01,0.1,1,0,-1.5093,,
0.1,0.015,0.1,1,0,-0.76872,,
0.1,0.02,0.1,1,0,-0.461,,
0.1,0.025,0.1,1,0,-0.29952,,
0.1,0.03,0.1,1,0,-0.20559,,
0.1,0.035,0.1,1,0,-0.14726,,
0.1,0.04,0.1,1,0,-0.10574,,
0.1,0.045,0.1,1,0,-0.070385,,
0.1,0.05,0.1,1,0,-0.03476,,
0.1,0.055,0.1,1,0,0.0059975,,
0.1,0.06,0.1,1,0,0.056742,,
0.1,0.065,0.1,1,0,0.12382,,
0.1,0.07,0.1,1,0,0.2177,,
0.1,0.075,0.1,1,0,0.35781,,
0.1,0.08,0.1,1,0,0.5806,,
0.1,0.085,0.1,1,0,0.97227,,
0.1,0.09,0.1,1,0,1.8185,,
0.1,0.095,0.1,1,0,3.6298,,
0.1,0.1,0.1,0.5,0,4.8485,,
0.1,0,0,0,0,-2.23E-08,,0.01
0.1,0.005,0,0,0,-0.0028662,,0.01
0.1,0.01,0,0,0,-0.0092342,,0.01
0.1,0.015,0,0,0,-0.015397,,0.01
0.1,0.02,0,0,0,-0.019019,,0.01
0.1,0.025,0,0,0,-0.018863,,0.01
0.1,0.03,0,0,0,-0.014518,,0.01
0.1,0.035,0,0,0,-0.0061781,,0.01
0.1,0.04,0,0,0,0.0055441,,0.01
0.1,0.045,0,0,0,0.019743,,0.01
0.1,0.05,0,0,0,0.03531,,0.01
0.1,0.055,0,0,0,0.051008,,0.01
0.1,0.06,0,0,0,0.065553,,0.01
0.1,0.065,0,0,0,0.077708,,0.01
0.1,0.07,0,0,0,0.086405,,0.01
0.1,0.075,0,0,0,0.0909,,0.01
0.1,0.08,0,0,0,0.090958,,0.01
0.1,0.085,0,0,0,0.087059,,0.01
0.1,0.09,0,0,0,0.080615,,0.01
0.1,0.095,0,0,0,0.074134,,0.01
0.1,0.1,0,0,0,0.07127,,0.01
0.1,0,0.005,0,0,0.0028411,,0.01
0.1,0.005,0.005,-0.00031883,0.00033061,-6.60E-05,,0.01
0.1,0.01,0.005,-0.0020532,0.0014635,-0.0060932,,0.01
0.1,0.015,0.005,-0.0054315,0.0024872,-0.011454,,0.01
0.1,0.02,0.005,-0.0099571,0.0031269,-0.014421,,0.01
0.1,0.025,0.005,-0.015039,0.0033473,-0.014037,,0.01
0.1,0.03,0.005,-0.020103,0.0031841,-0.0099464,,0.01
0.1,0.035,0.005,-0.024635,0.0026996,-0.0023065,,0.01
0.1,0.04,0.005,-0.028213,0.0019655,0.0083507,,0.01
0.1,0.045,0.005,-0.030523,0.0010563,0.021226,,0.01
0.1,0.05,0.005,-0.031361,4.91E-05,0.03533,,0.01
0.1,0.055,0.005,-0.030642,-0.00097455,0.049555,,0.01
0.1,0.06,0.005,-0.028411,-0.0019272,0.06275,,0.01
0.1,0.065,0.005,-0.024842,-0.0027156,0.073808,,0.01
0.1,0.07,0.005,-0.02025,-0.0032444,0.081781,,0.01
0.1,0.075,0.005,-0.015084,-0.0034237,0.086015,,0.01
0.1,0.08,0.005,-0.0098998,-0.003184,0.086311,,0.01
0.1,0.085,0.005,-0.0053182,-0.0024989,0.083089,,0.01
0.1,0.09,0.005,-0.0019496,-0.0014305,0.077466,,0.01
0.1,0.095,0.005,-0.00026597,-0.00028801,0.071338,,0.01
0.1,0.1,0.005,0,0,0.068439,,0.01
0.1,0,0.01,0,0,0.0093956,,0.01
0.1,0.005,0.01,-0.0014577,0.0020441,0.0058805,,0.01
0.1,0.01,0.01,-0.0053134,0.0052231,-0.00048339,,0.01
0.1,0.015,0.01,-0.011804,0.0079423,-0.0050775,,0.01
0.1,0.02,0.01,-0.020011,0.009623,-0.0072642,,0.01
0.1,0.025,0.01,-0.028987,0.01015,-0.0066414,,0.01
0.1,0.03,0.01,-0.037819,0.0095916,-0.00299,,0.01
0.1,0.035,0.01,-0.045671,0.008104,0.0035549,,0.01
0.1,0.04,0.01,-0.051847,0.005884,0.012567,,0.01
0.1,0.045,0.01,-0.055821,0.003148,0.023405,,0.01
0.1,0.05,0.01,-0.057256,0.00012576,0.035269,,0.01
0.1,0.055,0.01,-0.056014,-0.0029388,0.04725,,0.01
0.1,0.06,0.01,-0.05217,-0.0057865,0.058401,,0.01
0.1,0.065,0.01,-0.04602,-0.0081468,0.067809,,0.01
0.1,0.07,0.01,-0.038085,-0.0097501,0.07469,,0.01
0.1,0.075,0.01,-0.029097,-0.010353,0.078499,,0.01
0.1,0.08,0.01,-0.019958,-0.0097801,0.079053,,0.01
0.1,0.085,0.01,-0.01165,-0.0079847,0.076621,,0.01
0.1,0.09,0.01,-0.0051578,-0.0051471,0.071757,,0.01
0.1,0.095,0.01,-0.0013723,-0.0019335,0.065286,,0.01
0.1,0.1,0.01,0,0,0.061779,,0.01
0.1,0,0.015,0,0,0.016455,,0.01
0.1,0.005,0.015,-0.002671,0.0055421,0.011596,,0.01
0.1,0.01,0.015,-0.0086829,0.011834,0.0034208,,0.01
0.1,0.015,0.015,-0.018158,0.016911,-0.0016829,,0.01
0.1,0.02,0.015,-0.029687,0.019955,-0.0039122,,0.01
0.1,0.025,0.015,-0.04201,0.020778,-0.0033709,,0.01
0.1,0.03,0.015,-0.053968,0.019502,-5.87E-06,,0.01
0.1,0.035,0.015,-0.064512,0.016412,0.0059955,,0.01
0.1,0.04,0.015,-0.072763,0.011886,0.014224,,0.01
0.1,0.045,0.015,-0.078063,0.0063451,0.024108,,0.01
0.1,0.05,0.015,-0.079986,0.00024299,0.034941,,0.01
0.1,0.055,0.015,-0.078357,-0.0059381,0.045921,,0.01
0.1,0.06,0.015,-0.073268,-0.011689,0.056197,,0.01
0.1,0.065,0.015,-0.065083,-0.016481,0.064932,,0.01
0.1,0.07,0.015,-0.054452,-0.019795,0.071383,,0.01
0.1,0.075,0.015,-0.04229,-0.021168,0.074991,,0.01
0.1,0.08,0.015,-0.029732,-0.020273,0.075495,,0.01
0.1,0.085,0.015,-0.01803,-0.017023,0.072988,,0.01
0.1,0.09,0.015,-0.0085098,-0.011719,0.067535,,0.01
0.1,0.095,0.015,-0.0025634,-0.0053404,0.059179,,0.01
0.1,0.1,0.015,0,0,0.054301,,0.01
0.1,0,0.02,0,0,0.021948,,0.01
0.1,0.005,0.02,-0.0038009,0.010711,0.015497,,0.01
0.1,0.01,0.02,-0.011905,0.021065,0.0049455,,0.01
0.1,0.015,0.02,-0.024279,0.028967,-0.0012293,,0.01
0.1,0.02,0.02,-0.038966,0.0335,-0.0038617,,0.01
0.1,0.025,0.02,-0.054381,0.034484,-0.003487,,0.01
0.1,0.03,0.02,-0.069154,0.032143,-0.0002134,,0.01
0.1,0.035,0.02,-0.08207,0.026939,0.0056886,,0.01
0.1,0.04,0.02,-0.092132,0.019466,0.013781,,0.01
0.1,0.045,0.02,-0.098594,0.01039,0.023507,,0.01
0.1,0.05,0.02,-0.10098,0.00042649,0.034199,,0.01
0.1,0.055,0.02,-0.099073,-0.0096652,0.045097,,0.01
0.1,0.06,0.02,-0.092973,-0.019084,0.055378,,0.01
0.1,0.065,0.02,-0.083072,-0.027,0.064205,,0.01
0.1,0.07,0.02,-0.070086,-0.032595,0.070797,,0.01
0.1,0.075,0.02,-0.055053,-0.035131,0.074506,,0.01
0.1,0.08,0.02,-0.03929,-0.034073,0.074936,,0.01
0.1,0.085,0.02,-0.024298,-0.029231,0.072,,0.01
0.1,0.09,0.02,-0.011774,-0.020953,0.065352,,0.01
0.1,0.095,0.02,-0.003688,-0.010418,0.054464,,0.01
0.1,0.1,0.02,0,0,0.047922,,0.01
0.1,0,0.025,0,0,0.02443,,0.01
0.1,0.005,0.025,-0.0048706,0.017462,0.01634,,0.01
0.1,0.01,0.025,-0.015021,0.032821,0.0032804,,0.01
0.1,0.015,0.025,-0.030245,0.043981,-0.0041038,,0.01
0.1,0.02,0.025,-0.048011,0.050068,-0.0071763,,0.01
0.1,0.025,0.025,-0.066388,0.051018,-0.0068544,,0.01
0.1,0.03,0.025,-0.083802,0.04724,-0.0033975,,0.01
0.1,0.035,0.025,-0.09891,0.039431,0.0028308,,0.01
0.1,0.04,0.025,-0.11063,0.028443,0.011343,,0.01
0.1,0.045,0.025,-0.11818,0.01521,0.021568,,0.01
0.1,0.05,0.025,-0.12104,0.00072984,0.032847,,0.01
0.1,0.055,0.025,-0.11897,-0.013948,0.044423,,0.01
0.1,0.06,0.025,-0.11205,-0.027713,0.055461,,0.01
0.1,0.065,0.025,-0.10067,-0.039406,0.065078,,0.01
0.1,0.07,0.025,-0.085546,-0.047866,0.072401,,0.01
0.1,0.075,0.025,-0.067804,-0.052023,0.076639,,0.01
0.1,0.08,0.025,-0.048909,-0.05105,0.077227,,0.01
0.1,0.085,0.025,-0.030617,-0.044557,0.073879,,0.01
0.1,0.09,0.025,-0.015038,-0.032824,0.065874,,0.01
0.1,0.095,0.025,-0.0047874,-0.017118,0.052226,,0.01
0.1,0.1,0.025,0,0,0.043905,,0.01
0.1,0,0.03,0,0,0.022755,,0.01
0.1,0.005,0.03,-0.0059329,0.025767,0.013005,,0.01
0.1,0.01,0.03,-0.018132,0.047086,-0.0025891,,0.01
0.1,0.015,0.03,-0.036202,0.061936,-0.011149,,0.01
0.1,0.02,0.03,-0.057,0.069609,-0.014524,,0.01
0.1,0.025,0.03,-0.078237,0.07029,-0.013996,,0.01
0.1,0.03,0.03,-0.098149,0.06468,-0.009974,,0.01
0.1,0.035,0.03,-0.11529,0.053782,-0.0029231,,0.01
0.1,0.04,0.03,-0.12856,0.038749,0.0066052,,0.01
0.1,0.045,0.03,-0.13713,0.020805,0.018012,,0.01
0.1,0.05,0.03,-0.1405,0.0012278,0.030625,,0.01
0.1,0.055,0.03,-0.1384,-0.018644,0.043671,,0.01
0.1,0.06,0.03,-0.13086,-0.037392,0.056272,,0.01
0.1,0.065,0.03,-0.11823,-0.053516,0.067466,,0.01
0.1,0.07,0.03,-0.10119,-0.065474,0.076243,,0.01
0.1,0.075,0.03,-0.080882,-0.071791,0.081623,,0.01
0.1,0.08,0.03,-0.058894,-0.07124,0.082817,,0.01
0.1,0.085,0.03,-0.037232,-0.063094,0.079308,,0.01
0.1,0.09,0.03,-0.018466,-0.047426,0.069984,,0.01
0.1,0.095,0.03,-0.0059384,-0.02548,0.05343,,0.01
0.1,0.1,0.03,0,0,0.04322,,0.01
0.1,0,0.035,0,0,0.015835,,0.01
0.1,0.005,0.035,-0.0070408,0.03565,0.0043894,,0.01
0.1,0.01,0.035,-0.021344,0.063888,-0.013735,,0.01
0.1,0.015,0.035,-0.042281,0.082822,-0.023314,,0.01
0.1,0.02,0.035,-0.066053,0.092055,-0.026698,,0.01
0.1,0.025,0.035,-0.090001,0.092175,-0.02556,,0.01
0.1,0.03,0.035,-0.1122,0.084306,-0.020475,,0.01
0.1,0.035,0.035,-0.13115,0.069844,-0.012021,,0.01
0.1,0.04,0.035,-0.14577,0.050288,-0.00082214,,0.01
0.1,0.045,0.035,-0.15527,0.027161,0.012488,,0.01
0.1,0.05,0.035,-0.15917,0.0020081,0.02722,,0.01
0.1,0.055,0.035,-0.1572,-0.023574,0.042575,,0.01
0.1,0.06,0.035,-0.1493,-0.047883,0.057626,,0.01
0.1,0.065,0.035,-0.13574,-0.069083,0.071304,,0.01
0.1,0.07,0.035,-0.1171,-0.085222,0.082432,,0.01
0.1,0.075,0.035,-0.094466,-0.094338,0.089782,,0.01
0.1,0.08,0.035,-0.069478,-0.09467,0.09228,,0.01
0.1,0.085,0.035,-0.044376,-0.084977,0.089105,,0.01
0.1,0.09,0.035,-0.022231,-0.064933,0.078675,,0.01
0.1,0.095,0.035,-0.0072225,-0.03563,0.059087,,0.01
0.1,0.1,0.035,0,0,0.046838,,0.01
0.1,0,0.04,0,0,0.0024649,,0.01
0.1,0.005,0.04,-0.0082451,0.047187,-0.010738,,0.01
0.1,0.01,0.04,-0.02475,0.083287,-0.031365,,0.01
0.1,0.015,0.04,-0.048576,0.10661,-0.041672,,0.01
0.1,0.02,0.04,-0.07519,0.11727,-0.044596,,0.01
0.1,0.025,0.04,-0.10157,0.11644,-0.042277,,0.01
0.1,0.03,0.04,-0.12567,0.10584,-0.035494,,0.01
0.1,0.035,0.04,-0.14604,0.087351,-0.024958,,0.01
0.1,0.04,0.04,-0.16167,0.062872,-0.011371,,0.01
0.1,0.045,0.04,-0.17191,0.034218,0.0046063,,0.01
0.1,0.05,0.04,-0.17633,0.0031588,0.022277,,0.01
0.1,0.055,0.04,-0.17465,-0.028505,0.040834,,0.01
0.1,0.06,0.04,-0.16675,-0.058843,0.059305,,0.01
0.1,0.065,0.04,-0.15274,-0.085719,0.076517,,0.01
0.1,0.07,0.04,-0.13301,-0.10676,0.091093,,0.01
0.1,0.075,0.04,-0.10849,-0.11943,0.10151,,0.01
0.1,0.08,0.04,-0.08076,-0.12129,0.10632,,0.01
0.1,0.085,0.04,-0.052228,-0.11034,0.10428,,0.01
0.1,0.09,0.04,-0.02649,-0.08559,0.093169,,0.01
0.1,0.095,0.04,-0.0087208,-0.047778,0.070454,,0.01
0.1,0.1,0.04,0,0,0.05597,,0.01
0.1,0,0.045,0,0,-0.018829,,0.01
0.1,0.005,0.045,-0.0096023,0.060501,-0.033875,,0.01
0.1,0.01,0.045,-0.028442,0.10536,-0.056933,,0.01
0.1,0.015,0.045,-0.055133,0.13323,-0.067488,,0.01
0.1,0.02,0.045,-0.084309,0.14497,-0.069244,,0.01
0.1,0.025,0.045,-0.1126,0.14265,-0.064948,,0.01
0.1,0.03,0.045,-0.13796,0.12877,-0.055654,,0.01
0.1,0.035,0.045,-0.15907,0.10584,-0.042232,,0.01
0.1,0.04,0.045,-0.17515,0.076153,-0.025462,,0.01
0.1,0.045,0.045,-0.18574,0.041814,-0.0060125,,0.01
0.1,0.05,0.045,-0.19056,0.0047469,0.015448,,0.01
0.1,0.055,0.045,-0.18937,-0.033137,0.038143,,0.01
0.1,0.06,0.045,-0.18196,-0.06978,0.061089,,0.01
0.1,0.065,0.045,-0.16819,-0.10282,0.083031,,0.01
0.1,0.07,0.045,-0.14819,-0.12948,0.10239,,0.01
0.1,0.075,0.045,-0.12255,-0.14661,0.11729,,0.01
0.1,0.08,0.045,-0.092632,-0.15088,0.12581,,0.01
0.1,0.085,0.045,-0.060877,-0.13925,0.12611,,0.01
0.1,0.09,0.045,-0.031387,-0.10968,0.11509,,0.01
0.1,0.095,0.045,-0.01052,-0.062215,0.089242,,0.01
0.1,0.1,0.045,0,0,0.072305,,0.01
0.1,0,0.05,0,0,-0.04995,,0.01
0.1,0.005,0.05,-0.011193,0.075765,-0.066938,,0.01
0.1,0.01,0.05,-0.032528,0.13016,-0.092241,,0.01
0.1,0.015,0.05,-0.061958,0.16244,-0.10225,,0.01
0.1,0.02,0.05,-0.093156,0.17463,-0.10176,,0.01
0.1,0.025,0.05,-0.12247,0.17007,-0.094368,,0.01
0.1,0.03,0.05,-0.14801,0.15228,-0.081502,,0.01
0.1,0.035,0.05,-0.16879,0.12451,-0.064229,,0.01
0.1,0.04,0.05,-0.1844,0.089529,-0.043394,,0.01
0.1,0.045,0.05,-0.19474,0.049626,-0.019632,,0.01
0.1,0.05,0.05,-0.19972,0.0067865,0.0064777,,0.01
0.1,0.055,0.05,-0.1992,-0.037107,0.034256,,0.01
0.1,0.06,0.05,-0.19286,-0.080011,0.062786,,0.01
0.1,0.065,0.05,-0.18032,-0.11947,0.090788,,0.01
0.1,0.07,0.05,-0.16125,-0.1524,0.11651,,0.01
0.1,0.075,0.05,-0.13574,-0.175,0.13771,,0.01
0.1,0.08,0.05,-0.10468,-0.1829,0.15185,,0.01
0.1,0.085,0.05,-0.070283,-0.17159,0.15631,,0.01
0.1,0.09,0.05,-0.03705,-0.13747,0.14662,,0.01
0.1,0.095,0.05,-0.012729,-0.079303,0.11788,,0.01
0.1,0.1,0.05,0,0,0.098281,,0.01
0.1,0,0.055,0,0,-0.0935,,0.01
0.1,0.005,0.055,-0.013154,0.093219,-0.11251,,0.01
0.1,0.01,0.055,-0.037166,0.15771,-0.1396,,0.01
0.1,0.015,0.055,-0.069011,0.19379,-0.14771,,0.01
0.1,0.02,0.055,-0.10126,0.20534,-0.1433,,0.01
0.1,0.025,0.055,-0.13016,0.19746,-0.13119,,0.01
0.1,0.03,0.055,-0.15423,0.17504,-0.11334,,0.01
0.1,0.035,0.055,-0.17308,0.14218,-0.091041,,0.01
0.1,0.04,0.055,-0.18689,0.10207,-0.065164,,0.01
0.1,0.045,0.055,-0.19603,0.057111,-0.03624,,0.01
0.1,0.05,0.055,-0.20075,0.0091974,-0.0046642,,0.01
0.1,0.055,0.055,-0.20102,-0.039996,0.029094,,0.01
0.1,0.06,0.055,-0.19648,-0.088644,0.064303,,0.01
0.1,0.065,0.055,-0.18642,-0.1344,0.099776,,0.01
0.1,0.07,0.055,-0.16999,-0.17404,0.13368,,0.01
0.1,0.075,0.055,-0.14652,-0.20317,0.16342,,0.01
0.1,0.08,0.055,-0.11606,-0.21625,0.18578,,0.01
0.1,0.085,0.055,-0.080206,-0.20689,0.19703,,0.01
0.1,0.09,0.055,-0.04359,-0.16911,0.19079,,0.01
0.1,0.095,0.055,-0.015495,-0.099472,0.15986,,0.01
0.1,0.1,0.055,0,0,0.1375,,0.01
0.1,0,0.06,0,0,-0.1533,,0.01
0.1,0.005,0.06,-0.015722,0.11322,-0.17425,,0.01
0.1,0.01,0.06,-0.042591,0.18792,-0.20205,,0.01
0.1,0.015,0.06,-0.076143,0.22644,-0.20587,,0.01
0.1,0.02,0.06,-0.1078,0.23558,-0.19488,,0.01
0.1,0.025,0.06,-0.13404,0.22295,-0.1757,,0.01
0.1,0.03,0.06,-0.15423,0.19512,-0.15098,,0.01
0.1,0.035,0.06,-0.16893,0.1571,-0.12222,,0.01
0.1,0.04,0.06,-0.17911,0.11242,-0.090236,,0.01
0.1,0.045,0.06,-0.18577,0.063444,-0.055341,,0.01
0.1,0.05,0.06,-0.18957,0.011761,-0.017601,,0.01
0.1,0.055,0.06,-0.19068,-0.041372,0.022884,,0.01
0.1,0.06,0.06,-0.18872,-0.094586,0.065741,,0.01
0.1,0.065,0.06,-0.18268,-0.14592,0.11007,,0.01
0.1,0.07,0.06,-0.17109,-0.19227,0.15414,,0.01
0.1,0.075,0.06,-0.15232,-0.2289,0.19513,,0.01
0.1,0.08,0.06,-0.1252,-0.24904,0.22913,,0.01
0.1,0.085,0.06,-0.090057,-0.24405,0.25106,,0.01
0.1,0.09,0.06,-0.051079,-0.2045,0.25175,,0.01
0.1,0.095,0.06,-0.019044,-0.12322,0.22035,,0.01
0.1,0.1,0.06,0,0,0.19547,,0.01
0.1,0,0.065,0,0,-0.23547,,0.01
0.1,0.005,0.065,-0.019302,0.13627,-0.25779,,0.01
0.1,0.01,0.065,-0.049093,0.22044,-0.28372,,0.01
0.1,0.015,0.065,-0.082907,0.25884,-0.27896,,0.01
0.1,0.02,0.065,-0.11122,0.26293,-0.25715,,0.01
0.1,0.025,0.065,-0.13147,0.24375,-0.22748,,0.01
0.1,0.03,0.065,-0.14449,0.20981,-0.19338,,0.01
0.1,0.035,0.065,-0.15215,0.16695,-0.15644,,0.01
0.1,0.04,0.065,-0.15644,0.11883,-0.11727,,0.01
0.1,0.045,0.065,-0.15904,0.067514,-0.075731,,0.01
0.1,0.05,0.065,-0.16106,0.014086,-0.031371,,0.01
0.1,0.055,0.065,-0.16292,-0.040842,0.016289,,0.01
0.1,0.06,0.065,-0.16427,-0.096612,0.067471,,0.01
0.1,0.065,0.065,-0.16391,-0.15196,0.12184,,0.01
0.1,0.07,0.065,-0.1598,-0.2043,0.17809,,0.01
0.1,0.075,0.065,-0.14925,-0.24896,0.23347,,0.01
0.1,0.08,0.065,-0.12942,-0.27824,0.28358,,0.01
0.1,0.085,0.065,-0.098589,-0.28094,0.32182,,0.01
0.1,0.09,0.065,-0.059448,-0.243,0.33527,,0.01
0.1,0.095,0.065,-0.02371,-0.15109,0.30725,,0.01
0.1,0.1,0.065,0,0,0.28093,,0.01
0.1,0,0.07,0,0,-0.35079,,0.01
0.1,0.005,0.07,-0.024497,0.16307,-0.37231,,0.01
0.1,0.01,0.07,-0.056824,0.25432,-0.39019,,0.01
0.1,0.015,0.07,-0.088,0.28824,-0.36906,,0.01
0.1,0.02,0.07,-0.10853,0.28366,-0.32978,,0.01
0.1,0.025,0.07,-0.11805,0.25597,-0.28481,,0.01
0.1,0.03,0.07,-0.11971,0.21562,-0.23816,,0.01
0.1,0.035,0.07,-0.117,0.16891,-0.19118,,0.01
0.1,0.04,0.07,-0.11293,0.11922,-0.14386,,0.01
0.1,0.045,0.07,-0.10981,0.068006,-0.095332,,0.01
0.1,0.05,0.07,-0.1091,0.01562,-0.044335,,0.01
0.1,0.055,0.07,-0.11145,-0.038144,0.010442,,0.01
0.1,0.06,0.07,-0.11665,-0.093531,0.070102,,0.01
0.1,0.065,0.07,-0.1235,-0.15027,0.13523,,0.01
0.1,0.07,0.07,-0.12961,-0.20678,0.20543,,0.01
0.1,0.075,0.07,-0.13138,-0.25908,0.27862,,0.01
0.1,0.08,0.07,-0.12413,-0.29924,0.35048,,0.01
0.1,0.085,0.07,-0.10323,-0.31376,0.41314,,0.01
0.1,0.09,0.07,-0.06815,-0.28289,0.44918,,0.01
0.1,0.095,0.07,-0.0299,-0.18355,0.43302,,0.01
0.1,0.1,0.07,0,0,0.4086,,0.01
0.1,0,0.075,0,0,-0.51914,,0.01
0.1,0.005,0.075,-0.031905,0.19436,-0.53338,,0.01
0.1,0.01,0.075,-0.064985,0.28724,-0.52885,,0.01
0.1,0.015,0.075,-0.08786,0.30989,-0.47736,,0.01
0.1,0.02,0.075,-0.093691,0.29228,-0.41051,,0.01
0.1,0.025,0.075,-0.086343,0.25461,-0.34388,,0.01
0.1,0.03,0.075,-0.071965,0.20854,-0.28109,,0.01
0.1,0.035,0.075,-0.05567,0.16004,-0.22239,,0.01
0.1,0.04,0.075,-0.041192,0.11157,-0.16648,,0.01
0.1,0.045,0.075,-0.031068,0.063656,-0.11125,,0.01
0.1,0.05,0.075,-0.02686,0.01574,-0.054313,,0.01
0.1,0.055,0.075,-0.029339,-0.033238,0.006753,,0.01
0.1,0.06,0.075,-0.038506,-0.084469,0.074226,,0.01
0.1,0.065,0.075,-0.05344,-0.13883,0.15003,,0.01
0.1,0.07,0.075,-0.071944,-0.19619,0.23531,,0.01
0.1,0.075,0.075,-0.090069,-0.2541,0.32963,,0.01
0.1,0.08,0.075,-0.10167,-0.30565,0.42999,,0.01
0.1,0.085,0.075,-0.09868,-0.3363,0.52852,,0.01
0.1,0.09,0.075,-0.075173,-0.32041,0.60361,,0.01
0.1,0.095,0.075,-0.037725,-0.22065,0.61753,,0.01
0.1,0.1,0.075,0,0,0.60377,,0.01
0.1,0,0.08,0,0,-0.7776,,0.01
0.1,0.005,0.08,-0.040941,0.23044,-0.7674,,0.01
0.1,0.01,0.08,-0.069342,0.31369,-0.70856,,0.01
0.1,0.015,0.08,-0.073432,0.31551,-0.6029,,0.01
0.1,0.02,0.08,-0.0548,0.28104,-0.49429,,0.01
0.1,0.025,0.08,-0.023849,0.23379,-0.39835,,0.01
0.1,0.03,0.08,0.010377,0.18472,-0.31605,,0.01
0.1,0.035,0.08,0.042003,0.13804,-0.24481,,0.01
0.1,0.04,0.08,0.067474,0.094604,-0.1809,,0.01
0.1,0.045,0.08,0.084718,0.053715,-0.12032,,0.01
0.1,0.05,0.08,0.09255,0.013965,-0.059154,,0.01
0.1,0.055,0.08,0.09031,-0.026391,0.0063511,,0.01
0.1,0.06,0.08,0.077747,-0.069272,0.079886,,0.01
0.1,0.065,0.08,0.055157,-0.11658,0.16511,,0.01
0.1,0.07,0.08,0.023835,-0.16978,0.26548,,0.01
0.1,0.075,0.08,-0.013073,-0.22876,0.38362,,0.01
0.1,0.08,0.08,-0.0493,-0.28937,0.52005,,0.01
0.1,0.085,0.08,-0.074191,-0.33879,0.66969,,0.01
0.1,0.09,0.08,-0.074471,-0.34798,0.81034,,0.01
0.1,0.095,0.08,-0.045535,-0.26131,0.89188,,0.01
0.1,0.1,0.08,0,0,0.90975,,0.01
0.1,0,0.085,0,0,-1.2058,,0.01
0.1,0.005,0.085,-0.045464,0.26855,-1.124,,0.01
0.1,0.01,0.085,-0.055598,0.32118,-0.93667,,0.01
0.1,0.015,0.085,-0.023476,0.29157,-0.73785,,0.01
0.1,0.02,0.085,0.030648,0.2403,-0.57029,,0.01
0.1,0.025,0.085,0.089369,0.18831,-0.43802,,0.01
0.1,0.03,0.085,0.14339,0.14214,-0.33477,,0.01
0.1,0.035,0.085,0.18832,0.1027,-0.25238,,0.01
0.1,0.04,0.085,0.22228,0.068798,-0.18303,,0.01
0.1,0.045,0.085,0.2446,0.038625,-0.12004,,0.01
0.1,0.05,0.085,0.25499,0.010262,-0.057749,,0.01
0.1,0.055,0.085,0.25318,-0.018251,0.0090122,,0.01
0.1,0.06,0.085,0.23873,-0.049028,0.085386,,0.01
0.1,0.065,0.085,0.21109,-0.084453,0.177,,0.01
0.1,0.07,0.085,0.16993,-0.12717,0.29037,,0.01
0.1,0.075,0.085,0.11613,-0.17957,0.43302,,0.01
0.1,0.08,0.085,0.053417,-0.24186,0.61223,,0.01
0.1,0.085,0.085,-0.0085738,-0.30729,0.83109,,0.01
0.1,0.09,0.085,-0.050083,-0.35085,1.0798,,0.01
0.1,0.095,0.085,-0.045334,-0.30015,1.3114,,0.01
0.1,0.1,0.085,0,0,1.4136,,0.01
0.1,0,0.09,0,0,-2.0078,,0.01
0.1,0.005,0.09,-0.015668,0.28793,-1.7132,,0.01
0.1,0.01,0.09,0.018953,0.28549,-1.2005,,0.01
0.1,0.015,0.09,0.10787,0.22364,-0.84195,,0.01
0.1,0.02,0.09,0.20143,0.16575,-0.60406,,0.01
0.1,0.025,0.09,0.28185,0.12011,-0.4384,,0.01
0.1,0.03,0.09,0.34645,0.085489,-0.32121,,0.01
0.1,0.035,0.09,0.39572,0.059156,-0.23541,,0.01
0.1,0.04,0.09,0.43088,0.038431,-0.16768,,0.01
0.1,0.045,0.09,0.45319,0.021122,-0.1085,,0.01
0.1,0.05,0.09,0.46351,0.0054769,-0.050755,,0.01
0.1,0.055,0.09,0.46208,-0.010052,0.011595,,0.01
0.1,0.06,0.09,0.4484,-0.027082,0.084626,,0.01
0.1,0.065,0.09,0.4212,-0.047606,0.1755,,0.01
0.1,0.07,0.09,0.37849,-0.074343,0.29388,,0.01
0.1,0.075,0.09,0.31789,-0.111,0.45348,,0.01
0.1,0.08,0.09,0.2375,-0.16187,0.67231,,0.01
0.1,0.085,0.09,0.13855,-0.22951,0.97351,,0.01
0.1,0.09,0.09,0.039046,-0.30382,1.4027,,0.01
0.1,0.095,0.09,-0.0059243,-0.3119,1.9922,,0.01
0.1,0.1,0.09,0,0,2.327,,0.01
0.1,0,0.095,0,0,-3.4531,,0.01
0.1,0.005,0.095,0.18094,0.21261,-2.6454,,0.01
0.1,0.01,0.095,0.27812,0.17737,-1.4234,,0.01
0.1,0.015,0.095,0.4088,0.11853,-0.82332,,0.01
0.1,0.02,0.095,0.51166,0.077431,-0.53233,,0.01
0.1,0.025,0.095,0.5837,0.050875,-0.36188,,0.01
0.1,0.03,0.095,0.63458,0.033547,-0.25457,,0.01
0.1,0.035,0.095,0.67031,0.0219,-0.18322,,0.01
0.1,0.04,0.095,0.69438,0.01361,-0.13028,,0.01
0.1,0.045,0.095,0.70903,0.00719,-0.085022,,0.01
0.1,0.05,0.095,0.71556,0.0016573,-0.04041,,0.01
0.1,0.055,0.095,0.71442,-0.0037452,0.0091175,,0.01
0.1,0.06,0.095,0.70527,-0.0097751,0.069136,,0.01
0.1,0.065,0.095,0.68689,-0.017436,0.14667,,0.01
0.1,0.07,0.095,0.65686,-0.028329,0.25249,,0.01
0.1,0.075,0.095,0.61117,-0.045175,0.40479,,0.01
0.1,0.08,0.095,0.54288,-0.072486,0.63403,,0.01
0.1,0.085,0.095,0.44027,-0.11697,1.002,,0.01
0.1,0.09,0.095,0.30353,-0.18211,1.6963,,0.01
0.1,0.095,0.095,0.19605,-0.22223,3.0238,,0.01
0.1,0.1,0.095,0,0,3.8863,,0.01
0.1,0,0.1,0.5,0,-4.3667,,0.01
0.1,0.005,0.1,1,0,-3.2057,,0.01
0.1,0.01,0.1,1,0,-1.5093,,0.01
0.1,0.015,0.1,1,0,-0.76872,,0.01
0.1,0.02,0.1,1,0,-0.461,,0.01
0.1,0.025,0.1,1,0,-0.29952,,0.01
0.1,0.03,0.1,1,0,-0.20559,,0.01
0.1,0.035,0.1,1,0,-0.14726,,0.01
0.1,0.04,0.1,1,0,-0.10574,,0.01
0.1,0.045,0.1,1,0,-0.070385,,0.01
0.1,0.05,0.1,1,0,-0.03476,,0.01
0.1,0.055,0.1,1,0,0.0059975,,0.01
0.1,0.06,0.1,1,0,0.056742,,0.01
0.1,0.065,0.1,1,0,0.12382,,0.01
0.1,0.07,0.1,1,0,0.2177,,0.01
0.1,0.075,0.1,1,0,0.35781,,0.01
0.1,0.08,0.1,1,0,0.5806,,0.01
0.1,0.085,0.1,1,0,0.97227,,0.01
0.1,0.09,0.1,1,0,1.8185,,0.01
0.1,0.095,0.1,1,0,3.6298,,0.01
0.1,0.1,0.1,0.5,0,4.8485,,0.01
0.2,0,0,0,0,3.53E-07,,
0.2,0.005,0,0,0,-0.002913,,
0.2,0.01,0,0,0,-0.0093934,,
0.2,0.015,0,0,0,-0.015685,,
0.2,0.02,0,0,0,-0.019416,,
0.2,0.025,0,0,0,-0.019326,,
0.2,0.03,0,0,0,-0.014997,,
0.2,0.035,0,0,0,-0.0066202,,
0.2,0.04,0,0,0,0.0051833,,
0.2,0.045,0,0,0,0.019497,,
0.2,0.05,0,0,0,0.035197,,
0.2,0.055,0,0,0,0.05103,,
0.2,0.06,0,0,0,0.065694,,
0.2,0.065,0,0,0,0.077935,,
0.2,0.07,0,0,0,0.086671,,
0.2,0.075,0,0,0,0.09115,,
0.2,0.08,0,0,0,0.091139,,
0.2,0.085,0,0,0,0.087131,,
0.2,0.09,0,0,0,0.080562,,
0.2,0.095,0,0,0,0.073977,,
0.2,0.1,0,0,0,0.071071,,
0.2,0,0.005,0,0,0.0028871,,
0.2,0.005,0.005,-0.00032337,0.00033427,-6.86E-05,,
0.2,0.01,0.005,-0.0020842,0.0014842,-0.0062036,,
0.2,0.015,0.005,-0.0055154,0.0025246,-0.011679,,
0.2,0.02,0.005,-0.010114,0.003176,-0.014742,,
0.2,0.025,0.005,-0.015279,0.0034015,-0.014419,,
0.2,0.03,0.005,-0.020428,0.0032367,-0.010346,,
0.2,0.035,0.005,-0.025036,0.0027446,-0.0026815,,
0.2,0.04,0.005,-0.028675,0.0019981,0.0080378,,
0.2,0.045,0.005,-0.031023,0.0010731,0.021003,,
0.2,0.05,0.005,-0.031872,4.83E-05,0.035214,,
0.2,0.055,0.005,-0.031138,-0.00099308,0.049548,,
0.2,0.06,0.005,-0.028864,-0.0019616,0.062838,,
0.2,0.065,0.005,-0.025231,-0.0027623,0.073964,,
0.2,0.07,0.005,-0.02056,-0.0032981,0.081965,,
0.2,0.075,0.005,-0.015307,-0.0034779,0.086182,,
0.2,0.08,0.005,-0.010041,-0.0032318,0.086416,,
0.2,0.085,0.005,-0.00539,-0.0025339,0.083098,,
0.2,0.09,0.005,-0.0019735,-0.0014484,0.077365,,
0.2,0.095,0.005,-0.00026782,-0.00028992,0.071139,,
0.2,0.1,0.005,0,0,0.068198,,
0.2,0,0.01,0,0,0.0095487,,
0.2,0.005,0.01,-0.0014815,0.0020753,0.0059753,,
0.2,0.01,0.01,-0.0053988,0.0053039,-0.00050009,,
0.2,0.015,0.01,-0.011993,0.0080681,-0.0051923,,
0.2,0.02,0.01,-0.020334,0.0097793,-0.0074581,,
0.2,0.025,0.01,-0.029458,0.010318,-0.0068891,,
0.2,0.03,0.01,-0.038438,0.0097529,-0.0032622,,
0.2,0.035,0.01,-0.046422,0.0082409,0.0032874,,
0.2,0.04,0.01,-0.0527,0.0059824,0.01233,,
0.2,0.045,0.01,-0.056739,0.0031978,0.023218,,
0.2,0.05,0.01,-0.058192,0.00012161,0.035144,,
0.2,0.055,0.01,-0.056922,-0.0029968,0.047191,,
0.2,0.06,0.01,-0.053005,-0.0058927,0.0584,,
0.2,0.065,0.01,-0.046744,-0.0082903,0.067847,,
0.2,0.07,0.01,-0.038671,-0.0099153,0.07474,,
0.2,0.075,0.01,-0.029534,-0.010521,0.078527,,
0.2,0.08,0.01,-0.020249,-0.0099317,0.079027,,
0.2,0.085,0.01,-0.011814,-0.0081019,0.076516,,
0.2,0.09,0.01,-0.0052277,-0.0052179,0.071559,,
0.2,0.095,0.01,-0.0013898,-0.0019573,0.064991,,
0.2,0.1,0.01,0,0,0.061436,,
0.2,0,0.015,0,0,0.016724,,
0.2,0.005,0.015,-0.0027136,0.00563,0.01179,,
0.2,0.01,0.015,-0.0088195,0.012021,0.0034832,,
0.2,0.015,0.015,-0.018442,0.017181,-0.0017188,,
0.2,0.02,0.015,-0.030152,0.020279,-0.0040228,,
0.2,0.025,0.015,-0.042671,0.021122,-0.0035354,,
0.2,0.03,0.015,-0.054821,0.019828,-0.00020216,,
0.2,0.035,0.015,-0.065535,0.016687,0.0057887,,
0.2,0.04,0.015,-0.073918,0.012082,0.014026,,
0.2,0.045,0.015,-0.079299,0.0064431,0.023933,,
0.2,0.05,0.015,-0.081245,0.00023262,0.034801,,
0.2,0.055,0.015,-0.079579,-0.0060564,0.04582,,
0.2,0.06,0.015,-0.074395,-0.011903,0.05613,,
0.2,0.065,0.015,-0.066067,-0.016771,0.064887,,
0.2,0.07,0.015,-0.055259,-0.020129,0.07134,,
0.2,0.075,0.015,-0.042903,-0.021512,0.074922,,
0.2,0.08,0.015,-0.030152,-0.020588,0.075373,,
0.2,0.085,0.015,-0.018279,-0.017275,0.072791,,
0.2,0.09,0.015,-0.0086244,-0.011883,0.067245,,
0.2,0.095,0.015,-0.002597,-0.0054112,0.058773,,
0.2,0.1,0.015,0,0,0.053833,,
0.2,0,0.02,0,0,0.022304,,
0.2,0.005,0.02,-0.0038569,0.010879,0.015764,,
0.2,0.01,0.02,-0.012078,0.021393,0.0050627,,
0.2,0.015,0.02,-0.02463,0.029422,-0.001215,,
0.2,0.02,0.02,-0.03953,0.034034,-0.0039224,,
0.2,0.025,0.02,-0.055171,0.035041,-0.0036048,,
0.2,0.03,0.02,-0.070162,0.032667,-0.00037081,,
0.2,0.035,0.02,-0.083269,0.027378,0.005508,,
0.2,0.04,0.02,-0.093479,0.019778,0.013592,,
0.2,0.045,0.02,-0.10003,0.010544,0.023324,,
0.2,0.05,0.02,-0.10244,0.0004081,0.034032,,
0.2,0.055,0.02,-0.1005,-0.0098554,0.044951,,
0.2,0.06,0.02,-0.094289,-0.019428,0.055252,,
0.2,0.065,0.02,-0.084228,-0.027465,0.064091,,
0.2,0.07,0.02,-0.071042,-0.033133,0.070679,,
0.2,0.075,0.02,-0.055788,-0.035687,0.074359,,
0.2,0.08,0.02,-0.039803,-0.034589,0.074737,,
0.2,0.085,0.02,-0.024609,-0.029654,0.071726,,
0.2,0.09,0.02,-0.011922,-0.021243,0.064978,,
0.2,0.095,0.02,-0.0037338,-0.010556,0.053957,,
0.2,0.1,0.02,0,0,0.047337,,
0.2,0,0.025,0,0,0.024822,,
0.2,0.005,0.025,-0.0049332,0.017723,0.016636,,
0.2,0.01,0.025,-0.015211,0.033309,0.0034188,,
0.2,0.015,0.025,-0.030627,0.044642,-0.0040693,,
0.2,0.02,0.025,-0.048618,0.050831,-0.0072172,,
0.2,0.025,0.025,-0.06723,0.051806,-0.0069559,,
0.2,0.03,0.025,-0.084871,0.047977,-0.0035463,,
0.2,0.035,0.025,-0.10018,0.040046,0.0026476,,
0.2,0.04,0.025,-0.11205,0.028878,0.011138,,
0.2,0.045,0.025,-0.11969,0.015425,0.021354,,
0.2,0.05,0.025,-0.12258,0.00070325,0.032635,,
0.2,0.055,0.025,-0.12047,-0.014214,0.044221,,
0.2,0.06,0.025,-0.11345,-0.028194,0.05527,,
0.2,0.065,0.025,-0.10189,-0.040056,0.064894,,
0.2,0.07,0.025,-0.086568,-0.048622,0.07221,,
0.2,0.075,0.025,-0.068596,-0.05281,0.076423,,
0.2,0.08,0.025,-0.049469,-0.051788,0.076961,,
0.2,0.085,0.025,-0.030961,-0.045173,0.073541,,
0.2,0.09,0.025,-0.015204,-0.033259,0.065433,,
0.2,0.095,0.025,-0.0048399,-0.017337,0.05164,,
0.2,0.1,0.025,0,0,0.043233,,
0.2,0,0.03,0,0,0.023119,,
0.2,0.005,0.03,-0.0059947,0.026125,0.013277,,
0.2,0.01,0.03,-0.018319,0.04774,-0.0024698,,
0.2,0.015,0.03,-0.036575,0.062806,-0.01113,,
0.2,0.02,0.03,-0.057589,0.070603,-0.014579,,
0.2,0.025,0.03,-0.079052,0.071308,-0.014113,,
0.2,0.03,0.03,-0.09918,0.065628,-0.010145,,
0.2,0.035,0.03,-0.11651,0.054571,-0.0031377,,
0.2,0.04,0.03,-0.12992,0.039306,0.006358,,
0.2,0.045,0.03,-0.13859,0.02108,0.017745,,
0.2,0.05,0.03,-0.14198,0.0011947,0.03035,,
0.2,0.055,0.03,-0.13985,-0.018983,0.043398,,
0.2,0.06,0.03,-0.13221,-0.038007,0.056007,,
0.2,0.065,0.03,-0.11942,-0.054349,0.067207,,
0.2,0.07,0.03,-0.10219,-0.066447,0.075981,,
0.2,0.075,0.03,-0.081663,-0.07281,0.081341,,
0.2,0.08,0.03,-0.05945,-0.072204,0.082493,,
0.2,0.085,0.03,-0.037577,-0.06391,0.078919,,
0.2,0.09,0.03,-0.018635,-0.048013,0.069497,,
0.2,0.095,0.03,-0.0059922,-0.025785,0.052798,,
0.2,0.1,0.03,0,0,0.042502,,
0.2,0,0.035,0,0,0.016106,,
0.2,0.005,0.035,-0.0070948,0.036098,0.0045795,,
0.2,0.01,0.035,-0.021507,0.064695,-0.013677,,
0.2,0.015,0.035,-0.042606,0.083884,-0.023345,,
0.2,0.02,0.035,-0.066565,0.093259,-0.026798,,
0.2,0.025,0.035,-0.090709,0.093404,-0.025723,,
0.2,0.03,0.035,-0.11309,0.085447,-0.020696,,
0.2,0.035,0.035,-0.13221,0.070792,-0.012293,,
0.2,0.04,0.035,-0.14695,0.050958,-0.0011353,,
0.2,0.045,0.035,-0.15654,0.027494,0.012147,,
0.2,0.05,0.035,-0.16047,0.0019724,0.026864,,
0.2,0.055,0.035,-0.15847,-0.023976,0.042218,,
0.2,0.06,0.035,-0.15049,-0.048616,0.057276,,
0.2,0.065,0.035,-0.1368,-0.070081,0.070965,,
0.2,0.07,0.035,-0.11799,-0.086392,0.082096,,
0.2,0.075,0.035,-0.095169,-0.09557,0.089437,,
0.2,0.08,0.035,-0.069983,-0.095845,0.091905,,
0.2,0.085,0.035,-0.044692,-0.085981,0.088678,,
0.2,0.09,0.035,-0.022386,-0.065665,0.078162,,
0.2,0.095,0.035,-0.0072724,-0.036018,0.058443,,
0.2,0.1,0.035,0,0,0.046114,,
0.2,0,0.04,0,0,0.0025821,,
0.2,0.005,0.04,-0.0082848,0.047709,-0.010681,,
0.2,0.01,0.04,-0.024871,0.084217,-0.031407,,
0.2,0.015,0.04,-0.048816,0.10783,-0.041785,,
0.2,0.02,0.04,-0.075571,0.11864,-0.04477,,
0.2,0.025,0.04,-0.1021,0.11784,-0.042511,,
0.2,0.03,0.04,-0.12635,0.10714,-0.035787,,
0.2,0.035,0.04,-0.14684,0.088432,-0.025307,,
0.2,0.04,0.04,-0.16258,0.063639,-0.011767,,
0.2,0.045,0.04,-0.17288,0.034602,0.0041746,,
0.2,0.05,0.04,-0.17732,0.0031261,0.021826,,
0.2,0.055,0.04,-0.17563,-0.028953,0.040381,,
0.2,0.06,0.04,-0.16768,-0.059668,0.058862,,
0.2,0.065,0.04,-0.15357,-0.086847,0.076091,,
0.2,0.07,0.04,-0.13372,-0.10809,0.090682,,
0.2,0.075,0.04,-0.10905,-0.12084,0.1011,,
0.2,0.08,0.04,-0.081169,-0.12264,0.1059,,
0.2,0.085,0.04,-0.052487,-0.11151,0.10382,,
0.2,0.09,0.04,-0.026619,-0.086448,0.092651,,
0.2,0.095,0.04,-0.0087624,-0.048239,0.069829,,
0.2,0.1,0.04,0,0,0.055281,,
0.2,0,0.045,0,0,-0.018909,,
0.2,0.005,0.045,-0.0096227,0.06107,-0.033988,,
0.2,0.01,0.045,-0.028506,0.10637,-0.057102,,
0.2,0.015,0.045,-0.055261,0.13455,-0.067704,,
0.2,0.02,0.045,-0.084517,0.14646,-0.069508,,
0.2,0.025,0.045,-0.1129,0.14418,-0.065266,,
0.2,0.03,0.045,-0.13834,0.13019,-0.056031,,
0.2,0.035,0.045,-0.15953,0.10701,-0.042669,,
0.2,0.04,0.045,-0.17567,0.076991,-0.025951,,
0.2,0.045,0.045,-0.18632,0.04224,-0.0065415,,
0.2,0.05,0.045,-0.19116,0.0047237,0.014897,,
0.2,0.055,0.045,-0.18997,-0.03361,0.037589,,
0.2,0.06,0.045,-0.18253,-0.070661,0.06055,,
0.2,0.065,0.045,-0.16872,-0.10403,0.082517,,
0.2,0.07,0.045,-0.14865,-0.13092,0.1019,,
0.2,0.075,0.045,-0.12292,-0.14814,0.11683,,
0.2,0.08,0.045,-0.092908,-0.15236,0.12535,,
0.2,0.085,0.045,-0.061055,-0.14054,0.12565,,
0.2,0.09,0.045,-0.031478,-0.11063,0.11458,,
0.2,0.095,0.045,-0.01055,-0.062732,0.088667,,
0.2,0.1,0.045,0,0,0.071686,,
0.2,0,0.05,0,0,-0.05025,,
0.2,0.005,0.05,-0.011191,0.076349,-0.067239,,
0.2,0.01,0.05,-0.032525,0.1312,-0.092548,,
0.2,0.015,0.05,-0.061958,0.1638,-0.10258,,
0.2,0.02,0.05,-0.093164,0.17617,-0.10212,,
0.2,0.025,0.05,-0.1225,0.17164,-0.094772,,
0.2,0.03,0.05,-0.14806,0.15375,-0.081962,,
0.2,0.035,0.05,-0.16886,0.12574,-0.06475,,
0.2,0.04,0.05,-0.1845,0.09041,-0.043971,,
0.2,0.045,0.05,-0.19486,0.050083,-0.020253,,
0.2,0.05,0.05,-0.19987,0.0067793,0.0058318,,
0.2,0.055,0.05,-0.19936,-0.037579,0.033608,,
0.2,0.06,0.05,-0.19303,-0.080909,0.062157,,
0.2,0.065,0.05,-0.18049,-0.12072,0.090193,,
0.2,0.07,0.05,-0.16141,-0.15389,0.11596,,
0.2,0.075,0.05,-0.13589,-0.17659,0.13719,,
0.2,0.08,0.05,-0.1048,-0.18444,0.15137,,
0.2,0.085,0.05,-0.070364,-0.17294,0.15584,,
0.2,0.09,0.05,-0.037094,-0.13848,0.14615,,
0.2,0.095,0.05,-0.012744,-0.079854,0.11737,,
0.2,0.1,0.05,0,0,0.09776,,
0.2,0,0.055,0,0,-0.094014,,
0.2,0.005,0.055,-0.013128,0.093785,-0.11299,,
0.2,0.01,0.055,-0.037095,0.15872,-0.14004,,
0.2,0.015,0.055,-0.068878,0.19513,-0.14814,,
0.2,0.02,0.055,-0.10107,0.20686,-0.14374,,
0.2,0.025,0.055,-0.12991,0.19902,-0.13166,,
0.2,0.03,0.055,-0.15393,0.1765,-0.11387,,
0.2,0.035,0.055,-0.17274,0.14341,-0.091627,,
0.2,0.04,0.055,-0.18654,0.10296,-0.06581,,
0.2,0.045,0.055,-0.19568,0.057583,-0.036935,,
0.2,0.05,0.055,-0.20041,0.0092112,-0.0053867,,
0.2,0.055,0.055,-0.20071,-0.040443,0.02837,,
0.2,0.06,0.055,-0.19621,-0.089515,0.063601,,
0.2,0.065,0.055,-0.18621,-0.13562,0.099117,,
0.2,0.07,0.055,-0.16983,-0.1755,0.13308,,
0.2,0.075,0.055,-0.14641,-0.20475,0.16287,,
0.2,0.08,0.055,-0.116,-0.21779,0.18528,,
0.2,0.085,0.055,-0.080179,-0.20825,0.19657,,
0.2,0.09,0.055,-0.043582,-0.17013,0.19036,,
0.2,0.095,0.055,-0.015494,-0.10003,0.15945,,
0.2,0.1,0.055,0,0,0.1371,,
0.2,0,0.06,0,0,-0.15399,,
0.2,0.005,0.06,-0.015676,0.11373,-0.17488,,
0.2,0.01,0.06,-0.042457,0.18885,-0.20259,,
0.2,0.015,0.06,-0.075889,0.22768,-0.20637,,
0.2,0.02,0.06,-0.10742,0.237,-0.19537,,
0.2,0.025,0.06,-0.13353,0.22442,-0.17621,,
0.2,0.03,0.06,-0.15361,0.1965,-0.15153,,
0.2,0.035,0.06,-0.16822,0.15828,-0.12283,,
0.2,0.04,0.06,-0.17834,0.11328,-0.090918,,
0.2,0.045,0.06,-0.18497,0.063913,-0.056078,,
0.2,0.05,0.06,-0.18877,0.011797,-0.01837,,
0.2,0.055,0.06,-0.18992,-0.041772,0.022112,,
0.2,0.06,0.06,-0.18803,-0.095389,0.064995,,
0.2,0.065,0.06,-0.18208,-0.14705,0.10937,,
0.2,0.07,0.06,-0.17061,-0.19364,0.15351,,
0.2,0.075,0.06,-0.15197,-0.23039,0.19457,,
0.2,0.08,0.06,-0.12496,-0.25051,0.22864,,
0.2,0.085,0.06,-0.08992,-0.24535,0.25063,,
0.2,0.09,0.06,-0.051018,-0.20549,0.25139,,
0.2,0.095,0.06,-0.019026,-0.12376,0.22005,,
0.2,0.1,0.06,0,0,0.1952,,
0.2,0,0.065,0,0,-0.23627,,
0.2,0.005,0.065,-0.01924,0.1367,-0.25851,,
0.2,0.01,0.065,-0.048913,0.22124,-0.2843,,
0.2,0.015,0.065,-0.082561,0.25992,-0.27948,,
0.2,0.02,0.065,-0.11069,0.26419,-0.25764,,
0.2,0.025,0.065,-0.13076,0.24507,-0.22798,,
0.2,0.03,0.065,-0.14361,0.21106,-0.19391,,
0.2,0.035,0.065,-0.15113,0.16803,-0.15704,,
0.2,0.04,0.065,-0.15532,0.11962,-0.11794,,
0.2,0.045,0.065,-0.15786,0.06796,-0.076468,,
0.2,0.05,0.065,-0.15986,0.014142,-0.032146,,
0.2,0.055,0.065,-0.16176,-0.04118,0.015507,,
0.2,0.06,0.065,-0.1632,-0.097315,0.066718,,
0.2,0.065,0.065,-0.16298,-0.15296,0.12114,,
0.2,0.07,0.065,-0.15904,-0.20553,0.17746,,
0.2,0.075,0.065,-0.14866,-0.2503,0.23293,,
0.2,0.08,0.065,-0.12901,-0.27956,0.28312,,
0.2,0.085,0.065,-0.098348,-0.28211,0.32143,,
0.2,0.09,0.065,-0.059336,-0.2439,0.33497,,
0.2,0.095,0.065,-0.023676,-0.15159,0.30706,,
0.2,0.1,0.065,0,0,0.2808,,
0.2,0,0.07,0,0,-0.35161,,
0.2,0.005,0.07,-0.024428,0.16341,-0.37303,,
0.2,0.01,0.07,-0.056619,0.25496,-0.39076,,
0.2,0.015,0.07,-0.087602,0.28913,-0.36954,,
0.2,0.02,0.07,-0.10791,0.28471,-0.33021,,
0.2,0.025,0.07,-0.11722,0.2571,-0.28523,,
0.2,0.03,0.07,-0.11866,0.2167,-0.23862,,
0.2,0.035,0.07,-0.11577,0.16984,-0.19171,,
0.2,0.04,0.07,-0.11156,0.11992,-0.14448,,
0.2,0.045,0.07,-0.10835,0.068406,-0.096024,,
0.2,0.05,0.07,-0.10761,0.015688,-0.045075,,
0.2,0.055,0.07,-0.11,-0.038412,0.0096909,,
0.2,0.06,0.07,-0.11531,-0.094111,0.069379,,
0.2,0.065,0.07,-0.12231,-0.15111,0.13457,,
0.2,0.07,0.07,-0.12862,-0.20781,0.20485,,
0.2,0.075,0.07,-0.13061,-0.26021,0.27813,,
0.2,0.08,0.07,-0.12359,-0.30036,0.35007,,
0.2,0.085,0.07,-0.1029,-0.31477,0.41282,,
0.2,0.09,0.07,-0.067995,-0.28366,0.44896,,
0.2,0.095,0.07,-0.029852,-0.18398,0.43295,,
0.2,0.1,0.07,0,0,0.4086,,
0.2,0,0.075,0,0,-0.51989,,
0.2,0.005,0.075,-0.031837,0.19459,-0.53403,,
0.2,0.01,0.075,-0.064783,0.2877,-0.52933,,
0.2,0.015,0.075,-0.08746,0.31056,-0.47773,,
0.2,0.02,0.075,-0.09306,0.2931,-0.41082,,
0.2,0.025,0.075,-0.08547,0.2555,-0.34418,,
0.2,0.03,0.075,-0.070858,0.20941,-0.28143,,
0.2,0.035,0.075,-0.054353,0.1608,-0.22281,,
0.2,0.04,0.075,-0.039711,0.11215,-0.167,,
0.2,0.045,0.075,-0.029478,0.063991,-0.11186,,
0.2,0.05,0.075,-0.02523,0.015809,-0.054983,,
0.2,0.055,0.075,-0.027738,-0.033437,0.0060637,,
0.2,0.06,0.075,-0.037005,-0.084917,0.073561,,
0.2,0.065,0.075,-0.052102,-0.13949,0.14943,,
0.2,0.07,0.075,-0.070819,-0.197,0.2348,,
0.2,0.075,0.075,-0.089189,-0.25499,0.32921,,
0.2,0.08,0.075,-0.10104,-0.30654,0.42966,,
0.2,0.085,0.075,-0.098296,-0.3371,0.52828,,
0.2,0.09,0.075,-0.074987,-0.32103,0.60348,,
0.2,0.095,0.075,-0.037667,-0.221,0.61755,,
0.2,0.1,0.075,0,0,0.60388,,
0.2,0,0.08,0,0,-0.7782,,
0.2,0.005,0.08,-0.040886,0.23057,-0.7679,,
0.2,0.01,0.08,-0.06917,0.31399,-0.7089,,
0.2,0.015,0.08,-0.073079,0.31598,-0.60312,,
0.2,0.02,0.08,-0.054227,0.28162,-0.49443,,
0.2,0.025,0.08,-0.023036,0.23444,-0.39847,,
0.2,0.03,0.08,0.011428,0.18536,-0.31623,,
0.2,0.035,0.08,0.043272,0.1386,-0.24508,,
0.2,0.04,0.08,0.068919,0.09503,-0.18129,,
0.2,0.045,0.08,0.086283,0.053967,-0.12082,,
0.2,0.05,0.08,0.094167,0.014023,-0.059731,,
0.2,0.055,0.08,0.091906,-0.026529,0.0057412,,
0.2,0.06,0.08,0.079252,-0.069589,0.079293,,
0.2,0.065,0.08,0.056506,-0.11705,0.16458,,
0.2,0.07,0.08,0.024977,-0.17035,0.26503,,
0.2,0.075,0.08,-0.012173,-0.22939,0.38327,,
0.2,0.08,0.08,-0.048655,-0.29,0.5198,,
0.2,0.085,0.08,-0.07379,-0.33936,0.66953,,
0.2,0.09,0.08,-0.074275,-0.34842,0.81028,,
0.2,0.095,0.08,-0.045472,-0.26156,0.89197,,
0.2,0.1,0.08,0,0,0.90994,,
0.2,0,0.085,0,0,-1.2061,,
0.2,0.005,0.085,-0.04543,0.2686,-1.1243,,
0.2,0.01,0.085,-0.055476,0.32135,-0.93683,,
0.2,0.015,0.085,-0.02321,0.29184,-0.73788,,
0.2,0.02,0.085,0.031103,0.24066,-0.57025,,
0.2,0.025,0.085,0.090038,0.18872,-0.43797,,
0.2,0.03,0.085,0.14428,0.14254,-0.33477,,
0.2,0.035,0.085,0.18942,0.10306,-0.2525,,
0.2,0.04,0.085,0.22355,0.069073,-0.18328,,
0.2,0.045,0.085,0.24598,0.038788,-0.12043,,
0.2,0.05,0.085,0.25642,0.010301,-0.058229,,
0.2,0.055,0.085,0.25461,-0.018338,0.008479,,
0.2,0.06,0.085,0.24008,-0.049227,0.084852,,
0.2,0.065,0.085,0.21229,-0.084743,0.17651,,
0.2,0.07,0.085,0.17096,-0.12753,0.28996,,
0.2,0.075,0.085,0.11694,-0.17996,0.43272,,
0.2,0.08,0.085,0.054,-0.24224,0.61203,,
0.2,0.085,0.085,-0.0082085,-0.30764,0.83098,,
0.2,0.09,0.085,-0.049903,-0.35112,1.0798,,
0.2,0.095,0.085,-0.045276,-0.3003,1.3115,,
0.2,0.1,0.085,0,0,1.4138,,
0.2,0,0.09,0,0,-2.008,,
0.2,0.005,0.09,-0.015656,0.28794,-1.7133,,
0.2,0.01,0.09,0.019015,0.28555,-1.2005,,
0.2,0.015,0.09,0.10803,0.22377,-0.84181,,
0.2,0.02,0.09,0.20173,0.16593,-0.60384,,
0.2,0.025,0.09,0.28232,0.12032,-0.43817,,
0.2,0.03,0.09,0.3471,0.085696,-0.32105,,
0.2,0.035,0.09,0.39653,0.05934,-0.23537,,
0.2,0.04,0.09,0.43183,0.03857,-0.16779,,
0.2,0.045,0.09,0.45424,0.021203,-0.10876,,
0.2,0.05,0.09,0.46461,0.0054936,-0.051151,,
0.2,0.055,0.09,0.46316,-0.010099,0.011113,,
0.2,0.06,0.09,0.44942,-0.027184,0.084111,,
0.2,0.065,0.09,0.42212,-0.047751,0.17501,,
0.2,0.07,0.09,0.37926,-0.074518,0.29345,,
0.2,0.075,0.09,0.3185,-0.11119,0.45315,,
0.2,0.08,0.09,0.23794,-0.16205,0.67209,,
0.2,0.085,0.09,0.13882,-0.22967,0.97339,,
0.2,0.09,0.09,0.039179,-0.30394,1.4027,,
0.2,0.095,0.09,-0.0058826,-0.31197,1.9923,,
0.2,0.1,0.09,0,0,2.3272,,
0.2,0,0.095,0,0,-3.4531,,
0.2,0.005,0.095,0.18094,0.21261,-2.6454,,
0.2,0.01,0.095,0.27813,0.17738,-1.4233,,
0.2,0.015,0.095,0.40886,0.11856,-0.82303,,
0.2,0.02,0.095,0.5118,0.077488,-0.53193,,
0.2,0.025,0.095,0.58394,0.050943,-0.36146,,
0.2,0.03,0.095,0.63493,0.033616,-0.25422,,
0.2,0.035,0.095,0.67075,0.02196,-0.183,,
0.2,0.04,0.095,0.6949,0.013654,-0.13025,,
0.2,0.045,0.095,0.70961,0.0072146,-0.08518,,
0.2,0.05,0.095,0.71617,0.0016602,-0.040746,,
0.2,0.055,0.095,0.71502,-0.003763,0.0086443,,
0.2,0.06,0.095,0.70583,-0.0098107,0.068581,,
0.2,0.065,0.095,0.68739,-0.017485,0.1461,,
0.2,0.07,0.095,0.65727,-0.028387,0.25194,,
0.2,0.075,0.095,0.6115,-0.045236,0.40433,,
0.2,0.08,0.095,0.54311,-0.072544,0.63368,,
0.2,0.085,0.095,0.44041,-0.11702,1.0017,,
0.2,0.09,0.095,0.30359,-0.18214,1.6962,,
0.2,0.095,0.095,0.19606,-0.22225,3.0238,,
0.2,0.1,0.095,0,0,3.8863,,
0.2,0,0.1,0.5,0,-4.3667,,
0.2,0.005,0.1,1,0,-3.2056,,
0.2,0.01,0.1,1,0,-1.5091,,
0.2,0.015,0.1,1,0,-0.76836,,
0.2,0.02,0.1,1,0,-0.46051,,
0.2,0.025,0.1,1,0,-0.299,,
0.2,0.03,0.1,1,0,-0.20514,,
0.2,0.035,0.1,1,0,-0.14695,,
0.2,0.04,0.1,1,0,-0.10563,,
0.2,0.045,0.1,1,0,-0.070488,,
0.2,0.05,0.1,1,0,-0.035071,,
0.2,0.055,0.1,1,0,0.0055166,,
0.2,0.06,0.1,1,0,0.056149,,
0.2,0.065,0.1,1,0,0.12318,,
0.2,0.07,0.1,1,0,0.21708,,
0.2,0.075,0.1,1,0,0.35726,,
0.2,0.08,0.1,1,0,0.58016,,
0.2,0.085,0.1,1,0,0.97197,,
0.2,0.09,0.1,1,0,1.8184,,
0.2,0.095,0.1,1,0,3.6298,,
0.2,0.1,0.1,0.5,0,4.8485,,
0.2,0,0,0,0,3.53E-07,,0.01
0.2,0.005,0,0,0,-0.002913,,0.01
0.2,0.01,0,0,0,-0.0093934,,0.01
0.2,0.015,0,0,0,-0.015685,,0.01
0.2,0.02,0,0,0,-0.019416,,0.01
0.2,0.025,0,0,0,-0.019326,,0.01
0.2,0.03,0,0,0,-0.014997,,0.01
0.2,0.035,0,0,0,-0.0066202,,0.01
0.2,0.04,0,0,0,0.0051833,,0.01
0.2,0.045,0,0,0,0.019497,,0.01
0.2,0.05,0,0,0,0.035197,,0.01
0.2,0.055,0,0,0,0.05103,,0.01
0.2,0.06,0,0,0,0.065694,,0.01
0.2,0.065,0,0,0,0.077935,,0.01
0.2,0.07,0,0,0,0.086671,,0.01
0.2,0.075,0,0,0,0.09115,,0.01
0.2,0.08,0,0,0,0.091139,,0.01
0.2,0.085,0,0,0,0.087131,,0.01
0.2,0.09,0,0,0,0.080562,,0.01
0.2,0.095,0,0,0,0.073977,,0.01
0.2,0.1,0,0,0,0.071071,,0.01
0.2,0,0.005,0,0,0.0028871,,0.01
0.2,0.005,0.005,-0.00032337,0.00033427,-6.86E-05,,0.01
0.2,0.01,0.005,-0.0020842,0.0014842,-0.0062036,,0.01
0.2,0.015,0.005,-0.0055154,0.0025246,-0.011679,,0.01
0.2,0.02,0.005,-0.010114,0.003176,-0.014742,,0.01
0.2,0.025,0.005,-0.015279,0.0034015,-0.014419,,0.01
0.2,0.03,0.005,-0.020428,0.0032367,-0.010346,,0.01
0.2,0.035,0.005,-0.025036,0.0027446,-0.0026815,,0.01
0.2,0.04,0.005,-0.028675,0.0019981,0.0080378,,0.01
0.2,0.045,0.005,-0.031023,0.0010731,0.021003,,0.01
0.2,0.05,0.005,-0.031872,4.83E-05,0.035214,,0.01
0.2,0.055,0.005,-0.031138,-0.00099308,0.049548,,0.01
0.2,0.06,0.005,-0.028864,-0.0019616,0.062838,,0.01
0.2,0.065,0.005,-0.025231,-0.0027623,0.073964,,0.01
0.2,0.07,0.005,-0.02056,-0.0032981,0.081965,,0.01
0.2,0.075,0.005,-0.015307,-0.0034779,0.086182,,0.01
0.2,0.08,0.005,-0.010041,-0.0032318,0.086416,,0.01
0.2,0.085,0.005,-0.00539,-0.0025339,0.083098,,0.01
0.2,0.09,0.005,-0.0019735,-0.0014484,0.077365,,0.01
0.2,0.095,0.005,-0.00026782,-0.00028992,0.071139,,0.01
0.2,0.1,0.005,0,0,0.068198,,0.01
0.2,0,0.01,0,0,0.0095487,,0.01
0.2,0.005,0.01,-0.0014815,0.0020753,0.0059753,,0.01
0.2,0.01,0.01,-0.0053988,0.0053039,-0.00050009,,0.01
0.2,0.015,0.01,-0.011993,0.0080681,-0.0051923,,0.01
0.2,0.02,0.01,-0.020334,0.0097793,-0.0074581,,0.01
0.2,0.025,0.01,-0.029458,0.010318,-0.0068891,,0.01
0.2,0.03,0.01,-0.038438,0.0097529,-0.0032622,,0.01
0.2,0.035,0.01,-0.046422,0.0082409,0.0032874,,0.01
0.2,0.04,0.01,-0.0527,0.0059824,0.01233,,0.01
0.2,0.045,0.01,-0.056739,0.0031978,0.023218,,0.01
0.2,0.05,0.01,-0.058192,0.00012161,0.035144,,0.01
0.2,0.055,0.01,-0.056922,-0.0029968,0.047191,,0.01
0.2,0.06,0.01,-0.053005,-0.0058927,0.0584,,0.01
0.2,0.065,0.01,-0.046744,-0.0082903,0.067847,,0.01
0.2,0.07,0.01,-0.038671,-0.0099153,0.07474,,0.01
0.2,0.075,0.01,-0.029534,-0.010521,0.078527,,0.01
0.2,0.08,0.01,-0.020249,-0.0099317,0.079027,,0.01
0.2,0.085,0.01,-0.011814,-0.0081019,0.076516,,0.01
0.2,0.09,0.01,-0.0052277,-0.0052179,0.071559,,0.01
0.2,0.095,0.01,-0.0013898,-0.0019573,0.064991,,0.01
0.2,0.1,0.01,0,0,0.061436,,0.01
0.2,0,0.015,0,0,0.016724,,0.01
0.2,0.005,0.015,-0.0027136,0.00563,0.01179,,0.01
0.2,0.01,0.015,-0.0088195,0.012021,0.0034832,,0.01
0.2,0.015,0.015,-0.018442,0.017181,-0.0017188,,0.01
0.2,0.02,0.015,-0.030152,0.020279,-0.0040228,,0.01
0.2,0.025,0.015,-0.042671,0.021122,-0.0035354,,0.01
0.2,0.03,0.015,-0.054821,0.019828,-0.00020216,,0.01
0.2,0.035,0.015,-0.065535,0.016687,0.0057887,,0.01
0.2,0.04,0.015,-0.073918,0.012082,0.014026,,0.01
0.2,0.045,0.015,-0.079299,0.0064431,0.023933,,0.01
0.2,0.05,0.015,-0.081245,0.00023262,0.034801,,0.01
0.2,0.055,0.015,-0.079579,-0.0060564,0.04582,,0.01
0.2,0.06,0.015,-0.074395,-0.011903,0.05613,,0.01
0.2,0.065,0.015,-0.066067,-0.016771,0.064887,,0.01
0.2,0.07,0.015,-0.055259,-0.020129,0.07134,,0.01
0.2,0.075,0.015,-0.042903,-0.021512,0.074922,,0.01
0.2,0.08,0.015,-0.030152,-0.020588,0.075373,,0.01
0.2,0.085,0.015,-0.018279,-0.017275,0.072791,,0.01
0.2,0.09,0.015,-0.0086244,-0.011883,0.067245,,0.01
0.2,0.095,0.015,-0.002597,-0.0054112,0.058773,,0.01
0.2,0.1,0.015,0,0,0.053833,,0.01
0.2,0,0.02,0,0,0.022304,,0.01
0.2,0.005,0.02,-0.0038569,0.010879,0.015764,,0.01
0.2,0.01,0.02,-0.012078,0.021393,0.0050627,,0.01
0.2,0.015,0.02,-0.02463,0.029422,-0.001215,,0.01
0.2,0.02,0.02,-0.03953,0.034034,-0.0039224,,0.01
0.2,0.025,0.02,-0.055171,0.035041,-0.0036048,,0.01
0.2,0.03,0.02,-0.070162,0.032667,-0.00037081,,0.01
0.2,0.035,0.02,-0.083269,0.027378,0.005508,,0.01
0.2,0.04,0.02,-0.093479,0.019778,0.013592,,0.01
0.2,0.045,0.02,-0.10003,0.010544,0.023324,,0.01
0.2,0.05,0.02,-0.10244,0.0004081,0.034032,,0.01
0.2,0.055,0.02,-0.1005,-0.0098554,0.044951,,0.01
0.2,0.06,0.02,-0.094289,-0.019428,0.055252,,0.01
0.2,0.065,0.02,-0.084228,-0.027465,0.064091,,0.01
0.2,0.07,0.02,-0.071042,-0.033133,0.070679,,0.01
0.2,0.075,0.02,-0.055788,-0.035687,0.074359,,0.01
0.2,0.08,0.02,-0.039803,-0.034589,0.074737,,0.01
0.2,0.085,0.02,-0.024609,-0.029654,0.071726,,0.01
0.2,0.09,0.02,-0.011922,-0.021243,0.064978,,0.01
0.2,0.095,0.02,-0.0037338,-0.010556,0.053957,,0.01
0.2,0.1,0.02,0,0,0.047337,,0.01
0.2,0,0.025,0,0,0.024822,,0.01
0.2,0.005,0.025,-0.0049332,0.017723,0.016636,,0.01
0.2,0.01,0.025,-0.015211,0.033309,0.0034188,,0.01
0.2,0.015,0.025,-0.030627,0.044642,-0.0040693,,0.01
0.2,0.02,0.025,-0.048618,0.050831,-0.0072172,,0.01
0.2,0.025,0.025,-0.06723,0.051806,-0.0069559,,0.01
0.2,0.03,0.025,-0.084871,0.047977,-0.0035463,,0.01
0.2,0.035,0.025,-0.10018,0.040046,0.0026476,,0.01
0.2,0.04,0.025,-0.11205,0.028878,0.011138,,0.01
0.2,0.045,0.025,-0.11969,0.015425,0.021354,,0.01
0.2,0.05,0.025,-0.12258,0.00070325,0.032635,,0.01
0.2,0.055,0.025,-0.12047,-0.014214,0.044221,,0.01
0.2,0.06,0.025,-0.11345,-0.028194,0.05527,,0.01
0.2,0.065,0.025,-0.10189,-0.040056,0.064894,,0.01
0.2,0.07,0.025,-0.086568,-0.048622,0.07221,,0.01
0.2,0.075,0.025,-0.068596,-0.05281,0.076423,,0.01
0.2,0.08,0.025,-0.049469,-0.051788,0.076961,,0.01
0.2,0.085,0.025,-0.030961,-0.045173,0.073541,,0.01
0.2,0.09,0.025,-0.015204,-0.033259,0.065433,,0.01
0.2,0.095,0.025,-0.0048399,-0.017337,0.05164,,0.01
0.2,0.1,0.025,0,0,0.043233,,0.01
0.2,0,0.03,0,0,0.023119,,0.01
0.2,0.005,0.03,-0.0059947,0.026125,0.013277,,0.01
0.2,0.01,0.03,-0.018319,0.04774,-0.0024698,,0.01
0.2,0.015,0.03,-0.036575,0.062806,-0.01113,,0.01
0.2,0.02,0.03,-0.057589,0.070603,-0.014579,,0.01
0.2,0.025,0.03,-0.079052,0.071308,-0.014113,,0.01
0.2,0.03,0.03,-0.09918,0.065628,-0.010145,,0.01
0.2,0.035,0.03,-0.11651,0.054571,-0.0031377,,0.01
0.2,0.04,0.03,-0.12992,0.039306,0.006358,,0.01
0.2,0.045,0.03,-0.13859,0.02108,0.017745,,0.01
0.2,0.05,0.03,-0.14198,0.0011947,0.03035,,0.01
0.2,0.055,0.03,-0.13985,-0.018983,0.043398,,0.01
0.2,0.06,0.03,-0.13221,-0.038007,0.056007,,0.01
0.2,0.065,0.03,-0.11942,-0.054349,0.067207,,0.01
0.2,0.07,0.03,-0.10219,-0.066447,0.075981,,0.01
0.2,0.075,0.03,-0.081663,-0.07281,0.081341,,0.01
0.2,0.08,0.03,-0.05945,-0.072204,0.082493,,0.01
0.2,0.085,0.03,-0.037577,-0.06391,0.078919,,0.01
0.2,0.09,0.03,-0.018635,-0.048013,0.069497,,0.01
0.2,0.095,0.03,-0.0059922,-0.025785,0.052798,,0.01
0.2,0.1,0.03,0,0,0.042502,,0.01
0.2,0,0.035,0,0,0.016106,,0.01
0.2,0.005,0.035,-0.0070948,0.036098,0.0045795,,0.01
0.2,0.01,0.035,-0.021507,0.064695,-0.013677,,0.01
0.2,0.015,0.035,-0.042606,0.083884,-0.023345,,0.01
0.2,0.02,0.035,-0.066565,0.093259,-0.026798,,0.01
0.2,0.025,0.035,-0.090709,0.093404,-0.025723,,0.01
0.2,0.03,0.035,-0.11309,0.085447,-0.020696,,0.01
0.2,0.035,0.035,-0.13221,0.070792,-0.012293,,0.01
0.2,0.04,0.035,-0.14695,0.050958,-0.0011353,,0.01
0.2,0.045,0.035,-0.15654,0.027494,0.012147,,0.01
0.2,0.05,0.035,-0.16047,0.0019724,0.026864,,0.01
0.2,0.055,0.035,-0.15847,-0.023976,0.042218,,0.01
0.2,0.06,0.035,-0.15049,-0.048616,0.057276,,0.01
0.2,0.065,0.035,-0.1368,-0.070081,0.070965,,0.01
0.2,0.07,0.035,-0.11799,-0.086392,0.082096,,0.01
0.2,0.075,0.035,-0.095169,-0.09557,0.089437,,0.01
0.2,0.08,0.035,-0.069983,-0.095845,0.091905,,0.01
0.2,0.085,0.035,-0.044692,-0.085981,0.088678,,0.01
0.2,0.09,0.035,-0.022386,-0.065665,0.078162,,0.01
0.2,0.095,0.035,-0.0072724,-0.036018,0.058443,,0.01
0.2,0.1,0.035,0,0,0.046114,,0.01
0.2,0,0.04,0,0,0.0025821,,0.01
0.2,0.005,0.04,-0.0082848,0.047709,-0.010681,,0.01
0.2,0.01,0.04,-0.024871,0.084217,-0.031407,,0.01
0.2,0.015,0.04,-0.048816,0.10783,-0.041785,,0.01
0.2,0.02,0.04,-0.075571,0.11864,-0.04477,,0.01
0.2,0.025,0.04,-0.1021,0.11784,-0.042511,,0.01
0.2,0.03,0.04,-0.12635,0.10714,-0.035787,,0.01
0.2,0.035,0.04,-0.14684,0.088432,-0.025307,,0.01
0.2,0.04,0.04,-0.16258,0.063639,-0.011767,,0.01
0.2,0.045,0.04,-0.17288,0.034602,0.0041746,,0.01
0.2,0.05,0.04,-0.17732,0.0031261,0.021826,,0.01
0.2,0.055,0.04,-0.17563,-0.028953,0.040381,,0.01
0.2,0.06,0.04,-0.16768,-0.059668,0.058862,,0.01
0.2,0.065,0.04,-0.15357,-0.086847,0.076091,,0.01
0.2,0.07,0.04,-0.13372,-0.10809,0.090682,,0.01
0.2,0.075,0.04,-0.10905,-0.12084,0.1011,,0.01
0.2,0.08,0.04,-0.081169,-0.12264,0.1059,,0.01
0.2,0.085,0.04,-0.052487,-0.11151,0.10382,,0.01
0.2,0.09,0.04,-0.026619,-0.086448,0.092651,,0.01
0.2,0.095,0.04,-0.0087624,-0.048239,0.069829,,0.01
0.2,0.1,0.04,0,0,0.055281,,0.01
0.2,0,0.045,0,0,-0.018909,,0.01
0.2,0.005,0.045,-0.0096227,0.06107,-0.033988,,0.01
0.2,0.01,0.045,-0.028506,0.10637,-0.057102,,0.01
0.2,0.015,0.045,-0.055261,0.13455,-0.067704,,0.01
0.2,0.02,0.045,-0.084517,0.14646,-0.069508,,0.01
0.2,0.025,0.045,-0.1129,0.14418,-0.065266,,0.01
0.2,0.03,0.045,-0.13834,0.13019,-0.056031,,0.01
0.2,0.035,0.045,-0.15953,0.10701,-0.042669,,0.01
0.2,0.04,0.045,-0.17567,0.076991,-0.025951,,0.01
0.2,0.045,0.045,-0.18632,0.04224,-0.0065415,,0.01
0.2,0.05,0.045,-0.19116,0.0047237,0.014897,,0.01
0.2,0.055,0.045,-0.18997,-0.03361,0.037589,,0.01
0.2,0.06,0.045,-0.18253,-0.070661,0.06055,,0.01
0.2,0.065,0.045,-0.16872,-0.10403,0.082517,,0.01
0.2,0.07,0.045,-0.14865,-0.13092,0.1019,,0.01
0.2,0.075,0.045,-0.12292,-0.14814,0.11683,,0.01
0.2,0.08,0.045,-0.092908,-0.15236,0.12535,,0.01
0.2,0.085,0.045,-0.061055,-0.14054,0.12565,,0.01
0.2,0.09,0.045,-0.031478,-0.11063,0.11458,,0.01
0.2,0.095,0.045,-0.01055,-0.062732,0.088667,,0.01
0.2,0.1,0.045,0,0,0.071686,,0.01
0.2,0,0.05,0,0,-0.05025,,0.01
0.2,0.005,0.05,-0.011191,0.076349,-0.067239,,0.01
0.2,0.01,0.05,-0.032525,0.1312,-0.092548,,0.01
0.2,0.015,0.05,-0.061958,0.1638,-0.10258,,0.01
0.2,0.02,0.05,-0.093164,0.17617,-0.10212,,0.01
0.2,0.025,0.05,-0.1225,0.17164,-0.094772,,0.01
0.2,0.03,0.05,-0.14806,0.15375,-0.081962,,0.01
0.2,0.035,0.05,-0.16886,0.12574,-0.06475,,0.01
0.2,0.04,0.05,-0.1845,0.09041,-0.043971,,0.01
0.2,0.045,0.05,-0.19486,0.050083,-0.020253,,0.01
0.2,0.05,0.05,-0.19987,0.0067793,0.0058318,,0.01
0.2,0.055,0.05,-0.19936,-0.037579,0.033608,,0.01
0.2,0.06,0.05,-0.19303,-0.080909,0.062157,,0.01
0.2,0.065,0.05,-0.18049,-0.12072,0.090193,,0.01
0.2,0.07,0.05,-0.16141,-0.15389,0.11596,,0.01
0.2,0.075,0.05,-0.13589,-0.17659,0.13719,,0.01
0.2,0.08,0.05,-0.1048,-0.18444,0.15137,,0.01
0.2,0.085,0.05,-0.070364,-0.17294,0.15584,,0.01
0.2,0.09,0.05,-0.037094,-0.13848,0.14615,,0.01
0.2,0.095,0.05,-0.012744,-0.079854,0.11737,,0.01
0.2,0.1,0.05,0,0,0.09776,,0.01
0.2,0,0.055,0,0,-0.094014,,0.01
0.2,0.005,0.055,-0.013128,0.093785,-0.11299,,0.01
0.2,0.01,0.055,-0.037095,0.15872,-0.14004,,0.01
0.2,0.015,0.055,-0.068878,0.19513,-0.14814,,0.01
0.2,0.02,0.055,-0.10107,0.20686,-0.14374,,0.01
0.2,0.025,0.055,-0.12991,0.19902,-0.13166,,0.01
0.2,0.03,0.055,-0.15393,0.1765,-0.11387,,0.01
0.2,0.035,0.055,-0.17274,0.14341,-0.091627,,0.01
0.2,0.04,0.055,-0.18654,0.10296,-0.06581,,0.01
0.2,0.045,0.055,-0.19568,0.057583,-0.036935,,0.01
0.2,0.05,0.055,-0.20041,0.0092112,-0.0053867,,0.01
0.2,0.055,0.055,-0.20071,-0.040443,0.02837,,0.01
0.2,0.06,0.055,-0.19621,-0.089515,0.063601,,0.01
0.2,0.065,0.055,-0.18621,-0.13562,0.099117,,0.01
0.2,0.07,0.055,-0.16983,-0.1755,0.13308,,0.01
0.2,0.075,0.055,-0.14641,-0.20475,0.16287,,0.01
0.2,0.08,0.055,-0.116,-0.21779,0.18528,,0.01
0.2,0.085,0.055,-0.080179,-0.20825,0.19657,,0.01
0.2,0.09,0.055,-0.043582,-0.17013,0.19036,,0.01
0.2,0.095,0.055,-0.015494,-0.10003,0.15945,,0.01
0.2,0.1,0.055,0,0,0.1371,,0.01
0.2,0,0.06,0,0,-0.15399,,0.01
0.2,0.005,0.06,-0.015676,0.11373,-0.17488,,0.01
0.2,0.01,0.06,-0.042457,0.18885,-0.20259,,0.01
0.2,0.015,0.06,-0.075889,0.22768,-0.20637,,0.01
0.2,0.02,0.06,-0.10742,0.237,-0.19537,,0.01
0.2,0.025,0.06,-0.13353,0.22442,-0.17621,,0.01
0.2,0.03,0.06,-0.15361,0.1965,-0.15153,,0.01
0.2,0.035,0.06,-0.16822,0.15828,-0.12283,,0.01
0.2,0.04,0.06,-0.17834,0.11328,-0.090918,,0.01
0.2,0.045,0.06,-0.18497,0.063913,-0.056078,,0.01
0.2,0.05,0.06,-0.18877,0.011797,-0.01837,,0.01
0.2,0.055,0.06,-0.18992,-0.041772,0.022112,,0.01
0.2,0.06,0.06,-0.18803,-0.095389,0.064995,,0.01
0.2,0.065,0.06,-0.18208,-0.14705,0.10937,,0.01
0.2,0.07,0.06,-0.17061,-0.19364,0.15351,,0.01
0.2,0.075,0.06,-0.15197,-0.23039,0.19457,,0.01
0.2,0.08,0.06,-0.12496,-0.25051,0.22864,,0.01
0.2,0.085,0.06,-0.08992,-0.24535,0.25063,,0.01
0.2,0.09,0.06,-0.051018,-0.20549,0.25139,,0.01
0.2,0.095,0.06,-0.019026,-0.12376,0.22005,,0.01
0.2,0.1,0.06,0,0,0.1952,,0.01
0.2,0,0.065,0,0,-0.23627,,0.01
0.2,0.005,0.065,-0.01924,0.1367,-0.25851,,0.01
0.2,0.01,0.065,-0.048913,0.22124,-0.2843,,0.01
0.2,0.015,0.065,-0.082561,0.25992,-0.27948,,0.01
0.2,0.02,0.065,-0.11069,0.26419,-0.25764,,0.01
0.2,0.025,0.065,-0.13076,0.24507,-0.22798,,0.01
0.2,0.03,0.065,-0.14361,0.21106,-0.19391,,0.01
0.2,0.035,0.065,-0.15113,0.16803,-0.15704,,0.01
0.2,0.04,0.065,-0.15532,0.11962,-0.11794,,0.01
0.2,0.045,0.065,-0.15786,0.06796,-0.076468,,0.01
0.2,0.05,0.065,-0.15986,0.014142,-0.032146,,0.01
0.2,0.055,0.065,-0.16176,-0.04118,0.015507,,0.01
0.2,0.06,0.065,-0.1632,-0.097315,0.066718,,0.01
0.2,0.065,0.065,-0.16298,-0.15296,0.12114,,0.01
0.2,0.07,0.065,-0.15904,-0.20553,0.17746,,0.01
0.2,0.075,0.065,-0.14866,-0.2503,0.23293,,0.01
0.2,0.08,0.065,-0.12901,-0.27956,0.28312,,0.01
0.2,0.085,0.065,-0.098348,-0.28211,0.32143,,0.01
0.2,0.09,0.065,-0.059336,-0.2439,0.33497,,0.01
0.2,0.095,0.065,-0.023676,-0.15159,0.30706,,0.01
0.2,0.1,0.065,0,0,0.2808,,0.01
0.2,0,0.07,0,0,-0.35161,,0.01
0.2,0.005,0.07,-0.024428,0.16341,-0.37303,,0.01
0.2,0.01,0.07,-0.056619,0.25496,-0.39076,,0.01
0.2,0.015,0.07,-0.087602,0.28913,-0.36954,,0.01
0.2,0.02,0.07,-0.10791,0.28471,-0.33021,,0.01
0.2,0.025,0.07,-0.11722,0.2571,-0.28523,,0.01
0.2,0.03,0.07,-0.11866,0.2167,-0.23862,,0.01
0.2,0.035,0.07,-0.11577,0.16984,-0.19171,,0.01
0.2,0.04,0.07,-0.11156,0.11992,-0.14448,,0.01
0.2,0.045,0.07,-0.10835,0.068406,-0.096024,,0.01
0.2,0.05,0.07,-0.10761,0.015688,-0.045075,,0.01
0.2,0.055,0.07,-0.11,-0.038412,0.0096909,,0.01
0.2,0.06,0.07,-0.11531,-0.094111,0.069379,,0.01
0.2,0.065,0.07,-0.12231,-0.15111,0.13457,,0.01
0.2,0.07,0.07,-0.12862,-0.20781,0.20485,,0.01
0.2,0.075,0.07,-0.13061,-0.26021,0.27813,,0.01
0.2,0.08,0.07,-0.12359,-0.30036,0.35007,,0.01
0.2,0.085,0.07,-0.1029,-0.31477,0.41282,,0.01
0.2,0.09,0.07,-0.067995,-0.28366,0.44896,,0.01
0.2,0.095,0.07,-0.029852,-0.18398,0.43295,,0.01
0.2,0.1,0.07,0,0,0.4086,,0.01
0.2,0,0.075,0,0,-0.51989,,0.01
0.2,0.005,0.075,-0.031837,0.19459,-0.53403,,0.01
0.2,0.01,0.075,-0.064783,0.2877,-0.52933,,0.01
0.2,0.015,0.075,-0.08746,0.31056,-0.47773,,0.01
0.2,0.02,0.075,-0.09306,0.2931,-0.41082,,0.01
0.2,0.025,0.075,-0.08547,0.2555,-0.34418,,0.01
0.2,0.03,0.075,-0.070858,0.20941,-0.28143,,0.01
0.2,0.035,0.075,-0.054353,0.1608,-0.22281,,0.01
0.2,0.04,0.075,-0.039711,0.11215,-0.167,,0.01
0.2,0.045,0.075,-0.029478,0.063991,-0.11186,,0.01
0.2,0.05,0.075,-0.02523,0.015809,-0.054983,,0.01
0.2,0.055,0.075,-0.027738,-0.033437,0.0060637,,0.01
0.2,0.06,0.075,-0.037005,-0.084917,0.073561,,0.01
0.2,0.065,0.075,-0.052102,-0.13949,0.14943,,0.01
0.2,0.07,0.075,-0.070819,-0.197,0.2348,,0.01
0.2,0.075,0.075,-0.089189,-0.25499,0.32921,,0.01
0.2,0.08,0.075,-0.10104,-0.30654,0.42966,,0.01
0.2,0.085,0.075,-0.098296,-0.3371,0.52828,,0.01
0.2,0.09,0.075,-0.074987,-0.32103,0.60348,,0.01
0.2,0.095,0.075,-0.037667,-0.221,0.61755,,0.01
0.2,0.1,0.075,0,0,0.60388,,0.01
0.2,0,0.08,0,0,-0.7782,,0.01
0.2,0.005,0.08,-0.040886,0.23057,-0.7679,,0.01
0.2,0.01,0.08,-0.06917,0.31399,-0.7089,,0.01
0.2,0.015,0.08,-0.073079,0.31598,-0.60312,,0.01
0.2,0.02,0.08,-0.054227,0.28162,-0.49443,,0.01
0.2,0.025,0.08,-0.023036,0.23444,-0.39847,,0.01
0.2,0.03,0.08,0.011428,0.18536,-0.31623,,0.01
0.2,0.035,0.08,0.043272,0.1386,-0.24508,,0.01
0.2,0.04,0.08,0.068919,0.09503,-0.18129,,0.01
0.2,0.045,0.08,0.086283,0.053967,-0.12082,,0.01
0.2,0.05,0.08,0.094167,0.014023,-0.059731,,0.01
0.2,0.055,0.08,0.091906,-0.026529,0.0057412,,0.01
0.2,0.06,0.08,0.079252,-0.069589,0.079293,,0.01
0.2,0.065,0.08,0.056506,-0.11705,0.16458,,0.01
0.2,0.07,0.08,0.024977,-0.17035,0.26503,,0.01
0.2,0.075,0.08,-0.012173,-0.22939,0.38327,,0.01
0.2,0.08,0.08,-0.048655,-0.29,0.5198,,0.01
0.2,0.085,0.08,-0.07379,-0.33936,0.66953,,0.01
0.2,0.09,0.08,-0.074275,-0.34842,0.81028,,0.01
0.2,0.095,0.08,-0.045472,-0.26156,0.89197,,0.01
0.2,0.1,0.08,0,0,0.90994,,0.01
0.2,0,0.085,0,0,-1.2061,,0.01
0.2,0.005,0.085,-0.04543,0.2686,-1.1243,,0.01
0.2,0.01,0.085,-0.055476,0.32135,-0.93683,,0.01
0.2,0.015,0.085,-0.02321,0.29184,-0.73788,,0.01
0.2,0.02,0.085,0.031103,0.24066,-0.57025,,0.01
0.2,0.025,0.085,0.090038,0.18872,-0.43797,,0.01
0.2,0.03,0.085,0.14428,0.14254,-0.33477,,0.01
0.2,0.035,0.085,0.18942,0.10306,-0.2525,,0.01
0.2,0.04,0.085,0.22355,0.069073,-0.18328,,0.01
0.2,0.045,0.085,0.24598,0.038788,-0.12043,,0.01
0.2,0.05,0.085,0.25642,0.010301,-0.058229,,0.01
0.2,0.055,0.085,0.25461,-0.018338,0.008479,,0.01
0.2,0.06,0.085,0.24008,-0.049227,0.084852,,0.01
0.2,0.065,0.085,0.21229,-0.084743,0.17651,,0.01
0.2,0.07,0.085,0.17096,-0.12753,0.28996,,0.01
0.2,0.075,0.085,0.11694,-0.17996,0.43272,,0.01
0.2,0.08,0.085,0.054,-0.24224,0.61203,,0.01
0.2,0.085,0.085,-0.0082085,-0.30764,0.83098,,0.01
0.2,0.09,0.085,-0.049903,-0.35112,1.0798,,0.01
0.2,0.095,0.085,-0.045276,-0.3003,1.3115,,0.01
0.2,0.1,0.085,0,0,1.4138,,0.01
0.2,0,0.09,0,0,-2.008,,0.01
0.2,0.005,0.09,-0.015656,0.28794,-1.7133,,0.01
0.2,0.01,0.09,0.019015,0.28555,-1.2005,,0.01
0.2,0.015,0.09,0.10803,0.22377,-0.84181,,0.01
0.2,0.02,0.09,0.20173,0.16593,-0.60384,,0.01
0.2,0.025,0.09,0.28232,0.12032,-0.43817,,0.01
0.2,0.03,0.09,0.3471,0.085696,-0.32105,,0.01
0.2,0.035,0.09,0.39653,0.05934,-0.23537,,0.01
0.2,0.04,0.09,0.43183,0.03857,-0.16779,,0.01
0.2,0.045,0.09,0.45424,0.021203,-0.10876,,0.01
0.2,0.05,0.09,0.46461,0.0054936,-0.051151,,0.01
0.2,0.055,0.09,0.46316,-0.010099,0.011113,,0.01
0.2,0.06,0.09,0.44942,-0.027184,0.084111,,0.01
0.2,0.065,0.09,0.42212,-0.047751,0.17501,,0.01
0.2,0.07,0.09,0.37926,-0.074518,0.29345,,0.01
0.2,0.075,0.09,0.3185,-0.11119,0.45315,,0.01
0.2,0.08,0.09,0.23794,-0.16205,0.67209,,0.01
0.2,0.085,0.09,0.13882,-0.22967,0.97339,,0.01
0.2,0.09,0.09,0.039179,-0.30394,1.4027,,0.01
0.2,0.095,0.09,-0.0058826,-0.31197,1.9923,,0.01
0.2,0.1,0.09,0,0,2.3272,,0.01
0.2,0,0.095,0,0,-3.4531,,0.01
0.2,0.005,0.095,0.18094,0.21261,-2.6454,,0.01
0.2,0.01,0.095,0.27813,0.17738,-1.4233,,0.01
0.2,0.015,0.095,0.40886,0.11856,-0.82303,,0.01
0.2,0.02,0.095,0.5118,0.077488,-0.53193,,0.01
0.2,0.025,0.095,0.58394,0.050943,-0.36146,,0.01
0.2,0.03,0.095,0.63493,0.033616,-0.25422,,0.01
0.2,0.035,0.095,0.67075,0.02196,-0.183,,0.01
0.2,0.04,0.095,0.6949,0.013654,-0.13025,,0.01
0.2,0.045,0.095,0.70961,0.0072146,-0.08518,,0.01
0.2,0.05,0.095,0.71617,0.0016602,-0.040746,,0.01
0.2,0.055,0.095,0.71502,-0.003763,0.0086443,,0.01
0.2,0.06,0.095,0.70583,-0.0098107,0.068581,,0.01
0.2,0.065,0.095,0.68739,-0.017485,0.1461,,0.01
0.2,0.07,0.095,0.65727,-0.028387,0.25194,,0.01
0.2,0.075,0.095,0.6115,-0.045236,0.40433,,0.01
0.2,0.08,0.095,0.54311,-0.072544,0.63368,,0.01
0.2,0.085,0.095,0.44041,-0.11702,1.0017,,0.01
0.2,0.09,0.095,0.30359,-0.18214,1.6962,,0.01
0.2,0.095,0.095,0.19606,-0.22225,3.0238,,0.01
0.2,0.1,0.095,0,0,3.8863,,0.01
0.2,0,0.1,0.5,0,-4.3667,,0.01
0.2,0.005,0.1,1,0,-3.2056,,0.01
0.2,0.01,0.1,1,0,-1.5091,,0.01
0.2,0.015,0.1,1,0,-0.76836,,0.01
0.2,0.02,0.1,1,0,-0.46051,,0.01
0.2,0.025,0.1,1,0,-0.299,,0.01
0.2,0.03,0.1,1,0,-0.20514,,0.01
0.2,0.035,0.1,1,0,-0.14695,,0.01
0.2,0.04,0.1,1,0,-0.10563,,0.01
0.2,0.045,0.1,1,0,-0.070488,,0.01
0.2,0.05,0.1,1,0,-0.035071,,0.01
0.2,0.055,0.1,1,0,0.0055166,,0.01
0.2,0.06,0.1,1,0,0.056149,,0.01
0.2,0.065,0.1,1,0,0.12318,,0.01
0.2,0.07,0.1,1,0,0.21708,,0.01
0.2,0.075,0.1,1,0,0.35726,,0.01
0.2,0.08,0.1,1,0,0.58016,,0.01
0.2,0.085,0.1,1,0,0.97197,,0.01
0.2,0.09,0.1,1,0,1.8184,,0.01
0.2,0.095,0.1,1,0,3.6298,,0.01
0.2,0.1,0.1,0.5,0,4.8485,,0.01
0.3,0,0,0,0,3.76E-06,,
0.3,0.005,0,0,0,-0.0029094,,
0.3,0.01,0,0,0,-0.0093908,,
0.3,0.015,0,0,0,-0.015685,,
0.3,0.02,0,0,0,-0.019419,,
0.3,0.025,0,0,0,-0.01933,,
0.3,0.03,0,0,0,-0.015001,,
0.3,0.035,0,0,0,-0.0066242,,
0.3,0.04,0,0,0,0.0051805,,
0.3,0.045,0,0,0,0.019496,,
0.3,0.05,0,0,0,0.035198,,
0.3,0.055,0,0,0,0.051033,,
0.3,0.06,0,0,0,0.065699,,
0.3,0.065,0,0,0,0.077941,,
0.3,0.07,0,0,0,0.086678,,
0.3,0.075,0,0,0,0.091157,,
0.3,0.08,0,0,0,0.091144,,
0.3,0.085,0,0,0,0.087134,,
0.3,0.09,0,0,0,0.080563,,
0.3,0.095,0,0,0,0.073975,,
0.3,0.1,0,0,0,0.071069,,
0.3,0,0.005,0,0,0.0028926,,
0.3,0.005,0.005,-0.00032358,0.00033411,-6.35E-05,,
0.3,0.01,0.005,-0.0020849,0.0014844,-0.0062,,
0.3,0.015,0.005,-0.005517,0.0025252,-0.011678,,
0.3,0.02,0.005,-0.010117,0.0031769,-0.014743,,
0.3,0.025,0.005,-0.015284,0.0034024,-0.014421,,
0.3,0.03,0.005,-0.020434,0.0032376,-0.010349,,
0.3,0.035,0.005,-0.025044,0.0027454,-0.0026844,,
0.3,0.04,0.005,-0.028684,0.0019986,0.0080359,,
0.3,0.045,0.005,-0.031032,0.0010734,0.021002,,
0.3,0.05,0.005,-0.031882,4.83E-05,0.035215,,
0.3,0.055,0.005,-0.031147,-0.00099339,0.049551,,
0.3,0.06,0.005,-0.028872,-0.0019622,0.062843,,
0.3,0.065,0.005,-0.025238,-0.0027631,0.073969,,
0.3,0.07,0.005,-0.020566,-0.003299,0.081971,,
0.3,0.075,0.005,-0.015311,-0.0034789,0.086187,,
0.3,0.08,0.005,-0.010044,-0.0032327,0.08642,,
0.3,0.085,0.005,-0.0053915,-0.0025345,0.0831,,
0.3,0.09,0.005,-0.001974,-0.0014487,0.077364,,
0.3,0.095,0.005,-0.00026784,-0.00028992,0.071137,,
0.3,0.1,0.005,0,0,0.068195,,
0.3,0,0.01,0,0,0.0095579,,
0.3,0.005,0.01,-0.0014821,0.0020757,0.0059833,,
0.3,0.01,0.01,-0.0054008,0.0053053,-0.00049457,,
0.3,0.015,0.01,-0.011997,0.0080705,-0.0051891,,
0.3,0.02,0.01,-0.020341,0.0097822,-0.0074567,,
0.3,0.025,0.01,-0.029468,0.010321,-0.0068891,,
0.3,0.03,0.01,-0.03845,0.0097558,-0.0032629,,
0.3,0.035,0.01,-0.046437,0.0082434,0.0032865,,
0.3,0.04,0.01,-0.052718,0.0059841,0.012329,,
0.3,0.045,0.01,-0.056757,0.0031986,0.023218,,
0.3,0.05,0.01,-0.058211,0.00012154,0.035145,,
0.3,0.055,0.01,-0.05694,-0.0029978,0.047193,,
0.3,0.06,0.01,-0.053021,-0.0058946,0.058403,,
0.3,0.065,0.01,-0.046758,-0.0082929,0.06785,,
0.3,0.07,0.01,-0.038683,-0.0099183,0.074743,,
0.3,0.075,0.01,-0.029543,-0.010524,0.07853,,
0.3,0.08,0.01,-0.020255,-0.0099346,0.079028,,
0.3,0.085,0.01,-0.011817,-0.0081043,0.076516,,
0.3,0.09,0.01,-0.0052293,-0.0052193,0.071557,,
0.3,0.095,0.01,-0.0013902,-0.0019578,0.064986,,
0.3,0.1,0.01,0,0,0.06143,,
0.3,0,0.015,0,0,0.016736,,
0.3,0.005,0.015,-0.0027147,0.0056317,0.0118,,
0.3,0.01,0.015,-0.0088228,0.012025,0.0034905,,
0.3,0.015,0.015,-0.018449,0.017187,-0.001714,,
0.3,0.02,0.015,-0.030163,0.020286,-0.0040199,,
0.3,0.025,0.015,-0.042685,0.021128,-0.0035339,,
0.3,0.03,0.015,-0.05484,0.019834,-0.00020161,,
0.3,0.035,0.015,-0.065556,0.016692,0.0057887,,
0.3,0.04,0.015,-0.073942,0.012086,0.014026,,
0.3,0.045,0.015,-0.079325,0.0064449,0.023933,,
0.3,0.05,0.015,-0.081272,0.00023241,0.034802,,
0.3,0.055,0.015,-0.079605,-0.0060586,0.045821,,
0.3,0.06,0.015,-0.074419,-0.011907,0.056132,,
0.3,0.065,0.015,-0.066088,-0.016776,0.064889,,
0.3,0.07,0.015,-0.055276,-0.020136,0.071341,,
0.3,0.075,0.015,-0.042916,-0.021518,0.074923,,
0.3,0.08,0.015,-0.030162,-0.020594,0.075373,,
0.3,0.085,0.015,-0.018285,-0.01728,0.072789,,
0.3,0.09,0.015,-0.0086272,-0.011887,0.06724,,
0.3,0.095,0.015,-0.0025979,-0.0054128,0.058765,,
0.3,0.1,0.015,0,0,0.053824,,
0.3,0,0.02,0,0,0.022318,,
0.3,0.005,0.02,-0.0038584,0.010882,0.015776,,
0.3,0.01,0.02,-0.012083,0.0214,0.005071,,
0.3,0.015,0.02,-0.024638,0.029431,-0.0012093,,
0.3,0.02,0.02,-0.039543,0.034045,-0.0039187,,
0.3,0.025,0.02,-0.055189,0.035052,-0.0036026,,
0.3,0.03,0.02,-0.070185,0.032677,-0.00036978,,
0.3,0.035,0.02,-0.083296,0.027386,0.0055083,,
0.3,0.04,0.02,-0.093509,0.019784,0.013592,,
0.3,0.045,0.02,-0.10006,0.010547,0.023323,,
0.3,0.05,0.02,-0.10247,0.0004077,0.034032,,
0.3,0.055,0.02,-0.10053,-0.0098591,0.044952,,
0.3,0.06,0.02,-0.094318,-0.019435,0.055253,,
0.3,0.065,0.02,-0.084253,-0.027474,0.064092,,
0.3,0.07,0.02,-0.071063,-0.033143,0.070679,,
0.3,0.075,0.02,-0.055805,-0.035698,0.074359,,
0.3,0.08,0.02,-0.039815,-0.034599,0.074735,,
0.3,0.085,0.02,-0.024616,-0.029663,0.071723,,
0.3,0.09,0.02,-0.011926,-0.021249,0.064972,,
0.3,0.095,0.02,-0.003735,-0.01056,0.053947,,
0.3,0.1,0.02,0,0,0.047325,,
0.3,0,0.025,0,0,0.024837,,
0.3,0.005,0.025,-0.0049349,0.017729,0.016649,,
0.3,0.01,0.025,-0.015216,0.03332,0.0034272,,
0.3,0.015,0.025,-0.030636,0.044656,-0.0040636,,
0.3,0.02,0.025,-0.048632,0.050847,-0.0072135,,
0.3,0.025,0.025,-0.06725,0.051822,-0.0069539,,
0.3,0.03,0.025,-0.084896,0.047991,-0.0035455,,
0.3,0.035,0.025,-0.10021,0.040058,0.0026475,,
0.3,0.04,0.025,-0.11208,0.028886,0.011137,,
0.3,0.045,0.025,-0.11973,0.015429,0.021353,,
0.3,0.05,0.025,-0.12261,0.00070261,0.032634,,
0.3,0.055,0.025,-0.12051,-0.01422,0.04422,,
0.3,0.06,0.025,-0.11348,-0.028204,0.055269,,
0.3,0.065,0.025,-0.10192,-0.040069,0.064893,,
0.3,0.07,0.025,-0.086591,-0.048637,0.072209,,
0.3,0.075,0.025,-0.068615,-0.052826,0.076421,,
0.3,0.08,0.025,-0.049482,-0.051804,0.076958,,
0.3,0.085,0.025,-0.030969,-0.045186,0.073536,,
0.3,0.09,0.025,-0.015209,-0.033269,0.065426,,
0.3,0.095,0.025,-0.0048414,-0.017343,0.051628,,
0.3,0.1,0.025,0,0,0.04322,,
0.3,0,0.03,0,0,0.023133,,
0.3,0.005,0.03,-0.0059964,0.026134,0.013288,,
0.3,0.01,0.03,-0.018324,0.047755,-0.0024625,,
0.3,0.015,0.03,-0.036584,0.062825,-0.011125,,
0.3,0.02,0.03,-0.057604,0.070624,-0.014576,,
0.3,0.025,0.03,-0.079071,0.07133,-0.014112,,
0.3,0.03,0.03,-0.099204,0.065647,-0.010145,,
0.3,0.035,0.03,-0.11654,0.054587,-0.003139,,
0.3,0.04,0.03,-0.12995,0.039317,0.0063559,,
0.3,0.045,0.03,-0.13862,0.021085,0.017742,,
0.3,0.05,0.03,-0.14201,0.0011939,0.030347,,
0.3,0.055,0.03,-0.13988,-0.01899,0.043395,,
0.3,0.06,0.03,-0.13224,-0.038019,0.056004,,
0.3,0.065,0.03,-0.11945,-0.054366,0.067204,,
0.3,0.07,0.03,-0.10221,-0.066467,0.075979,,
0.3,0.075,0.03,-0.081681,-0.072831,0.081338,,
0.3,0.08,0.03,-0.059463,-0.072225,0.082489,,
0.3,0.085,0.03,-0.037586,-0.063928,0.078914,,
0.3,0.09,0.03,-0.018639,-0.048027,0.069489,,
0.3,0.095,0.03,-0.0059937,-0.025793,0.052786,,
0.3,0.1,0.03,0,0,0.042487,,
0.3,0,0.035,0,0,0.016116,,
0.3,0.005,0.035,-0.0070963,0.036109,0.0045879,,
0.3,0.01,0.035,-0.021511,0.064714,-0.013672,,
0.3,0.015,0.035,-0.042614,0.083907,-0.023342,,
0.3,0.02,0.035,-0.066577,0.093285,-0.026797,,
0.3,0.025,0.035,-0.090726,0.09343,-0.025724,,
0.3,0.03,0.035,-0.11311,0.08547,-0.020698,,
0.3,0.035,0.035,-0.13224,0.070811,-0.012296,,
0.3,0.04,0.035,-0.14698,0.050971,-0.0011392,,
0.3,0.045,0.035,-0.15657,0.0275,0.012142,,
0.3,0.05,0.035,-0.1605,0.0019713,0.026859,,
0.3,0.055,0.035,-0.15849,-0.023984,0.042213,,
0.3,0.06,0.035,-0.15052,-0.048631,0.057272,,
0.3,0.065,0.035,-0.13682,-0.070101,0.070961,,
0.3,0.07,0.035,-0.11801,-0.086416,0.082092,,
0.3,0.075,0.035,-0.095185,-0.095595,0.089434,,
0.3,0.08,0.035,-0.069995,-0.09587,0.091901,,
0.3,0.085,0.035,-0.044699,-0.086003,0.088672,,
0.3,0.09,0.035,-0.02239,-0.065682,0.078155,,
0.3,0.095,0.035,-0.0072737,-0.036027,0.058432,,
0.3,0.1,0.035,0,0,0.046101,,
0.3,0,0.04,0,0,0.0025876,,
0.3,0.005,0.04,-0.0082859,0.047722,-0.010677,,
0.3,0.01,0.04,-0.024874,0.084239,-0.031406,,
0.3,0.015,0.04,-0.048822,0.10786,-0.041785,,
0.3,0.02,0.04,-0.07558,0.11867,-0.044772,,
0.3,0.025,0.04,-0.10211,0.11787,-0.042514,,
0.3,0.03,0.04,-0.12636,0.10716,-0.035791,,
0.3,0.035,0.04,-0.14686,0.088454,-0.025312,,
0.3,0.04,0.04,-0.1626,0.063654,-0.011774,,
0.3,0.045,0.04,-0.1729,0.034609,0.0041678,,
0.3,0.05,0.04,-0.17734,0.0031249,0.021819,,
0.3,0.055,0.04,-0.17565,-0.028962,0.040374,,
0.3,0.06,0.04,-0.1677,-0.059685,0.058856,,
0.3,0.065,0.04,-0.15359,-0.08687,0.076085,,
0.3,0.07,0.04,-0.13374,-0.10812,0.090677,,
0.3,0.075,0.04,-0.10907,-0.12087,0.1011,,
0.3,0.08,0.04,-0.081178,-0.12267,0.10589,,
0.3,0.085,0.04,-0.052492,-0.11153,0.10382,,
0.3,0.09,0.04,-0.026622,-0.086468,0.092644,,
0.3,0.095,0.04,-0.0087635,-0.04825,0.06982,,
0.3,0.1,0.04,0,0,0.05527,,
0.3,0,0.045,0,0,-0.01891,,
0.3,0.005,0.045,-0.0096232,0.061085,-0.03399,,
0.3,0.01,0.045,-0.028507,0.10639,-0.057105,,
0.3,0.015,0.045,-0.055264,0.13458,-0.067708,,
0.3,0.02,0.045,-0.084522,0.14649,-0.069513,,
0.3,0.025,0.045,-0.1129,0.14421,-0.065272,,
0.3,0.03,0.045,-0.13835,0.13021,-0.056038,,
0.3,0.035,0.045,-0.15954,0.10703,-0.042677,,
0.3,0.04,0.045,-0.17568,0.077007,-0.02596,,
0.3,0.045,0.045,-0.18633,0.042248,-0.0065505,,
0.3,0.05,0.045,-0.19118,0.0047226,0.014888,,
0.3,0.055,0.045,-0.18998,-0.033619,0.03758,,
0.3,0.06,0.045,-0.18254,-0.070679,0.060542,,
0.3,0.065,0.045,-0.16873,-0.10405,0.08251,,
0.3,0.07,0.045,-0.14866,-0.13095,0.1019,,
0.3,0.075,0.045,-0.12293,-0.14817,0.11682,,
0.3,0.08,0.045,-0.092913,-0.1524,0.12535,,
0.3,0.085,0.045,-0.061059,-0.14056,0.12564,,
0.3,0.09,0.045,-0.031479,-0.11066,0.11458,,
0.3,0.095,0.045,-0.010551,-0.062745,0.08866,,
0.3,0.1,0.045,0,0,0.071678,,
0.3,0,0.05,0,0,-0.050258,,
0.3,0.005,0.05,-0.011191,0.076364,-0.067247,,
0.3,0.01,0.05,-0.032525,0.13122,-0.092556,,
0.3,0.015,0.05,-0.061958,0.16383,-0.10259,,
0.3,0.02,0.05,-0.093164,0.17621,-0.10213,,
0.3,0.025,0.05,-0.1225,0.17168,-0.094781,,
0.3,0.03,0.05,-0.14806,0.15378,-0.081971,,
0.3,0.035,0.05,-0.16886,0.12576,-0.06476,,
0.3,0.04,0.05,-0.1845,0.090426,-0.043982,,
0.3,0.045,0.05,-0.19486,0.050092,-0.020264,,
0.3,0.05,0.05,-0.19987,0.0067784,0.0058207,,
0.3,0.055,0.05,-0.19936,-0.037589,0.033597,,
0.3,0.06,0.05,-0.19303,-0.080927,0.062147,,
0.3,0.065,0.05,-0.18049,-0.12074,0.090185,,
0.3,0.07,0.05,-0.16142,-0.15392,0.11595,,
0.3,0.075,0.05,-0.13589,-0.17663,0.13719,,
0.3,0.08,0.05,-0.1048,-0.18447,0.15136,,
0.3,0.085,0.05,-0.070364,-0.17297,0.15583,,
0.3,0.09,0.05,-0.037094,-0.1385,0.14614,,
0.3,0.095,0.05,-0.012744,-0.079868,0.11737,,
0.3,0.1,0.05,0,0,0.097757,,
0.3,0,0.055,0,0,-0.094029,,
0.3,0.005,0.055,-0.013128,0.093799,-0.113,,
0.3,0.01,0.055,-0.037093,0.15875,-0.14005,,
0.3,0.015,0.055,-0.068874,0.19516,-0.14815,,
0.3,0.02,0.055,-0.10106,0.20689,-0.14375,,
0.3,0.025,0.055,-0.1299,0.19905,-0.13167,,
0.3,0.03,0.055,-0.15392,0.17653,-0.11388,,
0.3,0.035,0.055,-0.17274,0.14343,-0.091639,,
0.3,0.04,0.055,-0.18653,0.10297,-0.065823,,
0.3,0.045,0.055,-0.19567,0.057591,-0.036948,,
0.3,0.05,0.055,-0.2004,0.0092107,-0.0053994,,
0.3,0.055,0.055,-0.2007,-0.040453,0.028358,,
0.3,0.06,0.055,-0.19621,-0.089532,0.063591,,
0.3,0.065,0.055,-0.1862,-0.13564,0.099108,,
0.3,0.07,0.055,-0.16983,-0.17553,0.13307,,
0.3,0.075,0.055,-0.1464,-0.20478,0.16286,,
0.3,0.08,0.055,-0.116,-0.21782,0.18527,,
0.3,0.085,0.055,-0.080177,-0.20828,0.19657,,
0.3,0.09,0.055,-0.043581,-0.17015,0.19036,,
0.3,0.095,0.055,-0.015494,-0.10005,0.15945,,
0.3,0.1,0.055,0,0,0.1371,,
0.3,0,0.06,0,0,-0.15401,,
0.3,0.005,0.06,-0.015675,0.11374,-0.1749,,
0.3,0.01,0.06,-0.042454,0.18887,-0.20261,,
0.3,0.015,0.06,-0.075883,0.22771,-0.20638,,
0.3,0.02,0.06,-0.10741,0.23703,-0.19538,,
0.3,0.025,0.06,-0.13352,0.22445,-0.17623,,
0.3,0.03,0.06,-0.1536,0.19653,-0.15155,,
0.3,0.035,0.06,-0.1682,0.1583,-0.12285,,
0.3,0.04,0.06,-0.17832,0.1133,-0.090931,,
0.3,0.045,0.06,-0.18495,0.063921,-0.056092,,
0.3,0.05,0.06,-0.18875,0.011797,-0.018383,,
0.3,0.055,0.06,-0.1899,-0.041781,0.0221,,
0.3,0.06,0.06,-0.18801,-0.095405,0.064984,,
0.3,0.065,0.06,-0.18207,-0.14708,0.10936,,
0.3,0.07,0.06,-0.1706,-0.19367,0.1535,,
0.3,0.075,0.06,-0.15196,-0.23042,0.19456,,
0.3,0.08,0.06,-0.12496,-0.25054,0.22863,,
0.3,0.085,0.06,-0.089916,-0.24538,0.25063,,
0.3,0.09,0.06,-0.051016,-0.20551,0.25139,,
0.3,0.095,0.06,-0.019026,-0.12378,0.22005,,
0.3,0.1,0.06,0,0,0.19521,,
0.3,0,0.065,0,0,-0.23629,,
0.3,0.005,0.065,-0.019238,0.13671,-0.25853,,
0.3,0.01,0.065,-0.048908,0.22125,-0.28432,,
0.3,0.015,0.065,-0.082552,0.25994,-0.27949,,
0.3,0.02,0.065,-0.11068,0.26422,-0.25765,,
0.3,0.025,0.065,-0.13074,0.24509,-0.22799,,
0.3,0.03,0.065,-0.14359,0.21109,-0.19393,,
0.3,0.035,0.065,-0.15111,0.16805,-0.15706,,
0.3,0.04,0.065,-0.15529,0.11964,-0.11796,,
0.3,0.045,0.065,-0.15783,0.067967,-0.076481,,
0.3,0.05,0.065,-0.15983,0.014142,-0.03216,,
0.3,0.055,0.065,-0.16174,-0.041187,0.015495,,
0.3,0.06,0.065,-0.16318,-0.097329,0.066707,,
0.3,0.065,0.065,-0.16296,-0.15298,0.12113,,
0.3,0.07,0.065,-0.15902,-0.20555,0.17746,,
0.3,0.075,0.065,-0.14865,-0.25032,0.23292,,
0.3,0.08,0.065,-0.129,-0.27959,0.28312,,
0.3,0.085,0.065,-0.098342,-0.28214,0.32143,,
0.3,0.09,0.065,-0.059332,-0.24392,0.33498,,
0.3,0.095,0.065,-0.023675,-0.1516,0.30707,,
0.3,0.1,0.065,0,0,0.28081,,
0.3,0,0.07,0,0,-0.35164,,
0.3,0.005,0.07,-0.024426,0.16341,-0.37306,,
0.3,0.01,0.07,-0.056614,0.25497,-0.39078,,
0.3,0.015,0.07,-0.087592,0.28915,-0.36956,,
0.3,0.02,0.07,-0.1079,0.28474,-0.33022,,
0.3,0.025,0.07,-0.1172,0.25712,-0.28525,,
0.3,0.03,0.07,-0.11864,0.21672,-0.23863,,
0.3,0.035,0.07,-0.11574,0.16986,-0.19172,,
0.3,0.04,0.07,-0.11153,0.11993,-0.14449,,
0.3,0.045,0.07,-0.10832,0.068413,-0.096037,,
0.3,0.05,0.07,-0.10758,0.015688,-0.045088,,
0.3,0.055,0.07,-0.10997,-0.038418,0.0096794,,
0.3,0.06,0.07,-0.11528,-0.094122,0.069369,,
0.3,0.065,0.07,-0.12228,-0.15112,0.13456,,
0.3,0.07,0.07,-0.1286,-0.20783,0.20484,,
0.3,0.075,0.07,-0.13059,-0.26023,0.27813,,
0.3,0.08,0.07,-0.12358,-0.30038,0.35007,,
0.3,0.085,0.07,-0.10289,-0.31479,0.41283,,
0.3,0.09,0.07,-0.067991,-0.28368,0.44897,,
0.3,0.095,0.07,-0.029851,-0.18399,0.43295,,
0.3,0.1,0.07,0,0,0.40861,,
0.3,0,0.075,0,0,-0.51991,,
0.3,0.005,0.075,-0.031836,0.1946,-0.53406,,
0.3,0.01,0.075,-0.064778,0.28771,-0.52935,,
0.3,0.015,0.075,-0.08745,0.31058,-0.47775,,
0.3,0.02,0.075,-0.093045,0.29312,-0.41083,,
0.3,0.025,0.075,-0.08545,0.25551,-0.34419,,
0.3,0.03,0.075,-0.070833,0.20943,-0.28144,,
0.3,0.035,0.075,-0.054325,0.16081,-0.22282,,
0.3,0.04,0.075,-0.039679,0.11216,-0.16701,,
0.3,0.045,0.075,-0.029445,0.063996,-0.11187,,
0.3,0.05,0.075,-0.025195,0.01581,-0.054994,,
0.3,0.055,0.075,-0.027705,-0.033442,0.0060536,,
0.3,0.06,0.075,-0.036974,-0.084925,0.073553,,
0.3,0.065,0.075,-0.052073,-0.1395,0.14942,,
0.3,0.07,0.075,-0.070795,-0.19701,0.23479,,
0.3,0.075,0.075,-0.08917,-0.255,0.32921,,
0.3,0.08,0.075,-0.10103,-0.30655,0.42966,,
0.3,0.085,0.075,-0.098287,-0.33711,0.52828,,
0.3,0.09,0.075,-0.074983,-0.32104,0.60348,,
0.3,0.095,0.075,-0.037665,-0.221,0.61756,,
0.3,0.1,0.075,0,0,0.60389,,
0.3,0,0.08,0,0,-0.77822,,
0.3,0.005,0.08,-0.040885,0.23057,-0.76792,,
0.3,0.01,0.08,-0.069165,0.314,-0.70891,,
0.3,0.015,0.08,-0.073071,0.31599,-0.60313,,
0.3,0.02,0.08,-0.054214,0.28163,-0.49444,,
0.3,0.025,0.08,-0.023019,0.23445,-0.39848,,
0.3,0.03,0.08,0.01145,0.18537,-0.31624,,
0.3,0.035,0.08,0.043298,0.13861,-0.24509,,
0.3,0.04,0.08,0.068949,0.095037,-0.1813,,
0.3,0.045,0.08,0.086315,0.053971,-0.12083,,
0.3,0.05,0.08,0.094199,0.014023,-0.05974,,
0.3,0.055,0.08,0.091938,-0.026532,0.0057328,,
0.3,0.06,0.08,0.079282,-0.069594,0.079286,,
0.3,0.065,0.08,0.056533,-0.11706,0.16457,,
0.3,0.07,0.08,0.025,-0.17036,0.26503,,
0.3,0.075,0.08,-0.012155,-0.2294,0.38328,,
0.3,0.08,0.08,-0.048642,-0.29001,0.51981,,
0.3,0.085,0.08,-0.073782,-0.33937,0.66954,,
0.3,0.09,0.08,-0.074271,-0.34843,0.81029,,
0.3,0.095,0.08,-0.045471,-0.26156,0.89198,,
0.3,0.1,0.08,0,0,0.90995,,
0.3,0,0.085,0,0,-1.2062,,
0.3,0.005,0.085,-0.045429,0.26861,-1.1244,,
0.3,0.01,0.085,-0.055473,0.32135,-0.93684,,
0.3,0.015,0.085,-0.023204,0.29185,-0.73789,,
0.3,0.02,0.085,0.031112,0.24067,-0.57025,,
0.3,0.025,0.085,0.090052,0.18873,-0.43797,,
0.3,0.03,0.085,0.1443,0.14255,-0.33478,,
0.3,0.035,0.085,0.18944,0.10307,-0.2525,,
0.3,0.04,0.085,0.22357,0.069077,-0.18329,,
0.3,0.045,0.085,0.246,0.03879,-0.12043,,
0.3,0.05,0.085,0.25645,0.010301,-0.058237,,
0.3,0.055,0.085,0.25463,-0.018339,0.008472,,
0.3,0.06,0.085,0.2401,-0.049231,0.084846,,
0.3,0.065,0.085,0.21232,-0.084748,0.1765,,
0.3,0.07,0.085,0.17097,-0.12753,0.28996,,
0.3,0.075,0.085,0.11695,-0.17996,0.43272,,
0.3,0.08,0.085,0.054012,-0.24225,0.61203,,
0.3,0.085,0.085,-0.0082014,-0.30765,0.83099,,
0.3,0.09,0.085,-0.049899,-0.35112,1.0798,,
0.3,0.095,0.085,-0.045274,-0.3003,1.3116,,
0.3,0.1,0.085,0,0,1.4138,,
0.3,0,0.09,0,0,-2.008,,
0.3,0.005,0.09,-0.015656,0.28794,-1.7133,,
0.3,0.01,0.09,0.019016,0.28555,-1.2005,,
0.3,0.015,0.09,0.10803,0.22377,-0.84182,,
0.3,0.02,0.09,0.20173,0.16593,-0.60385,,
0.3,0.025,0.09,0.28233,0.12032,-0.43817,,
0.3,0.03,0.09,0.34711,0.0857,-0.32105,,
0.3,0.035,0.09,0.39655,0.059342,-0.23537,,
0.3,0.04,0.09,0.43184,0.038572,-0.1678,,
0.3,0.045,0.09,0.45426,0.021204,-0.10877,,
0.3,0.05,0.09,0.46463,0.0054937,-0.051158,,
0.3,0.055,0.09,0.46318,-0.010099,0.011107,,
0.3,0.06,0.09,0.44944,-0.027186,0.084106,,
0.3,0.065,0.09,0.42213,-0.047754,0.17501,,
0.3,0.07,0.09,0.37928,-0.074521,0.29345,,
0.3,0.075,0.09,0.31851,-0.11119,0.45315,,
0.3,0.08,0.09,0.23795,-0.16206,0.67209,,
0.3,0.085,0.09,0.13882,-0.22967,0.9734,,
0.3,0.09,0.09,0.039182,-0.30395,1.4027,,
0.3,0.095,0.09,-0.0058818,-0.31197,1.9923,,
0.3,0.1,0.09,0,0,2.3272,,
0.3,0,0.095,0,0,-3.4532,,
0.3,0.005,0.095,0.18094,0.21261,-2.6454,,
0.3,0.01,0.095,0.27814,0.17738,-1.4233,,
0.3,0.015,0.095,0.40886,0.11857,-0.82303,,
0.3,0.02,0.095,0.5118,0.077489,-0.53193,,
0.3,0.025,0.095,0.58394,0.050944,-0.36146,,
0.3,0.03,0.095,0.63493,0.033617,-0.25422,,
0.3,0.035,0.095,0.67076,0.021961,-0.183,,
0.3,0.04,0.095,0.69491,0.013655,-0.13025,,
0.3,0.045,0.095,0.70962,0.0072149,-0.085184,,
0.3,0.05,0.095,0.71618,0.0016602,-0.040751,,
0.3,0.055,0.095,0.71503,-0.0037633,0.0086382,,
0.3,0.06,0.095,0.70584,-0.0098113,0.068575,,
0.3,0.065,0.095,0.68739,-0.017486,0.14609,,
0.3,0.07,0.095,0.65728,-0.028387,0.25194,,
0.3,0.075,0.095,0.6115,-0.045237,0.40433,,
0.3,0.08,0.095,0.54311,-0.072545,0.63368,,
0.3,0.085,0.095,0.44041,-0.11702,1.0017,,
0.3,0.09,0.095,0.30359,-0.18214,1.6963,,
0.3,0.095,0.095,0.19606,-0.22225,3.0239,,
0.3,0.1,0.095,0,0,3.8864,,
0.3,0,0.1,0.5,0,-4.3667,,
0.3,0.005,0.1,1,0,-3.2056,,
0.3,0.01,0.1,1,0,-1.5091,,
0.3,0.015,0.1,1,0,-0.76836,,
0.3,0.02,0.1,1,0,-0.46051,,
0.3,0.025,0.1,1,0,-0.299,,
0.3,0.03,0.1,1,0,-0.20513,,
0.3,0.035,0.1,1,0,-0.14695,,
0.3,0.04,0.1,1,0,-0.10563,,
0.3,0.045,0.1,1,0,-0.070491,,
0.3,0.05,0.1,1,0,-0.035076,,
0.3,0.055,0.1,1,0,0.0055104,,
0.3,0.06,0.1,1,0,0.056142,,
0.3,0.065,0.1,1,0,0.12318,,
0.3,0.07,0.1,1,0,0.21708,,
0.3,0.075,0.1,1,0,0.35726,,
0.3,0.08,0.1,1,0,0.58017,,
0.3,0.085,0.1,1,0,0.97197,,
0.3,0.09,0.1,1,0,1.8184,,
0.3,0.095,0.1,1,0,3.6298,,
0.3,0.1,0.1,0.5,0,4.8485,,
0.3,0,0,0,0,3.76E-06,,0.01
0.3,0.005,0,0,0,-0.0029094,,0.01
0.3,0.01,0,0,0,-0.0093908,,0.01
0.3,0.015,0,0,0,-0.015685,,0.01
0.3,0.02,0,0,0,-0.019419,,0.01
0.3,0.025,0,0,0,-0.01933,,0.01
0.3,0.03,0,0,0,-0.015001,,0.01
0.3,0.035,0,0,0,-0.0066242,,0.01
0.3,0.04,0,0,0,0.0051805,,0.01
0.3,0.045,0,0,0,0.019496,,0.01
0.3,0.05,0,0,0,0.035198,,0.01
0.3,0.055,0,0,0,0.051033,,0.01
0.3,0.06,0,0,0,0.065699,,0.01
0.3,0.065,0,0,0,0.077941,,0.01
0.3,0.07,0,0,0,0.086678,,0.01
0.3,0.075,0,0,0,0.091157,,0.01
0.3,0.08,0,0,0,0.091144,,0.01
0.3,0.085,0,0,0,0.087134,,0.01
0.3,0.09,0,0,0,0.080563,,0.01
0.3,0.095,0,0,0,0.073975,,0.01
0.3,0.1,0,0,0,0.071069,,0.01
0.3,0,0.005,0,0,0.0028926,,0.01
0.3,0.005,0.005,-0.00032358,0.00033411,-6.35E-05,,0.01
0.3,0.01,0.005,-0.0020849,0.0014844,-0.0062,,0.01
0.3,0.015,0.005,-0.005517,0.0025252,-0.011678,,0.01
0.3,0.02,0.005,-0.010117,0.0031769,-0.014743,,0.01
0.3,0.025,0.005,-0.015284,0.0034024,-0.014421,,0.01
0.3,0.03,0.005,-0.020434,0.0032376,-0.010349,,0.01
0.3,0.035,0.005,-0.025044,0.0027454,-0.0026844,,0.01
0.3,0.04,0.005,-0.028684,0.0019986,0.0080359,,0.01
0.3,0.045,0.005,-0.031032,0.0010734,0.021002,,0.01
0.3,0.05,0.005,-0.031882,4.83E-05,0.035215,,0.01
0.3,0.055,0.005,-0.031147,-0.00099339,0.049551,,0.01
0.3,0.06,0.005,-0.028872,-0.0019622,0.062843,,0.01
0.3,0.065,0.005,-0.025238,-0.0027631,0.073969,,0.01
0.3,0.07,0.005,-0.020566,-0.003299,0.081971,,0.01
0.3,0.075,0.005,-0.015311,-0.0034789,0.086187,,0.01
0.3,0.08,0.005,-0.010044,-0.0032327,0.08642,,0.01
0.3,0.085,0.005,-0.0053915,-0.0025345,0.0831,,0.01
0.3,0.09,0.005,-0.001974,-0.0014487,0.077364,,0.01
0.3,0.095,0.005,-0.00026784,-0.00028992,0.071137,,0.01
0.3,0.1,0.005,0,0,0.068195,,0.01
0.3,0,0.01,0,0,0.0095579,,0.01
0.3,0.005,0.01,-0.0014821,0.0020757,0.0059833,,0.01
0.3,0.01,0.01,-0.0054008,0.0053053,-0.00049457,,0.01
0.3,0.015,0.01,-0.011997,0.0080705,-0.0051891,,0.01
0.3,0.02,0.01,-0.020341,0.0097822,-0.0074567,,0.01
0.3,0.025,0.01,-0.029468,0.010321,-0.0068891,,0.01
0.3,0.03,0.01,-0.03845,0.0097558,-0.0032629,,0.01
0.3,0.035,0.01,-0.046437,0.0082434,0.0032865,,0.01
0.3,0.04,0.01,-0.052718,0.0059841,0.012329,,0.01
0.3,0.045,0.01,-0.056757,0.0031986,0.023218,,0.01
0.3,0.05,0.01,-0.058211,0.00012154,0.035145,,0.01
0.3,0.055,0.01,-0.05694,-0.0029978,0.047193,,0.01
0.3,0.06,0.01,-0.053021,-0.0058946,0.058403,,0.01
0.3,0.065,0.01,-0.046758,-0.0082929,0.06785,,0.01
0.3,0.07,0.01,-0.038683,-0.0099183,0.074743,,0.01
0.3,0.075,0.01,-0.029543,-0.010524,0.07853,,0.01
0.3,0.08,0.01,-0.020255,-0.0099346,0.079028,,0.01
0.3,0.085,0.01,-0.011817,-0.0081043,0.076516,,0.01
0.3,0.09,0.01,-0.0052293,-0.0052193,0.071557,,0.01
0.3,0.095,0.01,-0.0013902,-0.0019578,0.064986,,0.01
0.3,0.1,0.01,0,0,0.06143,,0.01
0.3,0,0.015,0,0,0.016736,,0.01
0.3,0.005,0.015,-0.0027147,0.0056317,0.0118,,0.01
0.3,0.01,0.015,-0.0088228,0.012025,0.0034905,,0.01
0.3,0.015,0.015,-0.018449,0.017187,-0.001714,,0.01
0.3,0.02,0.015,-0.030163,0.020286,-0.0040199,,0.01
0.3,0.025,0.015,-0.042685,0.021128,-0.0035339,,0.01
0.3,0.03,0.015,-0.05484,0.019834,-0.00020161,,0.01
0.3,0.035,0.015,-0.065556,0.016692,0.0057887,,0.01
0.3,0.04,0.015,-0.073942,0.012086,0.014026,,0.01
0.3,0.045,0.015,-0.079325,0.0064449,0.023933,,0.01
0.3,0.05,0.015,-0.081272,0.00023241,0.034802,,0.01
0.3,0.055,0.015,-0.079605,-0.0060586,0.045821,,0.01
0.3,0.06,0.015,-0.074419,-0.011907,0.056132,,0.01
0.3,0.065,0.015,-0.066088,-0.016776,0.064889,,0.01
0.3,0.07,0.015,-0.055276,-0.020136,0.071341,,0.01
0.3,0.075,0.015,-0.042916,-0.021518,0.074923,,0.01
0.3,0.08,0.015,-0.030162,-0.020594,0.075373,,0.01
0.3,0.085,0.015,-0.018285,-0.01728,0.072789,,0.01
0.3,0.09,0.015,-0.0086272,-0.011887,0.06724,,0.01
0.3,0.095,0.015,-0.0025979,-0.0054128,0.058765,,0.01
0.3,0.1,0.015,0,0,0.053824,,0.01
0.3,0,0.02,0,0,0.022318,,0.01
0.3,0.005,0.02,-0.0038584,0.010882,0.015776,,0.01
0.3,0.01,0.02,-0.012083,0.0214,0.005071,,0.01
0.3,0.015,0.02,-0.024638,0.029431,-0.0012093,,0.01
0.3,0.02,0.02,-0.039543,0.034045,-0.0039187,,0.01
0.3,0.025,0.02,-0.055189,0.035052,-0.0036026,,0.01
0.3,0.03,0.02,-0.070185,0.032677,-0.00036978,,0.01
0.3,0.035,0.02,-0.083296,0.027386,0.0055083,,0.01
0.3,0.04,0.02,-0.093509,0.019784,0.013592,,0.01
0.3,0.045,0.02,-0.10006,0.010547,0.023323,,0.01
0.3,0.05,0.02,-0.10247,0.0004077,0.034032,,0.01
0.3,0.055,0.02,-0.10053,-0.0098591,0.044952,,0.01
0.3,0.06,0.02,-0.094318,-0.019435,0.055253,,0.01
0.3,0.065,0.02,-0.084253,-0.027474,0.064092,,0.01
0.3,0.07,0.02,-0.071063,-0.033143,0.070679,,0.01
0.3,0.075,0.02,-0.055805,-0.035698,0.074359,,0.01
0.3,0.08,0.02,-0.039815,-0.034599,0.074735,,0.01
0.3,0.085,0.02,-0.024616,-0.029663,0.071723,,0.01
0.3,0.09,0.02,-0.011926,-0.021249,0.064972,,0.01
0.3,0.095,0.02,-0.003735,-0.01056,0.053947,,0.01
0.3,0.1,0.02,0,0,0.047325,,0.01
0.3,0,0.025,0,0,0.024837,,0.01
0.3,0.005,0.025,-0.0049349,0.017729,0.016649,,0.01
0.3,0.01,0.025,-0.015216,0.03332,0.0034272,,0.01
0.3,0.015,0.025,-0.030636,0.044656,-0.0040636,,0.01
0.3,0.02,0.025,-0.048632,0.050847,-0.0072135,,0.01
0.3,0.025,0.025,-0.06725,0.051822,-0.0069539,,0.01
0.3,0.03,0.025,-0.084896,0.047991,-0.0035455,,0.01
0.3,0.035,0.025,-0.10021,0.040058,0.0026475,,0.01
0.3,0.04,0.025,-0.11208,0.028886,0.011137,,0.01
0.3,0.045,0.025,-0.11973,0.015429,0.021353,,0.01
0.3,0.05,0.025,-0.12261,0.00070261,0.032634,,0.01
0.3,0.055,0.025,-0.12051,-0.01422,0.04422,,0.01
0.3,0.06,0.025,-0.11348,-0.028204,0.055269,,0.01
0.3,0.065,0.025,-0.10192,-0.040069,0.064893,,0.01
0.3,0.07,0.025,-0.086591,-0.048637,0.072209,,0.01
0.3,0.075,0.025,-0.068615,-0.052826,0.076421,,0.01
0.3,0.08,0.025,-0.049482,-0.051804,0.076958,,0.01
0.3,0.085,0.025,-0.030969,-0.045186,0.073536,,0.01
0.3,0.09,0.025,-0.015209,-0.033269,0.065426,,0.01
0.3,0.095,0.025,-0.0048414,-0.017343,0.051628,,0.01
0.3,0.1,0.025,0,0,0.04322,,0.01
0.3,0,0.03,0,0,0.023133,,0.01
0.3,0.005,0.03,-0.0059964,0.026134,0.013288,,0.01
0.3,0.01,0.03,-0.018324,0.047755,-0.0024625,,0.01
0.3,0.015,0.03,-0.036584,0.062825,-0.011125,,0.01
0.3,0.02,0.03,-0.057604,0.070624,-0.014576,,0.01
0.3,0.025,0.03,-0.079071,0.07133,-0.014112,,0.01
0.3,0.03,0.03,-0.099204,0.065647,-0.010145,,0.01
0.3,0.035,0.03,-0.11654,0.054587,-0.003139,,0.01
0.3,0.04,0.03,-0.12995,0.039317,0.0063559,,0.01
0.3,0.045,0.03,-0.13862,0.021085,0.017742,,0.01
0.3,0.05,0.03,-0.14201,0.0011939,0.030347,,0.01
0.3,0.055,0.03,-0.13988,-0.01899,0.043395,,0.01
0.3,0.06,0.03,-0.13224,-0.038019,0.056004,,0.01
0.3,0.065,0.03,-0.11945,-0.054366,0.067204,,0.01
0.3,0.07,0.03,-0.10221,-0.066467,0.075979,,0.01
0.3,0.075,0.03,-0.081681,-0.072831,0.081338,,0.01
0.3,0.08,0.03,-0.059463,-0.072225,0.082489,,0.01
0.3,0.085,0.03,-0.037586,-0.063928,0.078914,,0.01
0.3,0.09,0.03,-0.018639,-0.048027,0.069489,,0.01
0.3,0.095,0.03,-0.0059937,-0.025793,0.052786,,0.01
0.3,0.1,0.03,0,0,0.042487,,0.01
0.3,0,0.035,0,0,0.016116,,0.01
0.3,0.005,0.035,-0.0070963,0.036109,0.0045879,,0.01
0.3,0.01,0.035,-0.021511,0.064714,-0.013672,,0.01
0.3,0.015,0.035,-0.042614,0.083907,-0.023342,,0.01
0.3,0.02,0.035,-0.066577,0.093285,-0.026797,,0.01
0.3,0.025,0.035,-0.090726,0.09343,-0.025724,,0.01
0.3,0.03,0.035,-0.11311,0.08547,-0.020698,,0.01
0.3,0.035,0.035,-0.13224,0.070811,-0.012296,,0.01
0.3,0.04,0.035,-0.14698,0.050971,-0.0011392,,0.01
0.3,0.045,0.035,-0.15657,0.0275,0.012142,,0.01
0.3,0.05,0.035,-0.1605,0.0019713,0.026859,,0.01
0.3,0.055,0.035,-0.15849,-0.023984,0.042213,,0.01
0.3,0.06,0.035,-0.15052,-0.048631,0.057272,,0.01
0.3,0.065,0.035,-0.13682,-0.070101,0.070961,,0.01
0.3,0.07,0.035,-0.11801,-0.086416,0.082092,,0.01
0.3,0.075,0.035,-0.095185,-0.095595,0.089434,,0.01
0.3,0.08,0.035,-0.069995,-0.09587,0.091901,,0.01
0.3,0.085,0.035,-0.044699,-0.086003,0.088672,,0.01
0.3,0.09,0.035,-0.02239,-0.065682,0.078155,,0.01
0.3,0.095,0.035,-0.0072737,-0.036027,0.058432,,0.01
0.3,0.1,0.035,0,0,0.046101,,0.01
0.3,0,0.04,0,0,0.0025876,,0.01
0.3,0.005,0.04,-0.0082859,0.047722,-0.010677,,0.01
0.3,0.01,0.04,-0.024874,0.084239,-0.031406,,0.01
0.3,0.015,0.04,-0.048822,0.10786,-0.041785,,0.01
0.3,0.02,0.04,-0.07558,0.11867,-0.044772,,0.01
0.3,0.025,0.04,-0.10211,0.11787,-0.042514,,0.01
0.3,0.03,0.04,-0.12636,0.10716,-0.035791,,0.01
0.3,0.035,0.04,-0.14686,0.088454,-0.025312,,0.01
0.3,0.04,0.04,-0.1626,0.063654,-0.011774,,0.01
0.3,0.045,0.04,-0.1729,0.034609,0.0041678,,0.01
0.3,0.05,0.04,-0.17734,0.0031249,0.021819,,0.01
0.3,0.055,0.04,-0.17565,-0.028962,0.040374,,0.01
0.3,0.06,0.04,-0.1677,-0.059685,0.058856,,0.01
0.3,0.065,0.04,-0.15359,-0.08687,0.076085,,0.01
0.3,0.07,0.04,-0.13374,-0.10812,0.090677,,0.01
0.3,0.075,0.04,-0.10907,-0.12087,0.1011,,0.01
0.3,0.08,0.04,-0.081178,-0.12267,0.10589,,0.01
0.3,0.085,0.04,-0.052492,-0.11153,0.10382,,0.01
0.3,0.09,0.04,-0.026622,-0.086468,0.092644,,0.01
0.3,0.095,0.04,-0.0087635,-0.04825,0.06982,,0.01
0.3,0.1,0.04,0,0,0.05527,,0.01
0.3,0,0.045,0,0,-0.01891,,0.01
0.3,0.005,0.045,-0.0096232,0.061085,-0.03399,,0.01
0.3,0.01,0.045,-0.028507,0.10639,-0.057105,,0.01
0.3,0.015,0.045,-0.055264,0.13458,-0.067708,,0.01
0.3,0.02,0.045,-0.084522,0.14649,-0.069513,,0.01
0.3,0.025,0.045,-0.1129,0.14421,-0.065272,,0.01
0.3,0.03,0.045,-0.13835,0.13021,-0.056038,,0.01
0.3,0.035,0.045,-0.15954,0.10703,-0.042677,,0.01
0.3,0.04,0.045,-0.17568,0.077007,-0.02596,,0.01
0.3,0.045,0.045,-0.18633,0.042248,-0.0065505,,0.01
0.3,0.05,0.045,-0.19118,0.0047226,0.014888,,0.01
0.3,0.055,0.045,-0.18998,-0.033619,0.03758,,0.01
0.3,0.06,0.045,-0.18254,-0.070679,0.060542,,0.01
0.3,0.065,0.045,-0.16873,-0.10405,0.08251,,0.01
0.3,0.07,0.045,-0.14866,-0.13095,0.1019,,0.01
0.3,0.075,0.045,-0.12293,-0.14817,0.11682,,0.01
0.3,0.08,0.045,-0.092913,-0.1524,0.12535,,0.01
0.3,0.085,0.045,-0.061059,-0.14056,0.12564,,0.01
0.3,0.09,0.045,-0.031479,-0.11066,0.11458,,0.01
0.3,0.095,0.045,-0.010551,-0.062745,0.08866,,0.01
0.3,0.1,0.045,0,0,0.071678,,0.01
0.3,0,0.05,0,0,-0.050258,,0.01
0.3,0.005,0.05,-0.011191,0.076364,-0.067247,,0.01
0.3,0.01,0.05,-0.032525,0.13122,-0.092556,,0.01
0.3,0.015,0.05,-0.061958,0.16383,-0.10259,,0.01
0.3,0.02,0.05,-0.093164,0.17621,-0.10213,,0.01
0.3,0.025,0.05,-0.1225,0.17168,-0.094781,,0.01
0.3,0.03,0.05,-0.14806,0.15378,-0.081971,,0.01
0.3,0.035,0.05,-0.16886,0.12576,-0.06476,,0.01
0.3,0.04,0.05,-0.1845,0.090426,-0.043982,,0.01
0.3,0.045,0.05,-0.19486,0.050092,-0.020264,,0.01
0.3,0.05,0.05,-0.19987,0.0067784,0.0058207,,0.01
0.3,0.055,0.05,-0.19936,-0.037589,0.033597,,0.01
0.3,0.06,0.05,-0.19303,-0.080927,0.062147,,0.01
0.3,0.065,0.05,-0.18049,-0.12074,0.090185,,0.01
0.3,0.07,0.05,-0.16142,-0.15392,0.11595,,0.01
0.3,0.075,0.05,-0.13589,-0.17663,0.13719,,0.01
0.3,0.08,0.05,-0.1048,-0.18447,0.15136,,0.01
0.3,0.085,0.05,-0.070364,-0.17297,0.15583,,0.01
0.3,0.09,0.05,-0.037094,-0.1385,0.14614,,0.01
0.3,0.095,0.05,-0.012744,-0.079868,0.11737,,0.01
0.3,0.1,0.05,0,0,0.097757,,0.01
0.3,0,0.055,0,0,-0.094029,,0.01
0.3,0.005,0.055,-0.013128,0.093799,-0.113,,0.01
0.3,0.01,0.055,-0.037093,0.15875,-0.14005,,0.01
0.3,0.015,0.055,-0.068874,0.19516,-0.14815,,0.01
0.3,0.02,0.055,-0.10106,0.20689,-0.14375,,0.01
0.3,0.025,0.055,-0.1299,0.19905,-0.13167,,0.01
0.3,0.03,0.055,-0.15392,0.17653,-0.11388,,0.01
0.3,0.035,0.055,-0.17274,0.14343,-0.091639,,0.01
0.3,0.04,0.055,-0.18653,0.10297,-0.065823,,0.01
0.3,0.045,0.055,-0.19567,0.057591,-0.036948,,0.01
0.3,0.05,0.055,-0.2004,0.0092107,-0.0053994,,0.01
0.3,0.055,0.055,-0.2007,-0.040453,0.028358,,0.01
0.3,0.06,0.055,-0.19621,-0.089532,0.063591,,0.01
0.3,0.065,0.055,-0.1862,-0.13564,0.099108,,0.01
0.3,0.07,0.055,-0.16983,-0.17553,0.13307,,0.01
0.3,0.075,0.055,-0.1464,-0.20478,0.16286,,0.01
0.3,0.08,0.055,-0.116,-0.21782,0.18527,,0.01
0.3,0.085,0.055,-0.080177,-0.20828,0.19657,,0.01
0.3,0.09,0.055,-0.043581,-0.17015,0.19036,,0.01
0.3,0.095,0.055,-0.015494,-0.10005,0.15945,,0.01
0.3,0.1,0.055,0,0,0.1371,,0.01
0.3,0,0.06,0,0,-0.15401,,0.01
0.3,0.005,0.06,-0.015675,0.11374,-0.1749,,0.01
0.3,0.01,0.06,-0.042454,0.18887,-0.20261,,0.01
0.3,0.015,0.06,-0.075883,0.22771,-0.20638,,0.01
0.3,0.02,0.06,-0.10741,0.23703,-0.19538,,0.01
0.3,0.025,0.06,-0.13352,0.22445,-0.17623,,0.01
0.3,0.03,0.06,-0.1536,0.19653,-0.15155,,0.01
0.3,0.035,0.06,-0.1682,0.1583,-0.12285,,0.01
0.3,0.04,0.06,-0.17832,0.1133,-0.090931,,0.01
0.3,0.045,0.06,-0.18495,0.063921,-0.056092,,0.01
0.3,0.05,0.06,-0.18875,0.011797,-0.018383,,0.01
0.3,0.055,0.06,-0.1899,-0.041781,0.0221,,0.01
0.3,0.06,0.06,-0.18801,-0.095405,0.064984,,0.01
0.3,0.065,0.06,-0.18207,-0.14708,0.10936,,0.01
0.3,0.07,0.06,-0.1706,-0.19367,0.1535,,0.01
0.3,0.075,0.06,-0.15196,-0.23042,0.19456,,0.01
0.3,0.08,0.06,-0.12496,-0.25054,0.22863,,0.01
0.3,0.085,0.06,-0.089916,-0.24538,0.25063,,0.01
0.3,0.09,0.06,-0.051016,-0.20551,0.25139,,0.01
0.3,0.095,0.06,-0.019026,-0.12378,0.22005,,0.01
0.3,0.1,0.06,0,0,0.19521,,0.01
0.3,0,0.065,0,0,-0.23629,,0.01
0.3,0.005,0.065,-0.019238,0.13671,-0.25853,,0.01
0.3,0.01,0.065,-0.048908,0.22125,-0.28432,,0.01
0.3,0.015,0.065,-0.082552,0.25994,-0.27949,,0.01
0.3,0.02,0.065,-0.11068,0.26422,-0.25765,,0.01
0.3,0.025,0.065,-0.13074,0.24509,-0.22799,,0.01
0.3,0.03,0.065,-0.14359,0.21109,-0.19393,,0.01
0.3,0.035,0.065,-0.15111,0.16805,-0.15706,,0.01
0.3,0.04,0.065,-0.15529,0.11964,-0.11796,,0.01
0.3,0.045,0.065,-0.15783,0.067967,-0.076481,,0.01
0.3,0.05,0.065,-0.15983,0.014142,-0.03216,,0.01
0.3,0.055,0.065,-0.16174,-0.041187,0.015495,,0.01
0.3,0.06,0.065,-0.16318,-0.097329,0.066707,,0.01
0.3,0.065,0.065,-0.16296,-0.15298,0.12113,,0.01
0.3,0.07,0.065,-0.15902,-0.20555,0.17746,,0.01
0.3,0.075,0.065,-0.14865,-0.25032,0.23292,,0.01
0.3,0.08,0.065,-0.129,-0.27959,0.28312,,0.01
0.3,0.085,0.065,-0.098342,-0.28214,0.32143,,0.01
0.3,0.09,0.065,-0.059332,-0.24392,0.33498,,0.01
0.3,0.095,0.065,-0.023675,-0.1516,0.30707,,0.01
0.3,0.1,0.065,0,0,0.28081,,0.01
0.3,0,0.07,0,0,-0.35164,,0.01
0.3,0.005,0.07,-0.024426,0.16341,-0.37306,,0.01
0.3,0.01,0.07,-0.056614,0.25497,-0.39078,,0.01
0.3,0.015,0.07,-0.087592,0.28915,-0.36956,,0.01
0.3,0.02,0.07,-0.1079,0.28474,-0.33022,,0.01
0.3,0.025,0.07,-0.1172,0.25712,-0.28525,,0.01
0.3,0.03,0.07,-0.11864,0.21672,-0.23863,,0.01
0.3,0.035,0.07,-0.11574,0.16986,-0.19172,,0.01
0.3,0.04,0.07,-0.11153,0.11993,-0.14449,,0.01
0.3,0.045,0.07,-0.10832,0.068413,-0.096037,,0.01
0.3,0.05,0.07,-0.10758,0.015688,-0.045088,,0.01
0.3,0.055,0.07,-0.10997,-0.038418,0.0096794,,0.01
0.3,0.06,0.07,-0.11528,-0.094122,0.069369,,0.01
0.3,0.065,0.07,-0.12228,-0.15112,0.13456,,0.01
0.3,0.07,0.07,-0.1286,-0.20783,0.20484,,0.01
0.3,0.075,0.07,-0.13059,-0.26023,0.27813,,0.01
0.3,0.08,0.07,-0.12358,-0.30038,0.35007,,0.01
0.3,0.085,0.07,-0.10289,-0.31479,0.41283,,0.01
0.3,0.09,0.07,-0.067991,-0.28368,0.44897,,0.01
0.3,0.095,0.07,-0.029851,-0.18399,0.43295,,0.01
0.3,0.1,0.07,0,0,0.40861,,0.01
0.3,0,0.075,0,0,-0.51991,,0.01
0.3,0.005,0.075,-0.031836,0.1946,-0.53406,,0.01
0.3,0.01,0.075,-0.064778,0.28771,-0.52935,,0.01
0.3,0.015,0.075,-0.08745,0.31058,-0.47775,,0.01
0.3,0.02,0.075,-0.093045,0.29312,-0.41083,,0.01
0.3,0.025,0.075,-0.08545,0.25551,-0.34419,,0.01
0.3,0.03,0.075,-0.070833,0.20943,-0.28144,,0.01
0.3,0.035,0.075,-0.054325,0.16081,-0.22282,,0.01
0.3,0.04,0.075,-0.039679,0.11216,-0.16701,,0.01
0.3,0.045,0.075,-0.029445,0.063996,-0.11187,,0.01
0.3,0.05,0.075,-0.025195,0.01581,-0.054994,,0.01
0.3,0.055,0.075,-0.027705,-0.033442,0.0060536,,0.01
0.3,0.06,0.075,-0.036974,-0.084925,0.073553,,0.01
0.3,0.065,0.075,-0.052073,-0.1395,0.14942,,0.01
0.3,0.07,0.075,-0.070795,-0.19701,0.23479,,0.01
0.3,0.075,0.075,-0.08917,-0.255,0.32921,,0.01
0.3,0.08,0.075,-0.10103,-0.30655,0.42966,,0.01
0.3,0.085,0.075,-0.098287,-0.33711,0.52828,,0.01
0.3,0.09,0.075,-0.074983,-0.32104,0.60348,,0.01
0.3,0.095,0.075,-0.037665,-0.221,0.61756,,0.01
0.3,0.1,0.075,0,0,0.60389,,0.01
0.3,0,0.08,0,0,-0.77822,,0.01
0.3,0.005,0.08,-0.040885,0.23057,-0.76792,,0.01
0.3,0.01,0.08,-0.069165,0.314,-0.70891,,0.01
0.3,0.015,0.08,-0.073071,0.31599,-0.60313,,0.01
0.3,0.02,0.08,-0.054214,0.28163,-0.49444,,0.01
0.3,0.025,0.08,-0.023019,0.23445,-0.39848,,0.01
0.3,0.03,0.08,0.01145,0.18537,-0.31624,,0.01
0.3,0.035,0.08,0.043298,0.13861,-0.24509,,0.01
0.3,0.04,0.08,0.068949,0.095037,-0.1813,,0.01
0.3,0.045,0.08,0.086315,0.053971,-0.12083,,0.01
0.3,0.05,0.08,0.094199,0.014023,-0.05974,,0.01
0.3,0.055,0.08,0.091938,-0.026532,0.0057328,,0.01
0.3,0.06,0.08,0.079282,-0.069594,0.079286,,0.01
0.3,0.065,0.08,0.056533,-0.11706,0.16457,,0.01
0.3,0.07,0.08,0.025,-0.17036,0.26503,,0.01
0.3,0.075,0.08,-0.012155,-0.2294,0.38328,,0.01
0.3,0.08,0.08,-0.048642,-0.29001,0.51981,,0.01
0.3,0.085,0.08,-0.073782,-0.33937,0.66954,,0.01
0.3,0.09,0.08,-0.074271,-0.34843,0.81029,,0.01
0.3,0.095,0.08,-0.045471,-0.26156,0.89198,,0.01
0.3,0.1,0.08,0,0,0.90995,,0.01
0.3,0,0.085,0,0,-1.2062,,0.01
0.3,0.005,0.085,-0.045429,0.26861,-1.1244,,0.01
0.3,0.01,0.085,-0.055473,0.32135,-0.93684,,0.01
0.3,0.015,0.085,-0.023204,0.29185,-0.73789,,0.01
0.3,0.02,0.085,0.031112,0.24067,-0.57025,,0.01
0.3,0.025,0.085,0.090052,0.18873,-0.43797,,0.01
0.3,0.03,0.085,0.1443,0.14255,-0.33478,,0.01
0.3,0.035,0.085,0.18944,0.10307,-0.2525,,0.01
0.3,0.04,0.085,0.22357,0.069077,-0.18329,,0.01
0.3,0.045,0.085,0.246,0.03879,-0.12043,,0.01
0.3,0.05,0.085,0.25645,0.010301,-0.058237,,0.01
0.3,0.055,0.085,0.25463,-0.018339,0.008472,,0.01
0.3,0.06,0.085,0.2401,-0.049231,0.084846,,0.01
0.3,0.065,0.085,0.21232,-0.084748,0.1765,,0.01
0.3,0.07,0.085,0.17097,-0.12753,0.28996,,0.01
0.3,0.075,0.085,0.11695,-0.17996,0.43272,,0.01
0.3,0.08,0.085,0.054012,-0.24225,0.61203,,0.01
0.3,0.085,0.085,-0.0082014,-0.30765,0.83099,,0.01
0.3,0.09,0.085,-0.049899,-0.35112,1.0798,,0.01
0.3,0.095,0.085,-0.045274,-0.3003,1.3116,,0.01
0.3,0.1,0.085,0,0,1.4138,,0.01
0.3,0,0.09,0,0,-2.008,,0.01
0.3,0.005,0.09,-0.015656,0.28794,-1.7133,,0.01
0.3,0.01,0.09,0.019016,0.28555,-1.2005,,0.01
0.3,0.015,0.09,0.10803,0.22377,-0.84182,,0.01
0.3,0.02,0.09,0.20173,0.16593,-0.60385,,0.01
0.3,0.025,0.09,0.28233,0.12032,-0.43817,,0.01
0.3,0.03,0.09,0.34711,0.0857,-0.32105,,0.01
0.3,0.035,0.09,0.39655,0.059342,-0.23537,,0.01
0.3,0.04,0.09,0.43184,0.038572,-0.1678,,0.01
0.3,0.045,0.09,0.45426,0.021204,-0.10877,,0.01
0.3,0.05,0.09,0.46463,0.0054937,-0.051158,,0.01
0.3,0.055,0.09,0.46318,-0.010099,0.011107,,0.01
0.3,0.06,0.09,0.44944,-0.027186,0.084106,,0.01
0.3,0.065,0.09,0.42213,-0.047754,0.17501,,0.01
0.3,0.07,0.09,0.37928,-0.074521,0.29345,,0.01
0.3,0.075,0.09,0.31851,-0.11119,0.45315,,0.01
0.3,0.08,0.09,0.23795,-0.16206,0.67209,,0.01
0.3,0.085,0.09,0.13882,-0.22967,0.9734,,0.01
0.3,0.09,0.09,0.039182,-0.30395,1.4027,,0.01
0.3,0.095,0.09,-0.0058818,-0.31197,1.9923,,0.01
0.3,0.1,0.09,0,0,2.3272,,0.01
0.3,0,0.095,0,0,-3.4532,,0.01
0.3,0.005,0.095,0.18094,0.21261,-2.6454,,0.01
0.3,0.01,0.095,0.27814,0.17738,-1.4233,,0.01
0.3,0.015,0.095,0.40886,0.11857,-0.82303,,0.01
0.3,0.02,0.095,0.5118,0.077489,-0.53193,,0.01
0.3,0.025,0.095,0.58394,0.050944,-0.36146,,0.01
0.3,0.03,0.095,0.63493,0.033617,-0.25422,,0.01
0.3,0.035,0.095,0.67076,0.021961,-0.183,,0.01
0.3,0.04,0.095,0.69491,0.013655,-0.13025,,0.01
0.3,0.045,0.095,0.70962,0.0072149,-0.085184,,0.01
0.3,0.05,0.095,0.71618,0.0016602,-0.040751,,0.01
0.3,0.055,0.095,0.71503,-0.0037633,0.0086382,,0.01
0.3,0.06,0.095,0.70584,-0.0098113,0.068575,,0.01
0.3,0.065,0.095,0.68739,-0.017486,0.14609,,0.01
0.3,0.07,0.095,0.65728,-0.028387,0.25194,,0.01
0.3,0.075,0.095,0.6115,-0.045237,0.40433,,0.01
0.3,0.08,0.095,0.54311,-0.072545,0.63368,,0.01
0.3,0.085,0.095,0.44041,-0.11702,1.0017,,0.01
0.3,0.09,0.095,0.30359,-0.18214,1.6963,,0.01
0.3,0.095,0.095,0.19606,-0.22225,3.0239,,0.01
0.3,0.1,0.095,0,0,3.8864,,0.01
0.3,0,0.1,0.5,0,-4.3667,,0.01
0.3,0.005,0.1,1,0,-3.2056,,0.01
0.3,0.01,0.1,1,0,-1.5091,,0.01
0.3,0.015,0.1,1,0,-0.76836,,0.01
0.3,0.02,0.1,1,0,-0.46051,,0.01
0.3,0.025,0.1,1,0,-0.299,,0.01
0.3,0.03,0.1,1,0,-0.20513,,0.01
0.3,0.035,0.1,1,0,-0.14695,,0.01
0.3,0.04,0.1,1,0,-0.10563,,0.01
0.3,0.045,0.1,1,0,-0.070491,,0.01
0.3,0.05,0.1,1,0,-0.035076,,0.01
0.3,0.055,0.1,1,0,0.0055104,,0.01
0.3,0.06,0.1,1,0,0.056142,,0.01
0.3,0.065,0.1,1,0,0.12318,,0.01
0.3,0.07,0.1,1,0,0.21708,,0.01
0.3,0.075,0.1,1,0,0.35726,,0.01
0.3,0.08,0.1,1,0,0.58017,,0.01
0.3,0.085,0.1,1,0,0.97197,,0.01
0.3,0.09,0.1,1,0,1.8184,,0.01
0.3,0.095,0.1,1,0,3.6298,,0.01
0.3,0.1,0.1,0.5,0,4.8485,,0.01
0.4,0,0,0,0,4.28E-06,,
0.4,0.005,0,0,0,-0.0029091,,
0.4,0.01,0,0,0,-0.0093911,,
0.4,0.015,0,0,0,-0.015686,,
0.4,0.02,0,0,0,-0.019421,,
0.4,0.025,0,0,0,-0.019332,,
0.4,0.03,0,0,0,-0.015003,,
0.4,0.035,0,0,0,-0.0066261,,
0.4,0.04,0,0,0,0.0051792,,
0.4,0.045,0,0,0,0.019495,,
0.4,0.05,0,0,0,0.035198,,
0.4,0.055,0,0,0,0.051035,,
0.4,0.06,0,0,0,0.065702,,
0.4,0.065,0,0,0,0.077944,,
0.4,0.07,0,0,0,0.086681,,
0.4,0.075,0,0,0,0.091161,,
0.4,0.08,0,0,0,0.091147,,
0.4,0.085,0,0,0,0.087136,,
0.4,0.09,0,0,0,0.080564,,
0.4,0.095,0,0,0,0.073976,,
0.4,0.1,0,0,0,0.071069,,
0.4,0,0.005,0,0,0.0028937,,
0.4,0.005,0.005,-0.00032362,0.00033411,-6.27E-05,,
0.4,0.01,0.005,-0.0020851,0.0014846,-0.0061999,,
0.4,0.015,0.005,-0.0055176,0.0025255,-0.011678,,
0.4,0.02,0.005,-0.010118,0.0031773,-0.014744,,
0.4,0.025,0.005,-0.015285,0.0034028,-0.014423,,
0.4,0.03,0.005,-0.020436,0.0032379,-0.010351,,
0.4,0.035,0.005,-0.025047,0.0027457,-0.0026858,,
0.4,0.04,0.005,-0.028687,0.0019989,0.0080349,,
0.4,0.045,0.005,-0.031036,0.0010735,0.021002,,
0.4,0.05,0.005,-0.031885,4.83E-05,0.035215,,
0.4,0.055,0.005,-0.03115,-0.00099351,0.049552,,
0.4,0.06,0.005,-0.028875,-0.0019624,0.062845,,
0.4,0.065,0.005,-0.025241,-0.0027634,0.073972,,
0.4,0.07,0.005,-0.020567,-0.0032994,0.081974,,
0.4,0.075,0.005,-0.015313,-0.0034793,0.08619,,
0.4,0.08,0.005,-0.010045,-0.003233,0.086423,,
0.4,0.085,0.005,-0.0053919,-0.0025347,0.083102,,
0.4,0.09,0.005,-0.0019742,-0.0014489,0.077365,,
0.4,0.095,0.005,-0.00026785,-0.00028992,0.071137,,
0.4,0.1,0.005,0,0,0.068195,,
0.4,0,0.01,0,0,0.00956,,
0.4,0.005,0.01,-0.0014823,0.0020759,0.0059849,,
0.4,0.01,0.01,-0.0054014,0.0053059,-0.0004937,,
0.4,0.015,0.01,-0.011998,0.0080713,-0.0051889,,
0.4,0.02,0.01,-0.020343,0.0097833,-0.007457,,
0.4,0.025,0.01,-0.029471,0.010322,-0.0068897,,
0.4,0.03,0.01,-0.038454,0.0097569,-0.0032637,,
0.4,0.035,0.01,-0.046442,0.0082443,0.0032858,,
0.4,0.04,0.01,-0.052723,0.0059848,0.012329,,
0.4,0.045,0.01,-0.056763,0.0031989,0.023218,,
0.4,0.05,0.01,-0.058217,0.0001215,0.035146,,
0.4,0.055,0.01,-0.056946,-0.0029982,0.047194,,
0.4,0.06,0.01,-0.053027,-0.0058953,0.058404,,
0.4,0.065,0.01,-0.046763,-0.0082938,0.067852,,
0.4,0.07,0.01,-0.038687,-0.0099194,0.074745,,
0.4,0.075,0.01,-0.029546,-0.010525,0.078532,,
0.4,0.08,0.01,-0.020257,-0.0099356,0.07903,,
0.4,0.085,0.01,-0.011819,-0.008105,0.076517,,
0.4,0.09,0.01,-0.0052298,-0.0052198,0.071557,,
0.4,0.095,0.01,-0.0013903,-0.0019579,0.064985,,
0.4,0.1,0.01,0,0,0.061429,,
0.4,0,0.015,0,0,0.016739,,
0.4,0.005,0.015,-0.002715,0.0056323,0.011803,,
0.4,0.01,0.015,-0.0088237,0.012026,0.003492,,
0.4,0.015,0.015,-0.018451,0.017188,-0.0017132,,
0.4,0.02,0.015,-0.030166,0.020288,-0.0040195,,
0.4,0.025,0.015,-0.04269,0.021131,-0.0035339,,
0.4,0.03,0.015,-0.054845,0.019836,-0.00020177,,
0.4,0.035,0.015,-0.065563,0.016694,0.0057885,,
0.4,0.04,0.015,-0.07395,0.012087,0.014026,,
0.4,0.045,0.015,-0.079333,0.0064455,0.023933,,
0.4,0.05,0.015,-0.08128,0.00023233,0.034802,,
0.4,0.055,0.015,-0.079613,-0.0060594,0.045822,,
0.4,0.06,0.015,-0.074426,-0.011909,0.056133,,
0.4,0.065,0.015,-0.066095,-0.016778,0.06489,,
0.4,0.07,0.015,-0.055281,-0.020138,0.071342,,
0.4,0.075,0.015,-0.04292,-0.02152,0.074924,,
0.4,0.08,0.015,-0.030165,-0.020596,0.075373,,
0.4,0.085,0.015,-0.018286,-0.017282,0.072789,,
0.4,0.09,0.015,-0.008628,-0.011888,0.06724,,
0.4,0.095,0.015,-0.0025981,-0.0054133,0.058764,,
0.4,0.1,0.015,0,0,0.053822,,
0.4,0,0.02,0,0,0.022322,,
0.4,0.005,0.02,-0.0038588,0.010883,0.015779,,
0.4,0.01,0.02,-0.012084,0.021402,0.0050729,,
0.4,0.015,0.02,-0.024641,0.029434,-0.0012081,,
0.4,0.02,0.02,-0.039547,0.034048,-0.003918,,
0.4,0.025,0.02,-0.055194,0.035055,-0.0036022,,
0.4,0.03,0.02,-0.070191,0.03268,-0.00036965,,
0.4,0.035,0.02,-0.083304,0.027389,0.0055083,,
0.4,0.04,0.02,-0.093517,0.019785,0.013592,,
0.4,0.045,0.02,-0.10007,0.010548,0.023323,,
0.4,0.05,0.02,-0.10248,0.00040755,0.034032,,
0.4,0.055,0.02,-0.10053,-0.0098603,0.044952,,
0.4,0.06,0.02,-0.094326,-0.019437,0.055253,,
0.4,0.065,0.02,-0.08426,-0.027477,0.064092,,
0.4,0.07,0.02,-0.071069,-0.033146,0.070679,,
0.4,0.075,0.02,-0.055809,-0.035702,0.074359,,
0.4,0.08,0.02,-0.039818,-0.034603,0.074735,,
0.4,0.085,0.02,-0.024618,-0.029666,0.071722,,
0.4,0.09,0.02,-0.011926,-0.021251,0.064971,,
0.4,0.095,0.02,-0.0037353,-0.010561,0.053945,,
0.4,0.1,0.02,0,0,0.047323,,
0.4,0,0.025,0,0,0.024841,,
0.4,0.005,0.025,-0.0049353,0.017731,0.016652,,
0.4,0.01,0.025,-0.015218,0.033324,0.0034294,,
0.4,0.015,0.025,-0.030639,0.044661,-0.0040622,,
0.4,0.02,0.025,-0.048636,0.050852,-0.0072127,,
0.4,0.025,0.025,-0.067255,0.051827,-0.0069534,,
0.4,0.03,0.025,-0.084903,0.047996,-0.0035453,,
0.4,0.035,0.025,-0.10021,0.040062,0.0026475,,
0.4,0.04,0.025,-0.11209,0.028889,0.011137,,
0.4,0.045,0.025,-0.11974,0.01543,0.021353,,
0.4,0.05,0.025,-0.12262,0.00070237,0.032634,,
0.4,0.055,0.025,-0.12051,-0.014221,0.04422,,
0.4,0.06,0.025,-0.11348,-0.028207,0.055269,,
0.4,0.065,0.025,-0.10193,-0.040073,0.064893,,
0.4,0.07,0.025,-0.086597,-0.048642,0.072209,,
0.4,0.075,0.025,-0.06862,-0.052831,0.076421,,
0.4,0.08,0.025,-0.049485,-0.051809,0.076958,,
0.4,0.085,0.025,-0.030972,-0.04519,0.073535,,
0.4,0.09,0.025,-0.01521,-0.033272,0.065425,,
0.4,0.095,0.025,-0.0048417,-0.017344,0.051626,,
0.4,0.1,0.025,0,0,0.043217,,
0.4,0,0.03,0,0,0.023137,,
0.4,0.005,0.03,-0.0059968,0.026136,0.013291,,
0.4,0.01,0.03,-0.018325,0.047759,-0.0024605,,
0.4,0.015,0.03,-0.036586,0.06283,-0.011124,,
0.4,0.02,0.03,-0.057607,0.07063,-0.014575,,
0.4,0.025,0.03,-0.079076,0.071336,-0.014112,,
0.4,0.03,0.03,-0.09921,0.065653,-0.010145,,
0.4,0.035,0.03,-0.11655,0.054592,-0.0031392,,
0.4,0.04,0.03,-0.12996,0.03932,0.0063555,,
0.4,0.045,0.03,-0.13863,0.021087,0.017742,,
0.4,0.05,0.03,-0.14202,0.0011936,0.030347,,
0.4,0.055,0.03,-0.13989,-0.018992,0.043395,,
0.4,0.06,0.03,-0.13225,-0.038023,0.056004,,
0.4,0.065,0.03,-0.11945,-0.054371,0.067204,,
0.4,0.07,0.03,-0.10222,-0.066473,0.075978,,
0.4,0.075,0.03,-0.081686,-0.072837,0.081338,,
0.4,0.08,0.03,-0.059467,-0.072231,0.082489,,
0.4,0.085,0.03,-0.037588,-0.063933,0.078912,,
0.4,0.09,0.03,-0.01864,-0.04803,0.069488,,
0.4,0.095,0.03,-0.005994,-0.025795,0.052783,,
0.4,0.1,0.03,0,0,0.042484,,
0.4,0,0.035,0,0,0.016119,,
0.4,0.005,0.035,-0.0070967,0.036112,0.0045904,,
0.4,0.01,0.035,-0.021512,0.064719,-0.013671,,
0.4,0.015,0.035,-0.042616,0.083914,-0.023341,,
0.4,0.02,0.035,-0.06658,0.093293,-0.026797,,
0.4,0.025,0.035,-0.09073,0.093438,-0.025724,,
0.4,0.03,0.035,-0.11312,0.085477,-0.020698,,
0.4,0.035,0.035,-0.13224,0.070817,-0.012297,,
0.4,0.04,0.035,-0.14699,0.050975,-0.00114,,
0.4,0.045,0.035,-0.15658,0.027502,0.012141,,
0.4,0.05,0.035,-0.16051,0.001971,0.026858,,
0.4,0.055,0.035,-0.1585,-0.023987,0.042212,,
0.4,0.06,0.035,-0.15053,-0.048636,0.057271,,
0.4,0.065,0.035,-0.13683,-0.070107,0.07096,,
0.4,0.07,0.035,-0.11802,-0.086423,0.082092,,
0.4,0.075,0.035,-0.095189,-0.095603,0.089433,,
0.4,0.08,0.035,-0.069997,-0.095877,0.0919,,
0.4,0.085,0.035,-0.044701,-0.086009,0.088671,,
0.4,0.09,0.035,-0.022391,-0.065687,0.078153,,
0.4,0.095,0.035,-0.007274,-0.03603,0.058429,,
0.4,0.1,0.035,0,0,0.046097,,
0.4,0,0.04,0,0,0.0025896,,
0.4,0.005,0.04,-0.0082862,0.047725,-0.010675,,
0.4,0.01,0.04,-0.024875,0.084245,-0.031405,,
0.4,0.015,0.04,-0.048823,0.10787,-0.041785,,
0.4,0.02,0.04,-0.075582,0.11868,-0.044772,,
0.4,0.025,0.04,-0.10211,0.11788,-0.042514,,
0.4,0.03,0.04,-0.12637,0.10717,-0.035792,,
0.4,0.035,0.04,-0.14686,0.08846,-0.025314,,
0.4,0.04,0.04,-0.1626,0.063658,-0.011775,,
0.4,0.045,0.04,-0.17291,0.034611,0.0041664,,
0.4,0.05,0.04,-0.17735,0.0031245,0.021818,,
0.4,0.055,0.04,-0.17565,-0.028965,0.040373,,
0.4,0.06,0.04,-0.1677,-0.05969,0.058855,,
0.4,0.065,0.04,-0.15359,-0.086877,0.076084,,
0.4,0.07,0.04,-0.13374,-0.10812,0.090676,,
0.4,0.075,0.04,-0.10907,-0.12088,0.1011,,
0.4,0.08,0.04,-0.081181,-0.12268,0.10589,,
0.4,0.085,0.04,-0.052494,-0.11154,0.10381,,
0.4,0.09,0.04,-0.026622,-0.086474,0.092643,,
0.4,0.095,0.04,-0.0087637,-0.048253,0.069818,,
0.4,0.1,0.04,0,0,0.055267,,
0.4,0,0.045,0,0,-0.01891,,
0.4,0.005,0.045,-0.0096233,0.061088,-0.033989,,
0.4,0.01,0.045,-0.028507,0.1064,-0.057105,,
0.4,0.015,0.045,-0.055265,0.13459,-0.067708,,
0.4,0.02,0.045,-0.084523,0.1465,-0.069514,,
0.4,0.025,0.045,-0.1129,0.14422,-0.065273,,
0.4,0.03,0.045,-0.13835,0.13022,-0.056039,,
0.4,0.035,0.045,-0.15954,0.10704,-0.042678,,
0.4,0.04,0.045,-0.17569,0.077012,-0.025962,,
0.4,0.045,0.045,-0.18633,0.04225,-0.0065526,,
0.4,0.05,0.045,-0.19118,0.0047222,0.014886,,
0.4,0.055,0.045,-0.18999,-0.033623,0.037578,,
0.4,0.06,0.045,-0.18255,-0.070685,0.06054,,
0.4,0.065,0.045,-0.16873,-0.10406,0.082508,,
0.4,0.07,0.045,-0.14866,-0.13095,0.1019,,
0.4,0.075,0.045,-0.12293,-0.14818,0.11682,,
0.4,0.08,0.045,-0.092915,-0.1524,0.12534,,
0.4,0.085,0.045,-0.06106,-0.14057,0.12564,,
0.4,0.09,0.045,-0.03148,-0.11066,0.11457,,
0.4,0.095,0.045,-0.010551,-0.062748,0.088658,,
0.4,0.1,0.045,0,0,0.071676,,
0.4,0,0.05,0,0,-0.050259,,
0.4,0.005,0.05,-0.011191,0.076368,-0.067248,,
0.4,0.01,0.05,-0.032525,0.13123,-0.092557,,
0.4,0.015,0.05,-0.061958,0.16384,-0.10259,,
0.4,0.02,0.05,-0.093164,0.17622,-0.10213,,
0.4,0.025,0.05,-0.1225,0.17169,-0.094782,,
0.4,0.03,0.05,-0.14806,0.15379,-0.081973,,
0.4,0.035,0.05,-0.16886,0.12577,-0.064762,,
0.4,0.04,0.05,-0.1845,0.090431,-0.043984,,
0.4,0.045,0.05,-0.19486,0.050094,-0.020267,,
0.4,0.05,0.05,-0.19987,0.0067781,0.0058181,,
0.4,0.055,0.05,-0.19936,-0.037592,0.033595,,
0.4,0.06,0.05,-0.19303,-0.080932,0.062145,,
0.4,0.065,0.05,-0.18049,-0.12075,0.090183,,
0.4,0.07,0.05,-0.16142,-0.15392,0.11595,,
0.4,0.075,0.05,-0.13589,-0.17664,0.13719,,
0.4,0.08,0.05,-0.1048,-0.18448,0.15136,,
0.4,0.085,0.05,-0.070365,-0.17298,0.15583,,
0.4,0.09,0.05,-0.037094,-0.13851,0.14614,,
0.4,0.095,0.05,-0.012744,-0.079871,0.11737,,
0.4,0.1,0.05,0,0,0.097755,,
0.4,0,0.055,0,0,-0.094031,,
0.4,0.005,0.055,-0.013128,0.093802,-0.113,,
0.4,0.01,0.055,-0.037093,0.15875,-0.14005,,
0.4,0.015,0.055,-0.068873,0.19517,-0.14815,,
0.4,0.02,0.055,-0.10106,0.2069,-0.14375,,
0.4,0.025,0.055,-0.1299,0.19906,-0.13168,,
0.4,0.03,0.055,-0.15392,0.17654,-0.11388,,
0.4,0.035,0.055,-0.17273,0.14344,-0.091641,,
0.4,0.04,0.055,-0.18653,0.10298,-0.065826,,
0.4,0.045,0.055,-0.19566,0.057594,-0.036951,,
0.4,0.05,0.055,-0.2004,0.0092104,-0.0054025,,
0.4,0.055,0.055,-0.2007,-0.040456,0.028355,,
0.4,0.06,0.055,-0.1962,-0.089538,0.063588,,
0.4,0.065,0.055,-0.1862,-0.13565,0.099105,,
0.4,0.07,0.055,-0.16983,-0.17554,0.13307,,
0.4,0.075,0.055,-0.1464,-0.20479,0.16286,,
0.4,0.08,0.055,-0.116,-0.21783,0.18527,,
0.4,0.085,0.055,-0.080177,-0.20829,0.19657,,
0.4,0.09,0.055,-0.043581,-0.17016,0.19036,,
0.4,0.095,0.055,-0.015494,-0.10005,0.15945,,
0.4,0.1,0.055,0,0,0.1371,,
0.4,0,0.06,0,0,-0.15401,,
0.4,0.005,0.06,-0.015674,0.11374,-0.1749,,
0.4,0.01,0.06,-0.042453,0.18888,-0.20261,,
0.4,0.015,0.06,-0.075881,0.22772,-0.20639,,
0.4,0.02,0.06,-0.1074,0.23704,-0.19538,,
0.4,0.025,0.06,-0.13351,0.22446,-0.17623,,
0.4,0.03,0.06,-0.15359,0.19654,-0.15155,,
0.4,0.035,0.06,-0.16819,0.1583,-0.12285,,
0.4,0.04,0.06,-0.17831,0.1133,-0.090934,,
0.4,0.045,0.06,-0.18494,0.063924,-0.056095,,
0.4,0.05,0.06,-0.18874,0.011797,-0.018386,,
0.4,0.055,0.06,-0.1899,-0.041783,0.022097,,
0.4,0.06,0.06,-0.188,-0.09541,0.064981,,
0.4,0.065,0.06,-0.18206,-0.14708,0.10936,,
0.4,0.07,0.06,-0.1706,-0.19368,0.1535,,
0.4,0.075,0.06,-0.15196,-0.23043,0.19456,,
0.4,0.08,0.06,-0.12495,-0.25055,0.22863,,
0.4,0.085,0.06,-0.089915,-0.24539,0.25062,,
0.4,0.09,0.06,-0.051015,-0.20551,0.25139,,
0.4,0.095,0.06,-0.019026,-0.12378,0.22005,,
0.4,0.1,0.06,0,0,0.19521,,
0.4,0,0.065,0,0,-0.2363,,
0.4,0.005,0.065,-0.019238,0.13671,-0.25853,,
0.4,0.01,0.065,-0.048907,0.22126,-0.28433,,
0.4,0.015,0.065,-0.08255,0.25995,-0.2795,,
0.4,0.02,0.065,-0.11068,0.26422,-0.25765,,
0.4,0.025,0.065,-0.13073,0.2451,-0.228,,
0.4,0.03,0.065,-0.14358,0.21109,-0.19393,,
0.4,0.035,0.065,-0.1511,0.16805,-0.15706,,
0.4,0.04,0.065,-0.15528,0.11964,-0.11796,,
0.4,0.045,0.065,-0.15782,0.067969,-0.076485,,
0.4,0.05,0.065,-0.15983,0.014142,-0.032163,,
0.4,0.055,0.065,-0.16173,-0.04119,0.015492,,
0.4,0.06,0.065,-0.16317,-0.097333,0.066704,,
0.4,0.065,0.065,-0.16295,-0.15299,0.12113,,
0.4,0.07,0.065,-0.15901,-0.20556,0.17745,,
0.4,0.075,0.065,-0.14864,-0.25033,0.23292,,
0.4,0.08,0.065,-0.129,-0.2796,0.28312,,
0.4,0.085,0.065,-0.098341,-0.28214,0.32143,,
0.4,0.09,0.065,-0.059331,-0.24392,0.33498,,
0.4,0.095,0.065,-0.023675,-0.1516,0.30707,,
0.4,0.1,0.065,0,0,0.28081,,
0.4,0,0.07,0,0,-0.35164,,
0.4,0.005,0.07,-0.024425,0.16342,-0.37306,,
0.4,0.01,0.07,-0.056613,0.25497,-0.39078,,
0.4,0.015,0.07,-0.08759,0.28915,-0.36956,,
0.4,0.02,0.07,-0.10789,0.28474,-0.33022,,
0.4,0.025,0.07,-0.11719,0.25712,-0.28525,,
0.4,0.03,0.07,-0.11863,0.21673,-0.23864,,
0.4,0.035,0.07,-0.11573,0.16987,-0.19173,,
0.4,0.04,0.07,-0.11152,0.11993,-0.14449,,
0.4,0.045,0.07,-0.10831,0.068415,-0.09604,,
0.4,0.05,0.07,-0.10757,0.015688,-0.045091,,
0.4,0.055,0.07,-0.10996,-0.03842,0.0096764,,
0.4,0.06,0.07,-0.11527,-0.094126,0.069366,,
0.4,0.065,0.07,-0.12227,-0.15113,0.13456,,
0.4,0.07,0.07,-0.12859,-0.20783,0.20484,,
0.4,0.075,0.07,-0.13059,-0.26023,0.27813,,
0.4,0.08,0.07,-0.12358,-0.30039,0.35007,,
0.4,0.085,0.07,-0.10289,-0.31479,0.41283,,
0.4,0.09,0.07,-0.06799,-0.28368,0.44897,,
0.4,0.095,0.07,-0.029851,-0.18399,0.43296,,
0.4,0.1,0.07,0,0,0.40861,,
0.4,0,0.075,0,0,-0.51992,,
0.4,0.005,0.075,-0.031835,0.1946,-0.53406,,
0.4,0.01,0.075,-0.064777,0.28771,-0.52936,,
0.4,0.015,0.075,-0.087448,0.31058,-0.47775,,
0.4,0.02,0.075,-0.093042,0.29312,-0.41083,,
0.4,0.025,0.075,-0.085445,0.25552,-0.34419,,
0.4,0.03,0.075,-0.070826,0.20943,-0.28144,,
0.4,0.035,0.075,-0.054317,0.16081,-0.22282,,
0.4,0.04,0.075,-0.03967,0.11216,-0.16701,,
0.4,0.045,0.075,-0.029435,0.063998,-0.11187,,
0.4,0.05,0.075,-0.025186,0.01581,-0.054997,,
0.4,0.055,0.075,-0.027695,-0.033443,0.006051,,
0.4,0.06,0.075,-0.036965,-0.084928,0.073551,,
0.4,0.065,0.075,-0.052066,-0.1395,0.14942,,
0.4,0.07,0.075,-0.070788,-0.19702,0.23479,,
0.4,0.075,0.075,-0.089164,-0.25501,0.32921,,
0.4,0.08,0.075,-0.10102,-0.30656,0.42966,,
0.4,0.085,0.075,-0.098285,-0.33712,0.52828,,
0.4,0.09,0.075,-0.074981,-0.32104,0.60348,,
0.4,0.095,0.075,-0.037665,-0.221,0.61756,,
0.4,0.1,0.075,0,0,0.6039,,
0.4,0,0.08,0,0,-0.77822,,
0.4,0.005,0.08,-0.040885,0.23057,-0.76792,,
0.4,0.01,0.08,-0.069164,0.314,-0.70891,,
0.4,0.015,0.08,-0.073069,0.31599,-0.60314,,
0.4,0.02,0.08,-0.05421,0.28164,-0.49444,,
0.4,0.025,0.08,-0.023014,0.23445,-0.39848,,
0.4,0.03,0.08,0.011457,0.18537,-0.31624,,
0.4,0.035,0.08,0.043306,0.13861,-0.24509,,
0.4,0.04,0.08,0.068957,0.095039,-0.1813,,
0.4,0.045,0.08,0.086324,0.053972,-0.12083,,
0.4,0.05,0.08,0.094209,0.014023,-0.059742,,
0.4,0.055,0.08,0.091947,-0.026533,0.0057305,,
0.4,0.06,0.08,0.07929,-0.069596,0.079284,,
0.4,0.065,0.08,0.05654,-0.11706,0.16457,,
0.4,0.07,0.08,0.025006,-0.17037,0.26503,,
0.4,0.075,0.08,-0.01215,-0.2294,0.38327,,
0.4,0.08,0.08,-0.048638,-0.29001,0.51981,,
0.4,0.085,0.08,-0.07378,-0.33937,0.66954,,
0.4,0.09,0.08,-0.07427,-0.34843,0.81029,,
0.4,0.095,0.08,-0.04547,-0.26156,0.89199,,
0.4,0.1,0.08,0,0,0.90995,,
0.4,0,0.085,0,0,-1.2062,,
0.4,0.005,0.085,-0.045429,0.26861,-1.1244,,
0.4,0.01,0.085,-0.055473,0.32135,-0.93684,,
0.4,0.015,0.085,-0.023202,0.29185,-0.73789,,
0.4,0.02,0.085,0.031115,0.24067,-0.57025,,
0.4,0.025,0.085,0.090056,0.18873,-0.43797,,
0.4,0.03,0.085,0.1443,0.14255,-0.33478,,
0.4,0.035,0.085,0.18945,0.10307,-0.2525,,
0.4,0.04,0.085,0.22358,0.069079,-0.18329,,
0.4,0.045,0.085,0.24601,0.038791,-0.12043,,
0.4,0.05,0.085,0.25646,0.010301,-0.058238,,
0.4,0.055,0.085,0.25464,-0.01834,0.00847,,
0.4,0.06,0.085,0.24011,-0.049232,0.084844,,
0.4,0.065,0.085,0.21232,-0.08475,0.1765,,
0.4,0.07,0.085,0.17098,-0.12753,0.28996,,
0.4,0.075,0.085,0.11696,-0.17997,0.43272,,
0.4,0.08,0.085,0.054015,-0.24225,0.61203,,
0.4,0.085,0.085,-0.0081994,-0.30765,0.83099,,
0.4,0.09,0.085,-0.049898,-0.35112,1.0798,,
0.4,0.095,0.085,-0.045274,-0.3003,1.3116,,
0.4,0.1,0.085,0,0,1.4138,,
0.4,0,0.09,0,0,-2.008,,
0.4,0.005,0.09,-0.015656,0.28794,-1.7133,,
0.4,0.01,0.09,0.019016,0.28555,-1.2005,,
0.4,0.015,0.09,0.10803,0.22377,-0.84182,,
0.4,0.02,0.09,0.20174,0.16593,-0.60385,,
0.4,0.025,0.09,0.28233,0.12033,-0.43817,,
0.4,0.03,0.09,0.34711,0.085701,-0.32105,,
0.4,0.035,0.09,0.39655,0.059343,-0.23537,,
0.4,0.04,0.09,0.43185,0.038573,-0.1678,,
0.4,0.045,0.09,0.45426,0.021204,-0.10877,,
0.4,0.05,0.09,0.46463,0.0054938,-0.051159,,
0.4,0.055,0.09,0.46319,-0.0101,0.011105,,
0.4,0.06,0.09,0.44944,-0.027186,0.084104,,
0.4,0.065,0.09,0.42214,-0.047754,0.17501,,
0.4,0.07,0.09,0.37928,-0.074522,0.29345,,
0.4,0.075,0.09,0.31852,-0.11119,0.45315,,
0.4,0.08,0.09,0.23795,-0.16206,0.67209,,
0.4,0.085,0.09,0.13883,-0.22967,0.9734,,
0.4,0.09,0.09,0.039182,-0.30395,1.4027,,
0.4,0.095,0.09,-0.0058817,-0.31197,1.9923,,
0.4,0.1,0.09,0,0,2.3272,,
0.4,0,0.095,0,0,-3.4532,,
0.4,0.005,0.095,0.18094,0.21261,-2.6454,,
0.4,0.01,0.095,0.27814,0.17738,-1.4233,,
0.4,0.015,0.095,0.40886,0.11857,-0.82302,,
0.4,0.02,0.095,0.5118,0.07749,-0.53193,,
0.4,0.025,0.095,0.58394,0.050944,-0.36146,,
0.4,0.03,0.095,0.63494,0.033617,-0.25422,,
0.4,0.035,0.095,0.67076,0.021961,-0.183,,
0.4,0.04,0.095,0.69492,0.013655,-0.13025,,
0.4,0.045,0.095,0.70963,0.007215,-0.085184,,
0.4,0.05,0.095,0.71618,0.0016601,-0.040752,,
0.4,0.055,0.095,0.71503,-0.0037635,0.0086364,,
0.4,0.06,0.095,0.70585,-0.0098115,0.068572,,
0.4,0.065,0.095,0.6874,-0.017486,0.14609,,
0.4,0.07,0.095,0.65728,-0.028388,0.25194,,
0.4,0.075,0.095,0.6115,-0.045237,0.40433,,
0.4,0.08,0.095,0.54311,-0.072545,0.63368,,
0.4,0.085,0.095,0.44041,-0.11702,1.0017,,
0.4,0.09,0.095,0.30359,-0.18214,1.6963,,
0.4,0.095,0.095,0.19606,-0.22225,3.0239,,
0.4,0.1,0.095,0,0,3.8864,,
0.4,0,0.1,0.5,0,-4.3667,,
0.4,0.005,0.1,1,0,-3.2056,,
0.4,0.01,0.1,1,0,-1.5091,,
0.4,0.015,0.1,1,0,-0.76836,,
0.4,0.02,0.1,1,0,-0.46051,,
0.4,0.025,0.1,1,0,-0.29899,,
0.4,0.03,0.1,1,0,-0.20513,,
0.4,0.035,0.1,1,0,-0.14695,,
0.4,0.04,0.1,1,0,-0.10563,,
0.4,0.045,0.1,1,0,-0.070491,,
0.4,0.05,0.1,1,0,-0.035077,,
0.4,0.055,0.1,1,0,0.0055085,,
0.4,0.06,0.1,1,0,0.05614,,
0.4,0.065,0.1,1,0,0.12317,,
0.4,0.07,0.1,1,0,0.21708,,
0.4,0.075,0.1,1,0,0.35726,,
0.4,0.08,0.1,1,0,0.58016,,
0.4,0.085,0.1,1,0,0.97197,,
0.4,0.09,0.1,1,0,1.8184,,
0.4,0.095,0.1,1,0,3.6298,,
0.4,0.1,0.1,0.5,0,4.8485,,
0.4,0,0,0,0,4.28E-06,,0.01
0.4,0.005,0,0,0,-0.0029091,,0.01
0.4,0.01,0,0,0,-0.0093911,,0.01
0.4,0.015,0,0,0,-0.015686,,0.01
0.4,0.02,0,0,0,-0.019421,,0.01
0.4,0.025,0,0,0,-0.019332,,0.01
0.4,0.03,0,0,0,-0.015003,,0.01
0.4,0.035,0,0,0,-0.0066261,,0.01
0.4,0.04,0,0,0,0.0051792,,0.01
0.4,0.045,0,0,0,0.019495,,0.01
0.4,0.05,0,0,0,0.035198,,0.01
0.4,0.055,0,0,0,0.051035,,0.01
0.4,0.06,0,0,0,0.065702,,0.01
0.4,0.065,0,0,0,0.077944,,0.01
0.4,0.07,0,0,0,0.086681,,0.01
0.4,0.075,0,0,0,0.091161,,0.01
0.4,0.08,0,0,0,0.091147,,0.01
0.4,0.085,0,0,0,0.087136,,0.01
0.4,0.09,0,0,0,0.080564,,0.01
0.4,0.095,0,0,0,0.073976,,0.01
0.4,0.1,0,0,0,0.071069,,0.01
0.4,0,0.005,0,0,0.0028937,,0.01
0.4,0.005,0.005,-0.00032362,0.00033411,-6.27E-05,,0.01
0.4,0.01,0.005,-0.0020851,0.0014846,-0.0061999,,0.01
0.4,0.015,0.005,-0.0055176,0.0025255,-0.011678,,0.01
0.4,0.02,0.005,-0.010118,0.0031773,-0.014744,,0.01
0.4,0.025,0.005,-0.015285,0.0034028,-0.014423,,0.01
0.4,0.03,0.005,-0.020436,0.0032379,-0.010351,,0.01
0.4,0.035,0.005,-0.025047,0.0027457,-0.0026858,,0.01
0.4,0.04,0.005,-0.028687,0.0019989,0.0080349,,0.01
0.4,0.045,0.005,-0.031036,0.0010735,0.021002,,0.01
0.4,0.05,0.005,-0.031885,4.83E-05,0.035215,,0.01
0.4,0.055,0.005,-0.03115,-0.00099351,0.049552,,0.01
0.4,0.06,0.005,-0.028875,-0.0019624,0.062845,,0.01
0.4,0.065,0.005,-0.025241,-0.0027634,0.073972,,0.01
0.4,0.07,0.005,-0.020567,-0.0032994,0.081974,,0.01
0.4,0.075,0.005,-0.015313,-0.0034793,0.08619,,0.01
0.4,0.08,0.005,-0.010045,-0.003233,0.086423,,0.01
0.4,0.085,0.005,-0.0053919,-0.0025347,0.083102,,0.01
0.4,0.09,0.005,-0.0019742,-0.0014489,0.077365,,0.01
0.4,0.095,0.005,-0.00026785,-0.00028992,0.071137,,0.01
0.4,0.1,0.005,0,0,0.068195,,0.01
0.4,0,0.01,0,0,0.00956,,0.01
0.4,0.005,0.01,-0.0014823,0.0020759,0.0059849,,0.01
0.4,0.01,0.01,-0.0054014,0.0053059,-0.0004937,,0.01
0.4,0.015,0.01,-0.011998,0.0080713,-0.0051889,,0.01
0.4,0.02,0.01,-0.020343,0.0097833,-0.007457,,0.01
0.4,0.025,0.01,-0.029471,0.010322,-0.0068897,,0.01
0.4,0.03,0.01,-0.038454,0.0097569,-0.0032637,,0.01
0.4,0.035,0.01,-0.046442,0.0082443,0.0032858,,0.01
0.4,0.04,0.01,-0.052723,0.0059848,0.012329,,0.01
0.4,0.045,0.01,-0.056763,0.0031989,0.023218,,0.01
0.4,0.05,0.01,-0.058217,0.0001215,0.035146,,0.01
0.4,0.055,0.01,-0.056946,-0.0029982,0.047194,,0.01
0.4,0.06,0.01,-0.053027,-0.0058953,0.058404,,0.01
0.4,0.065,0.01,-0.046763,-0.0082938,0.067852,,0.01
0.4,0.07,0.01,-0.038687,-0.0099194,0.074745,,0.01
0.4,0.075,0.01,-0.029546,-0.010525,0.078532,,0.01
0.4,0.08,0.01,-0.020257,-0.0099356,0.07903,,0.01
0.4,0.085,0.01,-0.011819,-0.008105,0.076517,,0.01
0.4,0.09,0.01,-0.0052298,-0.0052198,0.071557,,0.01
0.4,0.095,0.01,-0.0013903,-0.0019579,0.064985,,0.01
0.4,0.1,0.01,0,0,0.061429,,0.01
0.4,0,0.015,0,0,0.016739,,0.01
0.4,0.005,0.015,-0.002715,0.0056323,0.011803,,0.01
0.4,0.01,0.015,-0.0088237,0.012026,0.003492,,0.01
0.4,0.015,0.015,-0.018451,0.017188,-0.0017132,,0.01
0.4,0.02,0.015,-0.030166,0.020288,-0.0040195,,0.01
0.4,0.025,0.015,-0.04269,0.021131,-0.0035339,,0.01
0.4,0.03,0.015,-0.054845,0.019836,-0.00020177,,0.01
0.4,0.035,0.015,-0.065563,0.016694,0.0057885,,0.01
0.4,0.04,0.015,-0.07395,0.012087,0.014026,,0.01
0.4,0.045,0.015,-0.079333,0.0064455,0.023933,,0.01
0.4,0.05,0.015,-0.08128,0.00023233,0.034802,,0.01
0.4,0.055,0.015,-0.079613,-0.0060594,0.045822,,0.01
0.4,0.06,0.015,-0.074426,-0.011909,0.056133,,0.01
0.4,0.065,0.015,-0.066095,-0.016778,0.06489,,0.01
0.4,0.07,0.015,-0.055281,-0.020138,0.071342,,0.01
0.4,0.075,0.015,-0.04292,-0.02152,0.074924,,0.01
0.4,0.08,0.015,-0.030165,-0.020596,0.075373,,0.01
0.4,0.085,0.015,-0.018286,-0.017282,0.072789,,0.01
0.4,0.09,0.015,-0.008628,-0.011888,0.06724,,0.01
0.4,0.095,0.015,-0.0025981,-0.0054133,0.058764,,0.01
0.4,0.1,0.015,0,0,0.053822,,0.01
0.4,0,0.02,0,0,0.022322,,0.01
0.4,0.005,0.02,-0.0038588,0.010883,0.015779,,0.01
0.4,0.01,0.02,-0.012084,0.021402,0.0050729,,0.01
0.4,0.015,0.02,-0.024641,0.029434,-0.0012081,,0.01
0.4,0.02,0.02,-0.039547,0.034048,-0.003918,,0.01
0.4,0.025,0.02,-0.055194,0.035055,-0.0036022,,0.01
0.4,0.03,0.02,-0.070191,0.03268,-0.00036965,,0.01
0.4,0.035,0.02,-0.083304,0.027389,0.0055083,,0.01
0.4,0.04,0.02,-0.093517,0.019785,0.013592,,0.01
0.4,0.045,0.02,-0.10007,0.010548,0.023323,,0.01
0.4,0.05,0.02,-0.10248,0.00040755,0.034032,,0.01
0.4,0.055,0.02,-0.10053,-0.0098603,0.044952,,0.01
0.4,0.06,0.02,-0.094326,-0.019437,0.055253,,0.01
0.4,0.065,0.02,-0.08426,-0.027477,0.064092,,0.01
0.4,0.07,0.02,-0.071069,-0.033146,0.070679,,0.01
0.4,0.075,0.02,-0.055809,-0.035702,0.074359,,0.01
0.4,0.08,0.02,-0.039818,-0.034603,0.074735,,0.01
0.4,0.085,0.02,-0.024618,-0.029666,0.071722,,0.01
0.4,0.09,0.02,-0.011926,-0.021251,0.064971,,0.01
0.4,0.095,0.02,-0.0037353,-0.010561,0.053945,,0.01
0.4,0.1,0.02,0,0,0.047323,,0.01
0.4,0,0.025,0,0,0.024841,,0.01
0.4,0.005,0.025,-0.0049353,0.017731,0.016652,,0.01
0.4,0.01,0.025,-0.015218,0.033324,0.0034294,,0.01
0.4,0.015,0.025,-0.030639,0.044661,-0.0040622,,0.01
0.4,0.02,0.025,-0.048636,0.050852,-0.0072127,,0.01
0.4,0.025,0.025,-0.067255,0.051827,-0.0069534,,0.01
0.4,0.03,0.025,-0.084903,0.047996,-0.0035453,,0.01
0.4,0.035,0.025,-0.10021,0.040062,0.0026475,,0.01
0.4,0.04,0.025,-0.11209,0.028889,0.011137,,0.01
0.4,0.045,0.025,-0.11974,0.01543,0.021353,,0.01
0.4,0.05,0.025,-0.12262,0.00070237,0.032634,,0.01
0.4,0.055,0.025,-0.12051,-0.014221,0.04422,,0.01
0.4,0.06,0.025,-0.11348,-0.028207,0.055269,,0.01
0.4,0.065,0.025,-0.10193,-0.040073,0.064893,,0.01
0.4,0.07,0.025,-0.086597,-0.048642,0.072209,,0.01
0.4,0.075,0.025,-0.06862,-0.052831,0.076421,,0.01
0.4,0.08,0.025,-0.049485,-0.051809,0.076958,,0.01
0.4,0.085,0.025,-0.030972,-0.04519,0.073535,,0.01
0.4,0.09,0.025,-0.01521,-0.033272,0.065425,,0.01
0.4,0.095,0.025,-0.0048417,-0.017344,0.051626,,0.01
0.4,0.1,0.025,0,0,0.043217,,0.01
0.4,0,0.03,0,0,0.023137,,0.01
0.4,0.005,0.03,-0.0059968,0.026136,0.013291,,0.01
0.4,0.01,0.03,-0.018325,0.047759,-0.0024605,,0.01
0.4,0.015,0.03,-0.036586,0.06283,-0.011124,,0.01
0.4,0.02,0.03,-0.057607,0.07063,-0.014575,,0.01
0.4,0.025,0.03,-0.079076,0.071336,-0.014112,,0.01
0.4,0.03,0.03,-0.09921,0.065653,-0.010145,,0.01
0.4,0.035,0.03,-0.11655,0.054592,-0.0031392,,0.01
0.4,0.04,0.03,-0.12996,0.03932,0.0063555,,0.01
0.4,0.045,0.03,-0.13863,0.021087,0.017742,,0.01
0.4,0.05,0.03,-0.14202,0.0011936,0.030347,,0.01
0.4,0.055,0.03,-0.13989,-0.018992,0.043395,,0.01
0.4,0.06,0.03,-0.13225,-0.038023,0.056004,,0.01
0.4,0.065,0.03,-0.11945,-0.054371,0.067204,,0.01
0.4,0.07,0.03,-0.10222,-0.066473,0.075978,,0.01
0.4,0.075,0.03,-0.081686,-0.072837,0.081338,,0.01
0.4,0.08,0.03,-0.059467,-0.072231,0.082489,,0.01
0.4,0.085,0.03,-0.037588,-0.063933,0.078912,,0.01
0.4,0.09,0.03,-0.01864,-0.04803,0.069488,,0.01
0.4,0.095,0.03,-0.005994,-0.025795,0.052783,,0.01
0.4,0.1,0.03,0,0,0.042484,,0.01
0.4,0,0.035,0,0,0.016119,,0.01
0.4,0.005,0.035,-0.0070967,0.036112,0.0045904,,0.01
0.4,0.01,0.035,-0.021512,0.064719,-0.013671,,0.01
0.4,0.015,0.035,-0.042616,0.083914,-0.023341,,0.01
0.4,0.02,0.035,-0.06658,0.093293,-0.026797,,0.01
0.4,0.025,0.035,-0.09073,0.093438,-0.025724,,0.01
0.4,0.03,0.035,-0.11312,0.085477,-0.020698,,0.01
0.4,0.035,0.035,-0.13224,0.070817,-0.012297,,0.01
0.4,0.04,0.035,-0.14699,0.050975,-0.00114,,0.01
0.4,0.045,0.035,-0.15658,0.027502,0.012141,,0.01
0.4,0.05,0.035,-0.16051,0.001971,0.026858,,0.01
0.4,0.055,0.035,-0.1585,-0.023987,0.042212,,0.01
0.4,0.06,0.035,-0.15053,-0.048636,0.057271,,0.01
0.4,0.065,0.035,-0.13683,-0.070107,0.07096,,0.01
0.4,0.07,0.035,-0.11802,-0.086423,0.082092,,0.01
0.4,0.075,0.035,-0.095189,-0.095603,0.089433,,0.01
0.4,0.08,0.035,-0.069997,-0.095877,0.0919,,0.01
0.4,0.085,0.035,-0.044701,-0.086009,0.088671,,0.01
0.4,0.09,0.035,-0.022391,-0.065687,0.078153,,0.01
0.4,0.095,0.035,-0.007274,-0.03603,0.058429,,0.01
0.4,0.1,0.035,0,0,0.046097,,0.01
0.4,0,0.04,0,0,0.0025896,,0.01
0.4,0.005,0.04,-0.0082862,0.047725,-0.010675,,0.01
0.4,0.01,0.04,-0.024875,0.084245,-0.031405,,0.01
0.4,0.015,0.04,-0.048823,0.10787,-0.041785,,0.01
0.4,0.02,0.04,-0.075582,0.11868,-0.044772,,0.01
0.4,0.025,0.04,-0.10211,0.11788,-0.042514,,0.01
0.4,0.03,0.04,-0.12637,0.10717,-0.035792,,0.01
0.4,0.035,0.04,-0.14686,0.08846,-0.025314,,0.01
0.4,0.04,0.04,-0.1626,0.063658,-0.011775,,0.01
0.4,0.045,0.04,-0.17291,0.034611,0.0041664,,0.01
0.4,0.05,0.04,-0.17735,0.0031245,0.021818,,0.01
0.4,0.055,0.04,-0.17565,-0.028965,0.040373,,0.01
0.4,0.06,0.04,-0.1677,-0.05969,0.058855,,0.01
0.4,0.065,0.04,-0.15359,-0.086877,0.076084,,0.01
0.4,0.07,0.04,-0.13374,-0.10812,0.090676,,0.01
0.4,0.075,0.04,-0.10907,-0.12088,0.1011,,0.01
0.4,0.08,0.04,-0.081181,-0.12268,0.10589,,0.01
0.4,0.085,0.04,-0.052494,-0.11154,0.10381,,0.01
0.4,0.09,0.04,-0.026622,-0.086474,0.092643,,0.01
0.4,0.095,0.04,-0.0087637,-0.048253,0.069818,,0.01
0.4,0.1,0.04,0,0,0.055267,,0.01
0.4,0,0.045,0,0,-0.01891,,0.01
0.4,0.005,0.045,-0.0096233,0.061088,-0.033989,,0.01
0.4,0.01,0.045,-0.028507,0.1064,-0.057105,,0.01
0.4,0.015,0.045,-0.055265,0.13459,-0.067708,,0.01
0.4,0.02,0.045,-0.084523,0.1465,-0.069514,,0.01
0.4,0.025,0.045,-0.1129,0.14422,-0.065273,,0.01
0.4,0.03,0.045,-0.13835,0.13022,-0.056039,,0.01
0.4,0.035,0.045,-0.15954,0.10704,-0.042678,,0.01
0.4,0.04,0.045,-0.17569,0.077012,-0.025962,,0.01
0.4,0.045,0.045,-0.18633,0.04225,-0.0065526,,0.01
0.4,0.05,0.045,-0.19118,0.0047222,0.014886,,0.01
0.4,0.055,0.045,-0.18999,-0.033623,0.037578,,0.01
0.4,0.06,0.045,-0.18255,-0.070685,0.06054,,0.01
0.4,0.065,0.045,-0.16873,-0.10406,0.082508,,0.01
0.4,0.07,0.045,-0.14866,-0.13095,0.1019,,0.01
0.4,0.075,0.045,-0.12293,-0.14818,0.11682,,0.01
0.4,0.08,0.045,-0.092915,-0.1524,0.12534,,0.01
0.4,0.085,0.045,-0.06106,-0.14057,0.12564,,0.01
0.4,0.09,0.045,-0.03148,-0.11066,0.11457,,0.01
0.4,0.095,0.045,-0.010551,-0.062748,0.088658,,0.01
0.4,0.1,0.045,0,0,0.071676,,0.01
0.4,0,0.05,0,0,-0.050259,,0.01
0.4,0.005,0.05,-0.011191,0.076368,-0.067248,,0.01
0.4,0.01,0.05,-0.032525,0.13123,-0.092557,,0.01
0.4,0.015,0.05,-0.061958,0.16384,-0.10259,,0.01
0.4,0.02,0.05,-0.093164,0.17622,-0.10213,,0.01
0.4,0.025,0.05,-0.1225,0.17169,-0.094782,,0.01
0.4,0.03,0.05,-0.14806,0.15379,-0.081973,,0.01
0.4,0.035,0.05,-0.16886,0.12577,-0.064762,,0.01
0.4,0.04,0.05,-0.1845,0.090431,-0.043984,,0.01
0.4,0.045,0.05,-0.19486,0.050094,-0.020267,,0.01
0.4,0.05,0.05,-0.19987,0.0067781,0.0058181,,0.01
0.4,0.055,0.05,-0.19936,-0.037592,0.033595,,0.01
0.4,0.06,0.05,-0.19303,-0.080932,0.062145,,0.01
0.4,0.065,0.05,-0.18049,-0.12075,0.090183,,0.01
0.4,0.07,0.05,-0.16142,-0.15392,0.11595,,0.01
0.4,0.075,0.05,-0.13589,-0.17664,0.13719,,0.01
0.4,0.08,0.05,-0.1048,-0.18448,0.15136,,0.01
0.4,0.085,0.05,-0.070365,-0.17298,0.15583,,0.01
0.4,0.09,0.05,-0.037094,-0.13851,0.14614,,0.01
0.4,0.095,0.05,-0.012744,-0.079871,0.11737,,0.01
0.4,0.1,0.05,0,0,0.097755,,0.01
0.4,0,0.055,0,0,-0.094031,,0.01
0.4,0.005,0.055,-0.013128,0.093802,-0.113,,0.01
0.4,0.01,0.055,-0.037093,0.15875,-0.14005,,0.01
0.4,0.015,0.055,-0.068873,0.19517,-0.14815,,0.01
0.4,0.02,0.055,-0.10106,0.2069,-0.14375,,0.01
0.4,0.025,0.055,-0.1299,0.19906,-0.13168,,0.01
0.4,0.03,0.055,-0.15392,0.17654,-0.11388,,0.01
0.4,0.035,0.055,-0.17273,0.14344,-0.091641,,0.01
0.4,0.04,0.055,-0.18653,0.10298,-0.065826,,0.01
0.4,0.045,0.055,-0.19566,0.057594,-0.036951,,0.01
0.4,0.05,0.055,-0.2004,0.0092104,-0.0054025,,0.01
0.4,0.055,0.055,-0.2007,-0.040456,0.028355,,0.01
0.4,0.06,0.055,-0.1962,-0.089538,0.063588,,0.01
0.4,0.065,0.055,-0.1862,-0.13565,0.099105,,0.01
0.4,0.07,0.055,-0.16983,-0.17554,0.13307,,0.01
0.4,0.075,0.055,-0.1464,-0.20479,0.16286,,0.01
0.4,0.08,0.055,-0.116,-0.21783,0.18527,,0.01
0.4,0.085,0.055,-0.080177,-0.20829,0.19657,,0.01
0.4,0.09,0.055,-0.043581,-0.17016,0.19036,,0.01
0.4,0.095,0.055,-0.015494,-0.10005,0.15945,,0.01
0.4,0.1,0.055,0,0,0.1371,,0.01
0.4,0,0.06,0,0,-0.15401,,0.01
0.4,0.005,0.06,-0.015674,0.11374,-0.1749,,0.01
0.4,0.01,0.06,-0.042453,0.18888,-0.20261,,0.01
0.4,0.015,0.06,-0.075881,0.22772,-0.20639,,0.01
0.4,0.02,0.06,-0.1074,0.23704,-0.19538,,0.01
0.4,0.025,0.06,-0.13351,0.22446,-0.17623,,0.01
0.4,0.03,0.06,-0.15359,0.19654,-0.15155,,0.01
0.4,0.035,0.06,-0.16819,0.1583,-0.12285,,0.01
0.4,0.04,0.06,-0.17831,0.1133,-0.090934,,0.01
0.4,0.045,0.06,-0.18494,0.063924,-0.056095,,0.01
0.4,0.05,0.06,-0.18874,0.011797,-0.018386,,0.01
0.4,0.055,0.06,-0.1899,-0.041783,0.022097,,0.01
0.4,0.06,0.06,-0.188,-0.09541,0.064981,,0.01
0.4,0.065,0.06,-0.18206,-0.14708,0.10936,,0.01
0.4,0.07,0.06,-0.1706,-0.19368,0.1535,,0.01
0.4,0.075,0.06,-0.15196,-0.23043,0.19456,,0.01
0.4,0.08,0.06,-0.12495,-0.25055,0.22863,,0.01
0.4,0.085,0.06,-0.089915,-0.24539,0.25062,,0.01
0.4,0.09,0.06,-0.051015,-0.20551,0.25139,,0.01
0.4,0.095,0.06,-0.019026,-0.12378,0.22005,,0.01
0.4,0.1,0.06,0,0,0.19521,,0.01
0.4,0,0.065,0,0,-0.2363,,0.01
0.4,0.005,0.065,-0.019238,0.13671,-0.25853,,0.01
0.4,0.01,0.065,-0.048907,0.22126,-0.28433,,0.01
0.4,0.015,0.065,-0.08255,0.25995,-0.2795,,0.01
0.4,0.02,0.065,-0.11068,0.26422,-0.25765,,0.01
0.4,0.025,0.065,-0.13073,0.2451,-0.228,,0.01
0.4,0.03,0.065,-0.14358,0.21109,-0.19393,,0.01
0.4,0.035,0.065,-0.1511,0.16805,-0.15706,,0.01
0.4,0.04,0.065,-0.15528,0.11964,-0.11796,,0.01
0.4,0.045,0.065,-0.15782,0.067969,-0.076485,,0.01
0.4,0.05,0.065,-0.15983,0.014142,-0.032163,,0.01
0.4,0.055,0.065,-0.16173,-0.04119,0.015492,,0.01
0.4,0.06,0.065,-0.16317,-0.097333,0.066704,,0.01
0.4,0.065,0.065,-0.16295,-0.15299,0.12113,,0.01
0.4,0.07,0.065,-0.15901,-0.20556,0.17745,,0.01
0.4,0.075,0.065,-0.14864,-0.25033,0.23292,,0.01
0.4,0.08,0.065,-0.129,-0.2796,0.28312,,0.01
0.4,0.085,0.065,-0.098341,-0.28214,0.32143,,0.01
0.4,0.09,0.065,-0.059331,-0.24392,0.33498,,0.01
0.4,0.095,0.065,-0.023675,-0.1516,0.30707,,0.01
0.4,0.1,0.065,0,0,0.28081,,0.01
0.4,0,0.07,0,0,-0.35164,,0.01
0.4,0.005,0.07,-0.024425,0.16342,-0.37306,,0.01
0.4,0.01,0.07,-0.056613,0.25497,-0.39078,,0.01
0.4,0.015,0.07,-0.08759,0.28915,-0.36956,,0.01
0.4,0.02,0.07,-0.10789,0.28474,-0.33022,,0.01
0.4,0.025,0.07,-0.11719,0.25712,-0.28525,,0.01
0.4,0.03,0.07,-0.11863,0.21673,-0.23864,,0.01
0.4,0.035,0.07,-0.11573,0.16987,-0.19173,,0.01
0.4,0.04,0.07,-0.11152,0.11993,-0.14449,,0.01
0.4,0.045,0.07,-0.10831,0.068415,-0.09604,,0.01
0.4,0.05,0.07,-0.10757,0.015688,-0.045091,,0.01
0.4,0.055,0.07,-0.10996,-0.03842,0.0096764,,0.01
0.4,0.06,0.07,-0.11527,-0.094126,0.069366,,0.01
0.4,0.065,0.07,-0.12227,-0.15113,0.13456,,0.01
0.4,0.07,0.07,-0.12859,-0.20783,0.20484,,0.01
0.4,0.075,0.07,-0.13059,-0.26023,0.27813,,0.01
0.4,0.08,0.07,-0.12358,-0.30039,0.35007,,0.01
0.4,0.085,0.07,-0.10289,-0.31479,0.41283,,0.01
0.4,0.09,0.07,-0.06799,-0.28368,0.44897,,0.01
0.4,0.095,0.07,-0.029851,-0.18399,0.43296,,0.01
0.4,0.1,0.07,0,0,0.40861,,0.01
0.4,0,0.075,0,0,-0.51992,,0.01
0.4,0.005,0.075,-0.031835,0.1946,-0.53406,,0.01
0.4,0.01,0.075,-0.064777,0.28771,-0.52936,,0.01
0.4,0.015,0.075,-0.087448,0.31058,-0.47775,,0.01
0.4,0.02,0.075,-0.093042,0.29312,-0.41083,,0.01
0.4,0.025,0.075,-0.085445,0.25552,-0.34419,,0.01
0.4,0.03,0.075,-0.070826,0.20943,-0.28144,,0.01
0.4,0.035,0.075,-0.054317,0.16081,-0.22282,,0.01
0.4,0.04,0.075,-0.03967,0.11216,-0.16701,,0.01
0.4,0.045,0.075,-0.029435,0.063998,-0.11187,,0.01
0.4,0.05,0.075,-0.025186,0.01581,-0.054997,,0.01
0.4,0.055,0.075,-0.027695,-0.033443,0.006051,,0.01
0.4,0.06,0.075,-0.036965,-0.084928,0.073551,,0.01
0.4,0.065,0.075,-0.052066,-0.1395,0.14942,,0.01
0.4,0.07,0.075,-0.070788,-0.19702,0.23479,,0.01
0.4,0.075,0.075,-0.089164,-0.25501,0.32921,,0.01
0.4,0.08,0.075,-0.10102,-0.30656,0.42966,,0.01
0.4,0.085,0.075,-0.098285,-0.33712,0.52828,,0.01
0.4,0.09,0.075,-0.074981,-0.32104,0.60348,,0.01
0.4,0.095,0.075,-0.037665,-0.221,0.61756,,0.01
0.4,0.1,0.075,0,0,0.6039,,0.01
0.4,0,0.08,0,0,-0.77822,,0.01
0.4,0.005,0.08,-0.040885,0.23057,-0.76792,,0.01
0.4,0.01,0.08,-0.069164,0.314,-0.70891,,0.01
0.4,0.015,0.08,-0.073069,0.31599,-0.60314,,0.01
0.4,0.02,0.08,-0.05421,0.28164,-0.49444,,0.01
0.4,0.025,0.08,-0.023014,0.23445,-0.39848,,0.01
0.4,0.03,0.08,0.011457,0.18537,-0.31624,,0.01
0.4,0.035,0.08,0.043306,0.13861,-0.24509,,0.01
0.4,0.04,0.08,0.068957,0.095039,-0.1813,,0.01
0.4,0.045,0.08,0.086324,0.053972,-0.12083,,0.01
0.4,0.05,0.08,0.094209,0.014023,-0.059742,,0.01
0.4,0.055,0.08,0.091947,-0.026533,0.0057305,,0.01
0.4,0.06,0.08,0.07929,-0.069596,0.079284,,0.01
0.4,0.065,0.08,0.05654,-0.11706,0.16457,,0.01
0.4,0.07,0.08,0.025006,-0.17037,0.26503,,0.01
0.4,0.075,0.08,-0.01215,-0.2294,0.38327,,0.01
0.4,0.08,0.08,-0.048638,-0.29001,0.51981,,0.01
0.4,0.085,0.08,-0.07378,-0.33937,0.66954,,0.01
0.4,0.09,0.08,-0.07427,-0.34843,0.81029,,0.01
0.4,0.095,0.08,-0.04547,-0.26156,0.89199,,0.01
0.4,0.1,0.08,0,0,0.90995,,0.01
0.4,0,0.085,0,0,-1.2062,,0.01
0.4,0.005,0.085,-0.045429,0.26861,-1.1244,,0.01
0.4,0.01,0.085,-0.055473,0.32135,-0.93684,,0.01
0.4,0.015,0.085,-0.023202,0.29185,-0.73789,,0.01
0.4,0.02,0.085,0.031115,0.24067,-0.57025,,0.01
0.4,0.025,0.085,0.090056,0.18873,-0.43797,,0.01
0.4,0.03,0.085,0.1443,0.14255,-0.33478,,0.01
0.4,0.035,0.085,0.18945,0.10307,-0.2525,,0.01
0.4,0.04,0.085,0.22358,0.069079,-0.18329,,0.01
0.4,0.045,0.085,0.24601,0.038791,-0.12043,,0.01
0.4,0.05,0.085,0.25646,0.010301,-0.058238,,0.01
0.4,0.055,0.085,0.25464,-0.01834,0.00847,,0.01
0.4,0.06,0.085,0.24011,-0.049232,0.084844,,0.01
0.4,0.065,0.085,0.21232,-0.08475,0.1765,,0.01
0.4,0.07,0.085,0.17098,-0.12753,0.28996,,0.01
0.4,0.075,0.085,0.11696,-0.17997,0.43272,,0.01
0.4,0.08,0.085,0.054015,-0.24225,0.61203,,0.01
0.4,0.085,0.085,-0.0081994,-0.30765,0.83099,,0.01
0.4,0.09,0.085,-0.049898,-0.35112,1.0798,,0.01
0.4,0.095,0.085,-0.045274,-0.3003,1.3116,,0.01
0.4,0.1,0.085,0,0,1.4138,,0.01
0.4,0,0.09,0,0,-2.008,,0.01
0.4,0.005,0.09,-0.015656,0.28794,-1.7133,,0.01
0.4,0.01,0.09,0.019016,0.28555,-1.2005,,0.01
0.4,0.015,0.09,0.10803,0.22377,-0.84182,,0.01
0.4,0.02,0.09,0.20174,0.16593,-0.60385,,0.01
0.4,0.025,0.09,0.28233,0.12033,-0.43817,,0.01
0.4,0.03,0.09,0.34711,0.085701,-0.32105,,0.01
0.4,0.035,0.09,0.39655,0.059343,-0.23537,,0.01
0.4,0.04,0.09,0.43185,0.038573,-0.1678,,0.01
0.4,0.045,0.09,0.45426,0.021204,-0.10877,,0.01
0.4,0.05,0.09,0.46463,0.0054938,-0.051159,,0.01
0.4,0.055,0.09,0.46319,-0.0101,0.011105,,0.01
0.4,0.06,0.09,0.44944,-0.027186,0.084104,,0.01
0.4,0.065,0.09,0.42214,-0.047754,0.17501,,0.01
0.4,0.07,0.09,0.37928,-0.074522,0.29345,,0.01
0.4,0.075,0.09,0.31852,-0.11119,0.45315,,0.01
0.4,0.08,0.09,0.23795,-0.16206,0.67209,,0.01
0.4,0.085,0.09,0.13883,-0.22967,0.9734,,0.01
0.4,0.09,0.09,0.039182,-0.30395,1.4027,,0.01
0.4,0.095,0.09,-0.0058817,-0.31197,1.9923,,0.01
0.4,0.1,0.09,0,0,2.3272,,0.01
0.4,0,0.095,0,0,-3.4532,,0.01
0.4,0.005,0.095,0.18094,0.21261,-2.6454,,0.01
0.4,0.01,0.095,0.27814,0.17738,-1.4233,,0.01
0.4,0.015,0.095,0.40886,0.11857,-0.82302,,0.01
0.4,0.02,0.095,0.5118,0.07749,-0.53193,,0.01
0.4,0.025,0.095,0.58394,0.050944,-0.36146,,0.01
0.4,0.03,0.095,0.63494,0.033617,-0.25422,,0.01
0.4,0.035,0.095,0.67076,0.021961,-0.183,,0.01
0.4,0.04,0.095,0.69492,0.013655,-0.13025,,0.01
0.4,0.045,0.095,0.70963,0.007215,-0.085184,,0.01
0.4,0.05,0.095,0.71618,0.0016601,-0.040752,,0.01
0.4,0.055,0.095,0.71503,-0.0037635,0.0086364,,0.01
0.4,0.06,0.095,0.70585,-0.0098115,0.068572,,0.01
0.4,0.065,0.095,0.6874,-0.017486,0.14609,,0.01
0.4,0.07,0.095,0.65728,-0.028388,0.25194,,0.01
0.4,0.075,0.095,0.6115,-0.045237,0.40433,,0.01
0.4,0.08,0.095,0.54311,-0.072545,0.63368,,0.01
0.4,0.085,0.095,0.44041,-0.11702,1.0017,,0.01
0.4,0.09,0.095,0.30359,-0.18214,1.6963,,0.01
0.4,0.095,0.095,0.19606,-0.22225,3.0239,,0.01
0.4,0.1,0.095,0,0,3.8864,,0.01
0.4,0,0.1,0.5,0,-4.3667,,0.01
0.4,0.005,0.1,1,0,-3.2056,,0.01
0.4,0.01,0.1,1,0,-1.5091,,0.01
0.4,0.015,0.1,1,0,-0.76836,,0.01
0.4,0.02,0.1,1,0,-0.46051,,0.01
0.4,0.025,0.1,1,0,-0.29899,,0.01
0.4,0.03,0.1,1,0,-0.20513,,0.01
0.4,0.035,0.1,1,0,-0.14695,,0.01
0.4,0.04,0.1,1,0,-0.10563,,0.01
0.4,0.045,0.1,1,0,-0.070491,,0.01
0.4,0.05,0.1,1,0,-0.035077,,0.01
0.4,0.055,0.1,1,0,0.0055085,,0.01
0.4,0.06,0.1,1,0,0.05614,,0.01
0.4,0.065,0.1,1,0,0.12317,,0.01
0.4,0.07,0.1,1,0,0.21708,,0.01
0.4,0.075,0.1,1,0,0.35726,,0.01
0.4,0.08,0.1,1,0,0.58016,,0.01
0.4,0.085,0.1,1,0,0.97197,,0.01
0.4,0.09,0.1,1,0,1.8184,,0.01
0.4,0.095,0.1,1,0,3.6298,,0.01
0.4,0.1,0.1,0.5,0,4.8485,,0.01
0.5,0,0,0,0,4.30E-06,,
0.5,0.005,0,0,0,-0.0029091,,
0.5,0.01,0,0,0,-0.0093914,,
0.5,0.015,0,0,0,-0.015686,,
0.5,0.02,0,0,0,-0.019421,,
0.5,0.025,0,0,0,-0.019333,,
0.5,0.03,0,0,0,-0.015004,,
0.5,0.035,0,0,0,-0.0066269,,
0.5,0.04,0,0,0,0.0051786,,
0.5,0.045,0,0,0,0.019495,,
0.5,0.05,0,0,0,0.035198,,
0.5,0.055,0,0,0,0.051035,,
0.5,0.06,0,0,0,0.065702,,
0.5,0.065,0,0,0,0.077945,,
0.5,0.07,0,0,0,0.086682,,
0.5,0.075,0,0,0,0.091162,,
0.5,0.08,0,0,0,0.091148,,
0.5,0.085,0,0,0,0.087137,,
0.5,0.09,0,0,0,0.080564,,
0.5,0.095,0,0,0,0.073976,,
0.5,0.1,0,0,0,0.071069,,
0.5,0,0.005,0,0,0.0028938,,
0.5,0.005,0.005,-0.00032363,0.00033412,-6.27E-05,,
0.5,0.01,0.005,-0.0020852,0.0014846,-0.0062001,,
0.5,0.015,0.005,-0.0055178,0.0025256,-0.011679,,
0.5,0.02,0.005,-0.010118,0.0031774,-0.014745,,
0.5,0.025,0.005,-0.015286,0.0034029,-0.014424,,
0.5,0.03,0.005,-0.020437,0.0032381,-0.010352,,
0.5,0.035,0.005,-0.025048,0.0027458,-0.0026865,,
0.5,0.04,0.005,-0.028688,0.0019989,0.0080344,,
0.5,0.045,0.005,-0.031037,0.0010735,0.021002,,
0.5,0.05,0.005,-0.031886,4.82E-05,0.035215,,
0.5,0.055,0.005,-0.031152,-0.00099356,0.049552,,
0.5,0.06,0.005,-0.028876,-0.0019625,0.062845,,
0.5,0.065,0.005,-0.025241,-0.0027635,0.073973,,
0.5,0.07,0.005,-0.020568,-0.0032995,0.081975,,
0.5,0.075,0.005,-0.015313,-0.0034794,0.086191,,
0.5,0.08,0.005,-0.010045,-0.0032331,0.086423,,
0.5,0.085,0.005,-0.0053921,-0.0025348,0.083102,,
0.5,0.09,0.005,-0.0019742,-0.0014489,0.077365,,
0.5,0.095,0.005,-0.00026785,-0.00028992,0.071137,,
0.5,0.1,0.005,0,0,0.068194,,
0.5,0,0.01,0,0,0.0095604,,
0.5,0.005,0.01,-0.0014824,0.002076,0.0059852,,
0.5,0.01,0.01,-0.0054016,0.005306,-0.00049366,,
0.5,0.015,0.01,-0.011999,0.0080716,-0.0051891,,
0.5,0.02,0.01,-0.020343,0.0097836,-0.0074573,,
0.5,0.025,0.01,-0.029472,0.010323,-0.0068902,,
0.5,0.03,0.01,-0.038456,0.0097572,-0.0032642,,
0.5,0.035,0.01,-0.046443,0.0082446,0.0032853,,
0.5,0.04,0.01,-0.052725,0.005985,0.012328,,
0.5,0.045,0.01,-0.056765,0.003199,0.023218,,
0.5,0.05,0.01,-0.058219,0.00012148,0.035146,,
0.5,0.055,0.01,-0.056948,-0.0029983,0.047194,,
0.5,0.06,0.01,-0.053029,-0.0058955,0.058404,,
0.5,0.065,0.01,-0.046764,-0.0082941,0.067852,,
0.5,0.07,0.01,-0.038688,-0.0099197,0.074745,,
0.5,0.075,0.01,-0.029547,-0.010526,0.078532,,
0.5,0.08,0.01,-0.020257,-0.0099359,0.07903,,
0.5,0.085,0.01,-0.011819,-0.0081053,0.076517,,
0.5,0.09,0.01,-0.0052299,-0.0052199,0.071557,,
0.5,0.095,0.01,-0.0013903,-0.001958,0.064985,,
0.5,0.1,0.01,0,0,0.061429,,
0.5,0,0.015,0,0,0.01674,,
0.5,0.005,0.015,-0.0027151,0.0056325,0.011803,,
0.5,0.01,0.015,-0.008824,0.012027,0.0034922,,
0.5,0.015,0.015,-0.018451,0.017189,-0.0017132,,
0.5,0.02,0.015,-0.030167,0.020289,-0.0040197,,
0.5,0.025,0.015,-0.042691,0.021131,-0.0035342,,
0.5,0.03,0.015,-0.054847,0.019837,-0.00020212,,
0.5,0.035,0.015,-0.065565,0.016695,0.0057881,,
0.5,0.04,0.015,-0.073952,0.012088,0.014025,,
0.5,0.045,0.015,-0.079336,0.0064457,0.023933,,
0.5,0.05,0.015,-0.081282,0.00023228,0.034802,,
0.5,0.055,0.015,-0.079615,-0.0060596,0.045822,,
0.5,0.06,0.015,-0.074428,-0.011909,0.056133,,
0.5,0.065,0.015,-0.066097,-0.016778,0.06489,,
0.5,0.07,0.015,-0.055283,-0.020139,0.071342,,
0.5,0.075,0.015,-0.042922,-0.021521,0.074924,,
0.5,0.08,0.015,-0.030166,-0.020597,0.075374,,
0.5,0.085,0.015,-0.018287,-0.017282,0.072789,,
0.5,0.09,0.015,-0.0086282,-0.011888,0.06724,,
0.5,0.095,0.015,-0.0025982,-0.0054134,0.058764,,
0.5,0.1,0.015,0,0,0.053821,,
0.5,0,0.02,0,0,0.022323,,
0.5,0.005,0.02,-0.0038589,0.010884,0.01578,,
0.5,0.01,0.02,-0.012084,0.021403,0.0050733,,
0.5,0.015,0.02,-0.024641,0.029435,-0.0012079,,
0.5,0.02,0.02,-0.039548,0.034049,-0.003918,,
0.5,0.025,0.02,-0.055195,0.035057,-0.0036024,,
0.5,0.03,0.02,-0.070193,0.032681,-0.00036988,,
0.5,0.035,0.02,-0.083306,0.02739,0.005508,,
0.5,0.04,0.02,-0.09352,0.019786,0.013592,,
0.5,0.045,0.02,-0.10008,0.010548,0.023323,,
0.5,0.05,0.02,-0.10248,0.00040748,0.034032,,
0.5,0.055,0.02,-0.10054,-0.0098607,0.044952,,
0.5,0.06,0.02,-0.094329,-0.019438,0.055253,,
0.5,0.065,0.02,-0.084263,-0.027478,0.064092,,
0.5,0.07,0.02,-0.071071,-0.033148,0.070679,,
0.5,0.075,0.02,-0.055811,-0.035703,0.074359,,
0.5,0.08,0.02,-0.039819,-0.034604,0.074735,,
0.5,0.085,0.02,-0.024619,-0.029667,0.071722,,
0.5,0.09,0.02,-0.011927,-0.021252,0.064971,,
0.5,0.095,0.02,-0.0037354,-0.010561,0.053944,,
0.5,0.1,0.02,0,0,0.047322,,
0.5,0,0.025,0,0,0.024842,,
0.5,0.005,0.025,-0.0049354,0.017731,0.016653,,
0.5,0.01,0.025,-0.015218,0.033325,0.0034298,,
0.5,0.015,0.025,-0.03064,0.044662,-0.004062,,
0.5,0.02,0.025,-0.048637,0.050854,-0.0072126,,
0.5,0.025,0.025,-0.067257,0.051828,-0.0069535,,
0.5,0.03,0.025,-0.084905,0.047998,-0.0035455,,
0.5,0.035,0.025,-0.10022,0.040063,0.0026472,,
0.5,0.04,0.025,-0.1121,0.02889,0.011136,,
0.5,0.045,0.025,-0.11974,0.015431,0.021352,,
0.5,0.05,0.025,-0.12263,0.00070228,0.032633,,
0.5,0.055,0.025,-0.12052,-0.014222,0.04422,,
0.5,0.06,0.025,-0.11349,-0.028208,0.055269,,
0.5,0.065,0.025,-0.10193,-0.040075,0.064893,,
0.5,0.07,0.025,-0.086599,-0.048644,0.072209,,
0.5,0.075,0.025,-0.068621,-0.052833,0.076421,,
0.5,0.08,0.025,-0.049486,-0.05181,0.076957,,
0.5,0.085,0.025,-0.030972,-0.045192,0.073535,,
0.5,0.09,0.025,-0.01521,-0.033273,0.065424,,
0.5,0.095,0.025,-0.0048418,-0.017345,0.051625,,
0.5,0.1,0.025,0,0,0.043216,,
0.5,0,0.03,0,0,0.023138,,
0.5,0.005,0.03,-0.005997,0.026137,0.013292,,
0.5,0.01,0.03,-0.018326,0.047761,-0.0024601,,
0.5,0.015,0.03,-0.036587,0.062832,-0.011124,,
0.5,0.02,0.03,-0.057609,0.070632,-0.014575,,
0.5,0.025,0.03,-0.079078,0.071338,-0.014112,,
0.5,0.03,0.03,-0.099212,0.065655,-0.010145,,
0.5,0.035,0.03,-0.11655,0.054593,-0.0031395,,
0.5,0.04,0.03,-0.12996,0.039322,0.0063552,,
0.5,0.045,0.03,-0.13863,0.021087,0.017741,,
0.5,0.05,0.03,-0.14202,0.0011934,0.030346,,
0.5,0.055,0.03,-0.13989,-0.018993,0.043394,,
0.5,0.06,0.03,-0.13225,-0.038024,0.056004,,
0.5,0.065,0.03,-0.11946,-0.054373,0.067204,,
0.5,0.07,0.03,-0.10222,-0.066475,0.075978,,
0.5,0.075,0.03,-0.081688,-0.072839,0.081337,,
0.5,0.08,0.03,-0.059468,-0.072233,0.082488,,
0.5,0.085,0.03,-0.037588,-0.063934,0.078912,,
0.5,0.09,0.03,-0.018641,-0.048031,0.069487,,
0.5,0.095,0.03,-0.0059941,-0.025795,0.052782,,
0.5,0.1,0.03,0,0,0.042483,,
0.5,0,0.035,0,0,0.01612,,
0.5,0.005,0.035,-0.0070968,0.036113,0.004591,,
0.5,0.01,0.035,-0.021512,0.064721,-0.01367,,
0.5,0.015,0.035,-0.042616,0.083916,-0.023341,,
0.5,0.02,0.035,-0.066581,0.093295,-0.026797,,
0.5,0.025,0.035,-0.090731,0.09344,-0.025724,,
0.5,0.03,0.035,-0.11312,0.085479,-0.020699,,
0.5,0.035,0.035,-0.13225,0.070819,-0.012297,,
0.5,0.04,0.035,-0.14699,0.050977,-0.0011404,,
0.5,0.045,0.035,-0.15658,0.027503,0.012141,,
0.5,0.05,0.035,-0.16051,0.0019708,0.026857,,
0.5,0.055,0.035,-0.1585,-0.023988,0.042212,,
0.5,0.06,0.035,-0.15053,-0.048637,0.05727,,
0.5,0.065,0.035,-0.13683,-0.070109,0.07096,,
0.5,0.07,0.035,-0.11802,-0.086425,0.082091,,
0.5,0.075,0.035,-0.09519,-0.095605,0.089432,,
0.5,0.08,0.035,-0.069998,-0.09588,0.091899,,
0.5,0.085,0.035,-0.044702,-0.086011,0.08867,,
0.5,0.09,0.035,-0.022391,-0.065688,0.078152,,
0.5,0.095,0.035,-0.0072741,-0.036031,0.058428,,
0.5,0.1,0.035,0,0,0.046096,,
0.5,0,0.04,0,0,0.0025899,,
0.5,0.005,0.04,-0.0082863,0.047726,-0.010675,,
0.5,0.01,0.04,-0.024875,0.084247,-0.031405,,
0.5,0.015,0.04,-0.048824,0.10787,-0.041785,,
0.5,0.02,0.04,-0.075583,0.11869,-0.044772,,
0.5,0.025,0.04,-0.10211,0.11788,-0.042514,,
0.5,0.03,0.04,-0.12637,0.10717,-0.035792,,
0.5,0.035,0.04,-0.14687,0.088462,-0.025314,,
0.5,0.04,0.04,-0.1626,0.06366,-0.011776,,
0.5,0.045,0.04,-0.17291,0.034612,0.0041657,,
0.5,0.05,0.04,-0.17735,0.0031243,0.021817,,
0.5,0.055,0.04,-0.17566,-0.028966,0.040372,,
0.5,0.06,0.04,-0.16771,-0.059692,0.058854,,
0.5,0.065,0.04,-0.1536,-0.086879,0.076083,,
0.5,0.07,0.04,-0.13374,-0.10813,0.090675,,
0.5,0.075,0.04,-0.10907,-0.12088,0.1011,,
0.5,0.08,0.04,-0.081181,-0.12268,0.10589,,
0.5,0.085,0.04,-0.052494,-0.11154,0.10381,,
0.5,0.09,0.04,-0.026623,-0.086476,0.092642,,
0.5,0.095,0.04,-0.0087638,-0.048254,0.069817,,
0.5,0.1,0.04,0,0,0.055266,,
0.5,0,0.045,0,0,-0.01891,,
0.5,0.005,0.045,-0.0096234,0.061089,-0.03399,,
0.5,0.01,0.045,-0.028508,0.1064,-0.057105,,
0.5,0.015,0.045,-0.055265,0.13459,-0.067708,,
0.5,0.02,0.045,-0.084523,0.14651,-0.069514,,
0.5,0.025,0.045,-0.1129,0.14422,-0.065274,,
0.5,0.03,0.045,-0.13835,0.13023,-0.056039,,
0.5,0.035,0.045,-0.15954,0.10704,-0.042679,,
0.5,0.04,0.045,-0.17569,0.077013,-0.025962,,
0.5,0.045,0.045,-0.18633,0.042251,-0.0065533,,
0.5,0.05,0.045,-0.19118,0.004722,0.014885,,
0.5,0.055,0.045,-0.18999,-0.033624,0.037577,,
0.5,0.06,0.045,-0.18255,-0.070686,0.060539,,
0.5,0.065,0.045,-0.16873,-0.10406,0.082507,,
0.5,0.07,0.045,-0.14866,-0.13096,0.10189,,
0.5,0.075,0.045,-0.12293,-0.14819,0.11682,,
0.5,0.08,0.045,-0.092915,-0.15241,0.12534,,
0.5,0.085,0.045,-0.06106,-0.14057,0.12564,,
0.5,0.09,0.045,-0.03148,-0.11066,0.11457,,
0.5,0.095,0.045,-0.010551,-0.062749,0.088657,,
0.5,0.1,0.045,0,0,0.071675,,
0.5,0,0.05,0,0,-0.05026,,
0.5,0.005,0.05,-0.011191,0.076369,-0.067249,,
0.5,0.01,0.05,-0.032525,0.13123,-0.092558,,
0.5,0.015,0.05,-0.061958,0.16384,-0.10259,,
0.5,0.02,0.05,-0.093164,0.17622,-0.10213,,
0.5,0.025,0.05,-0.1225,0.17169,-0.094783,,
0.5,0.03,0.05,-0.14806,0.15379,-0.081974,,
0.5,0.035,0.05,-0.16886,0.12577,-0.064763,,
0.5,0.04,0.05,-0.1845,0.090433,-0.043985,,
0.5,0.045,0.05,-0.19486,0.050095,-0.020268,,
0.5,0.05,0.05,-0.19987,0.0067779,0.0058171,,
0.5,0.055,0.05,-0.19936,-0.037593,0.033594,,
0.5,0.06,0.05,-0.19303,-0.080934,0.062144,,
0.5,0.065,0.05,-0.18049,-0.12075,0.090182,,
0.5,0.07,0.05,-0.16142,-0.15393,0.11595,,
0.5,0.075,0.05,-0.13589,-0.17664,0.13719,,
0.5,0.08,0.05,-0.1048,-0.18449,0.15136,,
0.5,0.085,0.05,-0.070365,-0.17298,0.15583,,
0.5,0.09,0.05,-0.037094,-0.13851,0.14614,,
0.5,0.095,0.05,-0.012744,-0.079872,0.11737,,
0.5,0.1,0.05,0,0,0.097754,,
0.5,0,0.055,0,0,-0.094032,,
0.5,0.005,0.055,-0.013127,0.093804,-0.113,,
0.5,0.01,0.055,-0.037092,0.15876,-0.14005,,
0.5,0.015,0.055,-0.068873,0.19517,-0.14815,,
0.5,0.02,0.055,-0.10106,0.2069,-0.14375,,
0.5,0.025,0.055,-0.1299,0.19907,-0.13168,,
0.5,0.03,0.055,-0.15392,0.17654,-0.11388,,
0.5,0.035,0.055,-0.17273,0.14344,-0.091642,,
0.5,0.04,0.055,-0.18653,0.10298,-0.065827,,
0.5,0.045,0.055,-0.19566,0.057595,-0.036952,,
0.5,0.05,0.055,-0.20039,0.0092102,-0.0054035,,
0.5,0.055,0.055,-0.2007,-0.040457,0.028354,,
0.5,0.06,0.055,-0.1962,-0.08954,0.063587,,
0.5,0.065,0.055,-0.1862,-0.13565,0.099104,,
0.5,0.07,0.055,-0.16982,-0.17554,0.13307,,
0.5,0.075,0.055,-0.1464,-0.2048,0.16286,,
0.5,0.08,0.055,-0.116,-0.21783,0.18527,,
0.5,0.085,0.055,-0.080177,-0.20829,0.19656,,
0.5,0.09,0.055,-0.043581,-0.17016,0.19036,,
0.5,0.095,0.055,-0.015494,-0.10005,0.15945,,
0.5,0.1,0.055,0,0,0.1371,,
0.5,0,0.06,0,0,-0.15401,,
0.5,0.005,0.06,-0.015674,0.11375,-0.1749,,
0.5,0.01,0.06,-0.042453,0.18888,-0.20261,,
0.5,0.015,0.06,-0.075881,0.22772,-0.20639,,
0.5,0.02,0.06,-0.1074,0.23704,-0.19538,,
0.5,0.025,0.06,-0.13351,0.22446,-0.17623,,
0.5,0.03,0.06,-0.15359,0.19654,-0.15155,,
0.5,0.035,0.06,-0.16819,0.15831,-0.12285,,
0.5,0.04,0.06,-0.17831,0.1133,-0.090936,,
0.5,0.045,0.06,-0.18494,0.063924,-0.056096,,
0.5,0.05,0.06,-0.18874,0.011797,-0.018387,,
0.5,0.055,0.06,-0.1899,-0.041784,0.022096,,
0.5,0.06,0.06,-0.188,-0.095412,0.06498,,
0.5,0.065,0.06,-0.18206,-0.14709,0.10936,,
0.5,0.07,0.06,-0.1706,-0.19368,0.1535,,
0.5,0.075,0.06,-0.15196,-0.23043,0.19456,,
0.5,0.08,0.06,-0.12495,-0.25055,0.22863,,
0.5,0.085,0.06,-0.089915,-0.24539,0.25062,,
0.5,0.09,0.06,-0.051015,-0.20551,0.25139,,
0.5,0.095,0.06,-0.019026,-0.12378,0.22005,,
0.5,0.1,0.06,0,0,0.19521,,
0.5,0,0.065,0,0,-0.2363,,
0.5,0.005,0.065,-0.019238,0.13672,-0.25853,,
0.5,0.01,0.065,-0.048907,0.22126,-0.28433,,
0.5,0.015,0.065,-0.082549,0.25995,-0.2795,,
0.5,0.02,0.065,-0.11068,0.26423,-0.25765,,
0.5,0.025,0.065,-0.13073,0.2451,-0.228,,
0.5,0.03,0.065,-0.14358,0.2111,-0.19393,,
0.5,0.035,0.065,-0.1511,0.16805,-0.15706,,
0.5,0.04,0.065,-0.15528,0.11964,-0.11796,,
0.5,0.045,0.065,-0.15782,0.06797,-0.076486,,
0.5,0.05,0.065,-0.15982,0.014142,-0.032164,,
0.5,0.055,0.065,-0.16173,-0.041191,0.015491,,
0.5,0.06,0.065,-0.16317,-0.097335,0.066703,,
0.5,0.065,0.065,-0.16295,-0.15299,0.12113,,
0.5,0.07,0.065,-0.15901,-0.20556,0.17745,,
0.5,0.075,0.065,-0.14864,-0.25034,0.23292,,
0.5,0.08,0.065,-0.129,-0.2796,0.28311,,
0.5,0.085,0.065,-0.09834,-0.28215,0.32143,,
0.5,0.09,0.065,-0.059331,-0.24392,0.33498,,
0.5,0.095,0.065,-0.023675,-0.1516,0.30707,,
0.5,0.1,0.065,0,0,0.28081,,
0.5,0,0.07,0,0,-0.35164,,
0.5,0.005,0.07,-0.024425,0.16342,-0.37306,,
0.5,0.01,0.07,-0.056612,0.25498,-0.39079,,
0.5,0.015,0.07,-0.087589,0.28916,-0.36956,,
0.5,0.02,0.07,-0.10789,0.28474,-0.33022,,
0.5,0.025,0.07,-0.11719,0.25713,-0.28525,,
0.5,0.03,0.07,-0.11863,0.21673,-0.23864,,
0.5,0.035,0.07,-0.11573,0.16987,-0.19173,,
0.5,0.04,0.07,-0.11152,0.11993,-0.14449,,
0.5,0.045,0.07,-0.10831,0.068416,-0.096042,,
0.5,0.05,0.07,-0.10757,0.015688,-0.045092,,
0.5,0.055,0.07,-0.10996,-0.038421,0.0096751,,
0.5,0.06,0.07,-0.11527,-0.094127,0.069365,,
0.5,0.065,0.07,-0.12227,-0.15113,0.13456,,
0.5,0.07,0.07,-0.12859,-0.20784,0.20484,,
0.5,0.075,0.07,-0.13059,-0.26024,0.27813,,
0.5,0.08,0.07,-0.12358,-0.30039,0.35007,,
0.5,0.085,0.07,-0.10289,-0.31479,0.41282,,
0.5,0.09,0.07,-0.067989,-0.28368,0.44897,,
0.5,0.095,0.07,-0.02985,-0.18399,0.43296,,
0.5,0.1,0.07,0,0,0.40862,,
0.5,0,0.075,0,0,-0.51992,,
0.5,0.005,0.075,-0.031835,0.1946,-0.53406,,
0.5,0.01,0.075,-0.064776,0.28772,-0.52936,,
0.5,0.015,0.075,-0.087447,0.31058,-0.47775,,
0.5,0.02,0.075,-0.09304,0.29312,-0.41084,,
0.5,0.025,0.075,-0.085443,0.25552,-0.34419,,
0.5,0.03,0.075,-0.070824,0.20943,-0.28144,,
0.5,0.035,0.075,-0.054314,0.16081,-0.22282,,
0.5,0.04,0.075,-0.039667,0.11216,-0.16701,,
0.5,0.045,0.075,-0.029432,0.063998,-0.11187,,
0.5,0.05,0.075,-0.025183,0.01581,-0.054998,,
0.5,0.055,0.075,-0.027692,-0.033443,0.0060498,,
0.5,0.06,0.075,-0.036962,-0.084929,0.07355,,
0.5,0.065,0.075,-0.052063,-0.13951,0.14942,,
0.5,0.07,0.075,-0.070786,-0.19702,0.23479,,
0.5,0.075,0.075,-0.089163,-0.25501,0.32921,,
0.5,0.08,0.075,-0.10102,-0.30656,0.42966,,
0.5,0.085,0.075,-0.098284,-0.33712,0.52828,,
0.5,0.09,0.075,-0.074981,-0.32104,0.60348,,
0.5,0.095,0.075,-0.037665,-0.221,0.61756,,
0.5,0.1,0.075,0,0,0.6039,,
0.5,0,0.08,0,0,-0.77822,,
0.5,0.005,0.08,-0.040884,0.23057,-0.76792,,
0.5,0.01,0.08,-0.069164,0.314,-0.70892,,
0.5,0.015,0.08,-0.073068,0.31599,-0.60314,,
0.5,0.02,0.08,-0.054209,0.28164,-0.49444,,
0.5,0.025,0.08,-0.023012,0.23446,-0.39848,,
0.5,0.03,0.08,0.011459,0.18537,-0.31624,,
0.5,0.035,0.08,0.043308,0.13861,-0.24509,,
0.5,0.04,0.08,0.06896,0.09504,-0.1813,,
0.5,0.045,0.08,0.086327,0.053973,-0.12083,,
0.5,0.05,0.08,0.094212,0.014023,-0.059743,,
0.5,0.055,0.08,0.09195,-0.026533,0.0057295,,
0.5,0.06,0.08,0.079293,-0.069597,0.079283,,
0.5,0.065,0.08,0.056543,-0.11706,0.16457,,
0.5,0.07,0.08,0.025008,-0.17037,0.26503,,
0.5,0.075,0.08,-0.012148,-0.2294,0.38327,,
0.5,0.08,0.08,-0.048637,-0.29001,0.51981,,
0.5,0.085,0.08,-0.073779,-0.33937,0.66954,,
0.5,0.09,0.08,-0.074269,-0.34843,0.81029,,
0.5,0.095,0.08,-0.04547,-0.26156,0.89199,,
0.5,0.1,0.08,0,0,0.90995,,
0.5,0,0.085,0,0,-1.2062,,
0.5,0.005,0.085,-0.045429,0.26861,-1.1244,,
0.5,0.01,0.085,-0.055472,0.32135,-0.93684,,
0.5,0.015,0.085,-0.023202,0.29185,-0.73789,,
0.5,0.02,0.085,0.031116,0.24067,-0.57025,,
0.5,0.025,0.085,0.090057,0.18873,-0.43797,,
0.5,0.03,0.085,0.14431,0.14255,-0.33478,,
0.5,0.035,0.085,0.18945,0.10307,-0.2525,,
0.5,0.04,0.085,0.22358,0.069079,-0.18329,,
0.5,0.045,0.085,0.24601,0.038791,-0.12043,,
0.5,0.05,0.085,0.25646,0.010301,-0.058239,,
0.5,0.055,0.085,0.25464,-0.01834,0.0084691,,
0.5,0.06,0.085,0.24011,-0.049232,0.084843,,
0.5,0.065,0.085,0.21232,-0.084751,0.1765,,
0.5,0.07,0.085,0.17098,-0.12754,0.28996,,
0.5,0.075,0.085,0.11696,-0.17997,0.43272,,
0.5,0.08,0.085,0.054016,-0.24225,0.61203,,
0.5,0.085,0.085,-0.0081988,-0.30765,0.83099,,
0.5,0.09,0.085,-0.049898,-0.35113,1.0798,,
0.5,0.095,0.085,-0.045274,-0.3003,1.3116,,
0.5,0.1,0.085,0,0,1.4138,,
0.5,0,0.09,0,0,-2.008,,
0.5,0.005,0.09,-0.015656,0.28794,-1.7133,,
0.5,0.01,0.09,0.019016,0.28555,-1.2005,,
0.5,0.015,0.09,0.10803,0.22377,-0.84182,,
0.5,0.02,0.09,0.20174,0.16594,-0.60385,,
0.5,0.025,0.09,0.28233,0.12033,-0.43817,,
0.5,0.03,0.09,0.34711,0.085701,-0.32105,,
0.5,0.035,0.09,0.39655,0.059344,-0.23537,,
0.5,0.04,0.09,0.43185,0.038573,-0.1678,,
0.5,0.045,0.09,0.45426,0.021205,-0.10877,,
0.5,0.05,0.09,0.46463,0.0054938,-0.05116,,
0.5,0.055,0.09,0.46319,-0.0101,0.011104,,
0.5,0.06,0.09,0.44945,-0.027187,0.084103,,
0.5,0.065,0.09,0.42214,-0.047755,0.17501,,
0.5,0.07,0.09,0.37928,-0.074522,0.29345,,
0.5,0.075,0.09,0.31852,-0.11119,0.45315,,
0.5,0.08,0.09,0.23795,-0.16206,0.67209,,
0.5,0.085,0.09,0.13883,-0.22967,0.9734,,
0.5,0.09,0.09,0.039183,-0.30395,1.4027,,
0.5,0.095,0.09,-0.0058816,-0.31197,1.9923,,
0.5,0.1,0.09,0,0,2.3272,,
0.5,0,0.095,0,0,-3.4532,,
0.5,0.005,0.095,0.18094,0.21261,-2.6454,,
0.5,0.01,0.095,0.27814,0.17738,-1.4233,,
0.5,0.015,0.095,0.40886,0.11857,-0.82302,,
0.5,0.02,0.095,0.5118,0.07749,-0.53193,,
0.5,0.025,0.095,0.58394,0.050945,-0.36145,,
0.5,0.03,0.095,0.63494,0.033617,-0.25422,,
0.5,0.035,0.095,0.67077,0.021961,-0.183,,
0.5,0.04,0.095,0.69492,0.013655,-0.13025,,
0.5,0.045,0.095,0.70963,0.0072151,-0.085185,,
0.5,0.05,0.095,0.71618,0.0016601,-0.040753,,
0.5,0.055,0.095,0.71503,-0.0037635,0.0086356,,
0.5,0.06,0.095,0.70585,-0.0098116,0.068572,,
0.5,0.065,0.095,0.6874,-0.017486,0.14609,,
0.5,0.07,0.095,0.65728,-0.028388,0.25194,,
0.5,0.075,0.095,0.6115,-0.045237,0.40433,,
0.5,0.08,0.095,0.54311,-0.072545,0.63368,,
0.5,0.085,0.095,0.44041,-0.11702,1.0017,,
0.5,0.09,0.095,0.30359,-0.18214,1.6963,,
0.5,0.095,0.095,0.19606,-0.22225,3.0239,,
0.5,0.1,0.095,0,0,3.8864,,
0.5,0,0.1,0.5,0,-4.3667,,
0.5,0.005,0.1,1,0,-3.2056,,
0.5,0.01,0.1,1,0,-1.5091,,
0.5,0.015,0.1,1,0,-0.76836,,
0.5,0.02,0.1,1,0,-0.46051,,
0.5,0.025,0.1,1,0,-0.29899,,
0.5,0.03,0.1,1,0,-0.20513,,
0.5,0.035,0.1,1,0,-0.14695,,
0.5,0.04,0.1,1,0,-0.10563,,
0.5,0.045,0.1,1,0,-0.070491,,
0.5,0.05,0.1,1,0,-0.035078,,
0.5,0.055,0.1,1,0,0.0055077,,
0.5,0.06,0.1,1,0,0.056139,,
0.5,0.065,0.1,1,0,0.12317,,
0.5,0.07,0.1,1,0,0.21707,,
0.5,0.075,0.1,1,0,0.35726,,
0.5,0.08,0.1,1,0,0.58016,,
0.5,0.085,0.1,1,0,0.97197,,
0.5,0.09,0.1,1,0,1.8184,,
0.5,0.095,0.1,1,0,3.6298,,
0.5,0.1,0.1,0.5,0,4.8485,,
0.5,0,0,0,0,4.30E-06,,0.01
0.5,0.005,0,0,0,-0.0029091,,0.01
0.5,0.01,0,0,0,-0.0093914,,0.01
0.5,0.015,0,0,0,-0.015686,,0.01
0.5,0.02,0,0,0,-0.019421,,0.01
0.5,0.025,0,0,0,-0.019333,,0.01
0.5,0.03,0,0,0,-0.015004,,0.01
0.5,0.035,0,0,0,-0.0066269,,0.01
0.5,0.04,0,0,0,0.0051786,,0.01
0.5,0.045,0,0,0,0.019495,,0.01
0.5,0.05,0,0,0,0.035198,,0.01
0.5,0.055,0,0,0,0.051035,,0.01
0.5,0.06,0,0,0,0.065702,,0.01
0.5,0.065,0,0,0,0.077945,,0.01
0.5,0.07,0,0,0,0.086682,,0.01
0.5,0.075,0,0,0,0.091162,,0.01
0.5,0.08,0,0,0,0.091148,,0.01
0.5,0.085,0,0,0,0.087137,,0.01
0.5,0.09,0,0,0,0.080564,,0.01
0.5,0.095,0,0,0,0.073976,,0.01
0.5,0.1,0,0,0,0.071069,,0.01
0.5,0,0.005,0,0,0.0028938,,0.01
0.5,0.005,0.005,-0.00032363,0.00033412,-6.27E-05,,0.01
0.5,0.01,0.005,-0.0020852,0.0014846,-0.0062001,,0.01
0.5,0.015,0.005,-0.0055178,0.0025256,-0.011679,,0.01
0.5,0.02,0.005,-0.010118,0.0031774,-0.014745,,0.01
0.5,0.025,0.005,-0.015286,0.0034029,-0.014424,,0.01
0.5,0.03,0.005,-0.020437,0.0032381,-0.010352,,0.01
0.5,0.035,0.005,-0.025048,0.0027458,-0.0026865,,0.01
0.5,0.04,0.005,-0.028688,0.0019989,0.0080344,,0.01
0.5,0.045,0.005,-0.031037,0.0010735,0.021002,,0.01
0.5,0.05,0.005,-0.031886,4.82E-05,0.035215,,0.01
0.5,0.055,0.005,-0.031152,-0.00099356,0.049552,,0.01
0.5,0.06,0.005,-0.028876,-0.0019625,0.062845,,0.01
0.5,0.065,0.005,-0.025241,-0.0027635,0.073973,,0.01
0.5,0.07,0.005,-0.020568,-0.0032995,0.081975,,0.01
0.5,0.075,0.005,-0.015313,-0.0034794,0.086191,,0.01
0.5,0.08,0.005,-0.010045,-0.0032331,0.086423,,0.01
0.5,0.085,0.005,-0.0053921,-0.0025348,0.083102,,0.01
0.5,0.09,0.005,-0.0019742,-0.0014489,0.077365,,0.01
0.5,0.095,0.005,-0.00026785,-0.00028992,0.071137,,0.01
0.5,0.1,0.005,0,0,0.068194,,0.01
0.5,0,0.01,0,0,0.0095604,,0.01
0.5,0.005,0.01,-0.0014824,0.002076,0.0059852,,0.01
0.5,0.01,0.01,-0.0054016,0.005306,-0.00049366,,0.01
0.5,0.015,0.01,-0.011999,0.0080716,-0.0051891,,0.01
0.5,0.02,0.01,-0.020343,0.0097836,-0.0074573,,0.01
0.5,0.025,0.01,-0.029472,0.010323,-0.0068902,,0.01
0.5,0.03,0.01,-0.038456,0.0097572,-0.0032642,,0.01
0.5,0.035,0.01,-0.046443,0.0082446,0.0032853,,0.01
0.5,0.04,0.01,-0.052725,0.005985,0.012328,,0.01
0.5,0.045,0.01,-0.056765,0.003199,0.023218,,0.01
0.5,0.05,0.01,-0.058219,0.00012148,0.035146,,0.01
0.5,0.055,0.01,-0.056948,-0.0029983,0.047194,,0.01
0.5,0.06,0.01,-0.053029,-0.0058955,0.058404,,0.01
0.5,0.065,0.01,-0.046764,-0.0082941,0.067852,,0.01
0.5,0.07,0.01,-0.038688,-0.0099197,0.074745,,0.01
0.5,0.075,0.01,-0.029547,-0.010526,0.078532,,0.01
0.5,0.08,0.01,-0.020257,-0.0099359,0.07903,,0.01
0.5,0.085,0.01,-0.011819,-0.0081053,0.076517,,0.01
0.5,0.09,0.01,-0.0052299,-0.0052199,0.071557,,0.01
0.5,0.095,0.01,-0.0013903,-0.001958,0.064985,,0.01
0.5,0.1,0.01,0,0,0.061429,,0.01
0.5,0,0.015,0,0,0.01674,,0.01
0.5,0.005,0.015,-0.0027151,0.0056325,0.011803,,0.01
0.5,0.01,0.015,-0.008824,0.012027,0.0034922,,0.01
0.5,0.015,0.015,-0.018451,0.017189,-0.0017132,,0.01
0.5,0.02,0.015,-0.030167,0.020289,-0.0040197,,0.01
0.5,0.025,0.015,-0.042691,0.021131,-0.0035342,,0.01
0.5,0.03,0.015,-0.054847,0.019837,-0.00020212,,0.01
0.5,0.035,0.015,-0.065565,0.016695,0.0057881,,0.01
0.5,0.04,0.015,-0.073952,0.012088,0.014025,,0.01
0.5,0.045,0.015,-0.079336,0.0064457,0.023933,,0.01
0.5,0.05,0.015,-0.081282,0.00023228,0.034802,,0.01
0.5,0.055,0.015,-0.079615,-0.0060596,0.045822,,0.01
0.5,0.06,0.015,-0.074428,-0.011909,0.056133,,0.01
0.5,0.065,0.015,-0.066097,-0.016778,0.06489,,0.01
0.5,0.07,0.015,-0.055283,-0.020139,0.071342,,0.01
0.5,0.075,0.015,-0.042922,-0.021521,0.074924,,0.01
0.5,0.08,0.015,-0.030166,-0.020597,0.075374,,0.01
0.5,0.085,0.015,-0.018287,-0.017282,0.072789,,0.01
0.5,0.09,0.015,-0.0086282,-0.011888,0.06724,,0.01
0.5,0.095,0.015,-0.0025982,-0.0054134,0.058764,,0.01
0.5,0.1,0.015,0,0,0.053821,,0.01
0.5,0,0.02,0,0,0.022323,,0.01
0.5,0.005,0.02,-0.0038589,0.010884,0.01578,,0.01
0.5,0.01,0.02,-0.012084,0.021403,0.0050733,,0.01
0.5,0.015,0.02,-0.024641,0.029435,-0.0012079,,0.01
0.5,0.02,0.02,-0.039548,0.034049,-0.003918,,0.01
0.5,0.025,0.02,-0.055195,0.035057,-0.0036024,,0.01
0.5,0.03,0.02,-0.070193,0.032681,-0.00036988,,0.01
0.5,0.035,0.02,-0.083306,0.02739,0.005508,,0.01
0.5,0.04,0.02,-0.09352,0.019786,0.013592,,0.01
0.5,0.045,0.02,-0.10008,0.010548,0.023323,,0.01
0.5,0.05,0.02,-0.10248,0.00040748,0.034032,,0.01
0.5,0.055,0.02,-0.10054,-0.0098607,0.044952,,0.01
0.5,0.06,0.02,-0.094329,-0.019438,0.055253,,0.01
0.5,0.065,0.02,-0.084263,-0.027478,0.064092,,0.01
0.5,0.07,0.02,-0.071071,-0.033148,0.070679,,0.01
0.5,0.075,0.02,-0.055811,-0.035703,0.074359,,0.01
0.5,0.08,0.02,-0.039819,-0.034604,0.074735,,0.01
0.5,0.085,0.02,-0.024619,-0.029667,0.071722,,0.01
0.5,0.09,0.02,-0.011927,-0.021252,0.064971,,0.01
0.5,0.095,0.02,-0.0037354,-0.010561,0.053944,,0.01
0.5,0.1,0.02,0,0,0.047322,,0.01
0.5,0,0.025,0,0,0.024842,,0.01
0.5,0.005,0.025,-0.0049354,0.017731,0.016653,,0.01
0.5,0.01,0.025,-0.015218,0.033325,0.0034298,,0.01
0.5,0.015,0.025,-0.03064,0.044662,-0.004062,,0.01
0.5,0.02,0.025,-0.048637,0.050854,-0.0072126,,0.01
0.5,0.025,0.025,-0.067257,0.051828,-0.0069535,,0.01
0.5,0.03,0.025,-0.084905,0.047998,-0.0035455,,0.01
0.5,0.035,0.025,-0.10022,0.040063,0.0026472,,0.01
0.5,0.04,0.025,-0.1121,0.02889,0.011136,,0.01
0.5,0.045,0.025,-0.11974,0.015431,0.021352,,0.01
0.5,0.05,0.025,-0.12263,0.00070228,0.032633,,0.01
0.5,0.055,0.025,-0.12052,-0.014222,0.04422,,0.01
0.5,0.06,0.025,-0.11349,-0.028208,0.055269,,0.01
0.5,0.065,0.025,-0.10193,-0.040075,0.064893,,0.01
0.5,0.07,0.025,-0.086599,-0.048644,0.072209,,0.01
0.5,0.075,0.025,-0.068621,-0.052833,0.076421,,0.01
0.5,0.08,0.025,-0.049486,-0.05181,0.076957,,0.01
0.5,0.085,0.025,-0.030972,-0.045192,0.073535,,0.01
0.5,0.09,0.025,-0.01521,-0.033273,0.065424,,0.01
0.5,0.095,0.025,-0.0048418,-0.017345,0.051625,,0.01
0.5,0.1,0.025,0,0,0.043216,,0.01
0.5,0,0.03,0,0,0.023138,,0.01
0.5,0.005,0.03,-0.005997,0.026137,0.013292,,0.01
0.5,0.01,0.03,-0.018326,0.047761,-0.0024601,,0.01
0.5,0.015,0.03,-0.036587,0.062832,-0.011124,,0.01
0.5,0.02,0.03,-0.057609,0.070632,-0.014575,,0.01
0.5,0.025,0.03,-0.079078,0.071338,-0.014112,,0.01
0.5,0.03,0.03,-0.099212,0.065655,-0.010145,,0.01
0.5,0.035,0.03,-0.11655,0.054593,-0.0031395,,0.01
0.5,0.04,0.03,-0.12996,0.039322,0.0063552,,0.01
0.5,0.045,0.03,-0.13863,0.021087,0.017741,,0.01
0.5,0.05,0.03,-0.14202,0.0011934,0.030346,,0.01
0.5,0.055,0.03,-0.13989,-0.018993,0.043394,,0.01
0.5,0.06,0.03,-0.13225,-0.038024,0.056004,,0.01
0.5,0.065,0.03,-0.11946,-0.054373,0.067204,,0.01
0.5,0.07,0.03,-0.10222,-0.066475,0.075978,,0.01
0.5,0.075,0.03,-0.081688,-0.072839,0.081337,,0.01
0.5,0.08,0.03,-0.059468,-0.072233,0.082488,,0.01
0.5,0.085,0.03,-0.037588,-0.063934,0.078912,,0.01
0.5,0.09,0.03,-0.018641,-0.048031,0.069487,,0.01
0.5,0.095,0.03,-0.0059941,-0.025795,0.052782,,0.01
0.5,0.1,0.03,0,0,0.042483,,0.01
0.5,0,0.035,0,0,0.01612,,0.01
0.5,0.005,0.035,-0.0070968,0.036113,0.004591,,0.01
0.5,0.01,0.035,-0.021512,0.064721,-0.01367,,0.01
0.5,0.015,0.035,-0.042616,0.083916,-0.023341,,0.01
0.5,0.02,0.035,-0.066581,0.093295,-0.026797,,0.01
0.5,0.025,0.035,-0.090731,0.09344,-0.025724,,0.01
0.5,0.03,0.035,-0.11312,0.085479,-0.020699,,0.01
0.5,0.035,0.035,-0.13225,0.070819,-0.012297,,0.01
0.5,0.04,0.035,-0.14699,0.050977,-0.0011404,,0.01
0.5,0.045,0.035,-0.15658,0.027503,0.012141,,0.01
0.5,0.05,0.035,-0.16051,0.0019708,0.026857,,0.01
0.5,0.055,0.035,-0.1585,-0.023988,0.042212,,0.01
0.5,0.06,0.035,-0.15053,-0.048637,0.05727,,0.01
0.5,0.065,0.035,-0.13683,-0.070109,0.07096,,0.01
0.5,0.07,0.035,-0.11802,-0.086425,0.082091,,0.01
0.5,0.075,0.035,-0.09519,-0.095605,0.089432,,0.01
0.5,0.08,0.035,-0.069998,-0.09588,0.091899,,0.01
0.5,0.085,0.035,-0.044702,-0.086011,0.08867,,0.01
0.5,0.09,0.035,-0.022391,-0.065688,0.078152,,0.01
0.5,0.095,0.035,-0.0072741,-0.036031,0.058428,,0.01
0.5,0.1,0.035,0,0,0.046096,,0.01
0.5,0,0.04,0,0,0.0025899,,0.01
0.5,0.005,0.04,-0.0082863,0.047726,-0.010675,,0.01
0.5,0.01,0.04,-0.024875,0.084247,-0.031405,,0.01
0.5,0.015,0.04,-0.048824,0.10787,-0.041785,,0.01
0.5,0.02,0.04,-0.075583,0.11869,-0.044772,,0.01
0.5,0.025,0.04,-0.10211,0.11788,-0.042514,,0.01
0.5,0.03,0.04,-0.12637,0.10717,-0.035792,,0.01
0.5,0.035,0.04,-0.14687,0.088462,-0.025314,,0.01
0.5,0.04,0.04,-0.1626,0.06366,-0.011776,,0.01
0.5,0.045,0.04,-0.17291,0.034612,0.0041657,,0.01
0.5,0.05,0.04,-0.17735,0.0031243,0.021817,,0.01
0.5,0.055,0.04,-0.17566,-0.028966,0.040372,,0.01
0.5,0.06,0.04,-0.16771,-0.059692,0.058854,,0.01
0.5,0.065,0.04,-0.1536,-0.086879,0.076083,,0.01
0.5,0.07,0.04,-0.13374,-0.10813,0.090675,,0.01
0.5,0.075,0.04,-0.10907,-0.12088,0.1011,,0.01
0.5,0.08,0.04,-0.081181,-0.12268,0.10589,,0.01
0.5,0.085,0.04,-0.052494,-0.11154,0.10381,,0.01
0.5,0.09,0.04,-0.026623,-0.086476,0.092642,,0.01
0.5,0.095,0.04,-0.0087638,-0.048254,0.069817,,0.01
0.5,0.1,0.04,0,0,0.055266,,0.01
0.5,0,0.045,0,0,-0.01891,,0.01
0.5,0.005,0.045,-0.0096234,0.061089,-0.03399,,0.01
0.5,0.01,0.045,-0.028508,0.1064,-0.057105,,0.01
0.5,0.015,0.045,-0.055265,0.13459,-0.067708,,0.01
0.5,0.02,0.045,-0.084523,0.14651,-0.069514,,0.01
0.5,0.025,0.045,-0.1129,0.14422,-0.065274,,0.01
0.5,0.03,0.045,-0.13835,0.13023,-0.056039,,0.01
0.5,0.035,0.045,-0.15954,0.10704,-0.042679,,0.01
0.5,0.04,0.045,-0.17569,0.077013,-0.025962,,0.01
0.5,0.045,0.045,-0.18633,0.042251,-0.0065533,,0.01
0.5,0.05,0.045,-0.19118,0.004722,0.014885,,0.01
0.5,0.055,0.045,-0.18999,-0.033624,0.037577,,0.01
0.5,0.06,0.045,-0.18255,-0.070686,0.060539,,0.01
0.5,0.065,0.045,-0.16873,-0.10406,0.082507,,0.01
0.5,0.07,0.045,-0.14866,-0.13096,0.10189,,0.01
0.5,0.075,0.045,-0.12293,-0.14819,0.11682,,0.01
0.5,0.08,0.045,-0.092915,-0.15241,0.12534,,0.01
0.5,0.085,0.045,-0.06106,-0.14057,0.12564,,0.01
0.5,0.09,0.045,-0.03148,-0.11066,0.11457,,0.01
0.5,0.095,0.045,-0.010551,-0.062749,0.088657,,0.01
0.5,0.1,0.045,0,0,0.071675,,0.01
0.5,0,0.05,0,0,-0.05026,,0.01
0.5,0.005,0.05,-0.011191,0.076369,-0.067249,,0.01
0.5,0.01,0.05,-0.032525,0.13123,-0.092558,,0.01
0.5,0.015,0.05,-0.061958,0.16384,-0.10259,,0.01
0.5,0.02,0.05,-0.093164,0.17622,-0.10213,,0.01
0.5,0.025,0.05,-0.1225,0.17169,-0.094783,,0.01
0.5,0.03,0.05,-0.14806,0.15379,-0.081974,,0.01
0.5,0.035,0.05,-0.16886,0.12577,-0.064763,,0.01
0.5,0.04,0.05,-0.1845,0.090433,-0.043985,,0.01
0.5,0.045,0.05,-0.19486,0.050095,-0.020268,,0.01
0.5,0.05,0.05,-0.19987,0.0067779,0.0058171,,0.01
0.5,0.055,0.05,-0.19936,-0.037593,0.033594,,0.01
0.5,0.06,0.05,-0.19303,-0.080934,0.062144,,0.01
0.5,0.065,0.05,-0.18049,-0.12075,0.090182,,0.01
0.5,0.07,0.05,-0.16142,-0.15393,0.11595,,0.01
0.5,0.075,0.05,-0.13589,-0.17664,0.13719,,0.01
0.5,0.08,0.05,-0.1048,-0.18449,0.15136,,0.01
0.5,0.085,0.05,-0.070365,-0.17298,0.15583,,0.01
0.5,0.09,0.05,-0.037094,-0.13851,0.14614,,0.01
0.5,0.095,0.05,-0.012744,-0.079872,0.11737,,0.01
0.5,0.1,0.05,0,0,0.097754,,0.01
0.5,0,0.055,0,0,-0.094032,,0.01
0.5,0.005,0.055,-0.013127,0.093804,-0.113,,0.01
0.5,0.01,0.055,-0.037092,0.15876,-0.14005,,0.01
0.5,0.015,0.055,-0.068873,0.19517,-0.14815,,0.01
0.5,0.02,0.055,-0.10106,0.2069,-0.14375,,0.01
0.5,0.025,0.055,-0.1299,0.19907,-0.13168,,0.01
0.5,0.03,0.055,-0.15392,0.17654,-0.11388,,0.01
0.5,0.035,0.055,-0.17273,0.14344,-0.091642,,0.01
0.5,0.04,0.055,-0.18653,0.10298,-0.065827,,0.01
0.5,0.045,0.055,-0.19566,0.057595,-0.036952,,0.01
0.5,0.05,0.055,-0.20039,0.0092102,-0.0054035,,0.01
0.5,0.055,0.055,-0.2007,-0.040457,0.028354,,0.01
0.5,0.06,0.055,-0.1962,-0.08954,0.063587,,0.01
0.5,0.065,0.055,-0.1862,-0.13565,0.099104,,0.01
0.5,0.07,0.055,-0.16982,-0.17554,0.13307,,0.01
0.5,0.075,0.055,-0.1464,-0.2048,0.16286,,0.01
0.5,0.08,0.055,-0.116,-0.21783,0.18527,,0.01
0.5,0.085,0.055,-0.080177,-0.20829,0.19656,,0.01
0.5,0.09,0.055,-0.043581,-0.17016,0.19036,,0.01
0.5,0.095,0.055,-0.015494,-0.10005,0.15945,,0.01
0.5,0.1,0.055,0,0,0.1371,,0.01
0.5,0,0.06,0,0,-0.15401,,0.01
0.5,0.005,0.06,-0.015674,0.11375,-0.1749,,0.01
0.5,0.01,0.06,-0.042453,0.18888,-0.20261,,0.01
0.5,0.015,0.06,-0.075881,0.22772,-0.20639,,0.01
0.5,0.02,0.06,-0.1074,0.23704,-0.19538,,0.01
0.5,0.025,0.06,-0.13351,0.22446,-0.17623,,0.01
0.5,0.03,0.06,-0.15359,0.19654,-0.15155,,0.01
0.5,0.035,0.06,-0.16819,0.15831,-0.12285,,0.01
0.5,0.04,0.06,-0.17831,0.1133,-0.090936,,0.01
0.5,0.045,0.06,-0.18494,0.063924,-0.056096,,0.01
0.5,0.05,0.06,-0.18874,0.011797,-0.018387,,0.01
0.5,0.055,0.06,-0.1899,-0.041784,0.022096,,0.01
0.5,0.06,0.06,-0.188,-0.095412,0.06498,,0.01
0.5,0.065,0.06,-0.18206,-0.14709,0.10936,,0.01
0.5,0.07,0.06,-0.1706,-0.19368,0.1535,,0.01
0.5,0.075,0.06,-0.15196,-0.23043,0.19456,,0.01
0.5,0.08,0.06,-0.12495,-0.25055,0.22863,,0.01
0.5,0.085,0.06,-0.089915,-0.24539,0.25062,,0.01
0.5,0.09,0.06,-0.051015,-0.20551,0.25139,,0.01
0.5,0.095,0.06,-0.019026,-0.12378,0.22005,,0.01
0.5,0.1,0.06,0,0,0.19521,,0.01
0.5,0,0.065,0,0,-0.2363,,0.01
0.5,0.005,0.065,-0.019238,0.13672,-0.25853,,0.01
0.5,0.01,0.065,-0.048907,0.22126,-0.28433,,0.01
0.5,0.015,0.065,-0.082549,0.25995,-0.2795,,0.01
0.5,0.02,0.065,-0.11068,0.26423,-0.25765,,0.01
0.5,0.025,0.065,-0.13073,0.2451,-0.228,,0.01
0.5,0.03,0.065,-0.14358,0.2111,-0.19393,,0.01
0.5,0.035,0.065,-0.1511,0.16805,-0.15706,,0.01
0.5,0.04,0.065,-0.15528,0.11964,-0.11796,,0.01
0.5,0.045,0.065,-0.15782,0.06797,-0.076486,,0.01
0.5,0.05,0.065,-0.15982,0.014142,-0.032164,,0.01
0.5,0.055,0.065,-0.16173,-0.041191,0.015491,,0.01
0.5,0.06,0.065,-0.16317,-0.097335,0.066703,,0.01
0.5,0.065,0.065,-0.16295,-0.15299,0.12113,,0.01
0.5,0.07,0.065,-0.15901,-0.20556,0.17745,,0.01
0.5,0.075,0.065,-0.14864,-0.25034,0.23292,,0.01
0.5,0.08,0.065,-0.129,-0.2796,0.28311,,0.01
0.5,0.085,0.065,-0.09834,-0.28215,0.32143,,0.01
0.5,0.09,0.065,-0.059331,-0.24392,0.33498,,0.01
0.5,0.095,0.065,-0.023675,-0.1516,0.30707,,0.01
0.5,0.1,0.065,0,0,0.28081,,0.01
0.5,0,0.07,0,0,-0.35164,,0.01
0.5,0.005,0.07,-0.024425,0.16342,-0.37306,,0.01
0.5,0.01,0.07,-0.056612,0.25498,-0.39079,,0.01
0.5,0.015,0.07,-0.087589,0.28916,-0.36956,,0.01
0.5,0.02,0.07,-0.10789,0.28474,-0.33022,,0.01
0.5,0.025,0.07,-0.11719,0.25713,-0.28525,,0.01
0.5,0.03,0.07,-0.11863,0.21673,-0.23864,,0.01
0.5,0.035,0.07,-0.11573,0.16987,-0.19173,,0.01
0.5,0.04,0.07,-0.11152,0.11993,-0.14449,,0.01
0.5,0.045,0.07,-0.10831,0.068416,-0.096042,,0.01
0.5,0.05,0.07,-0.10757,0.015688,-0.045092,,0.01
0.5,0.055,0.07,-0.10996,-0.038421,0.0096751,,0.01
0.5,0.06,0.07,-0.11527,-0.094127,0.069365,,0.01
0.5,0.065,0.07,-0.12227,-0.15113,0.13456,,0.01
0.5,0.07,0.07,-0.12859,-0.20784,0.20484,,0.01
0.5,0.075,0.07,-0.13059,-0.26024,0.27813,,0.01
0.5,0.08,0.07,-0.12358,-0.30039,0.35007,,0.01
0.5,0.085,0.07,-0.10289,-0.31479,0.41282,,0.01
0.5,0.09,0.07,-0.067989,-0.28368,0.44897,,0.01
0.5,0.095,0.07,-0.02985,-0.18399,0.43296,,0.01
0.5,0.1,0.07,0,0,0.40862,,0.01
0.5,0,0.075,0,0,-0.51992,,0.01
0.5,0.005,0.075,-0.031835,0.1946,-0.53406,,0.01
0.5,0.01,0.075,-0.064776,0.28772,-0.52936,,0.01
0.5,0.015,0.075,-0.087447,0.31058,-0.47775,,0.01
0.5,0.02,0.075,-0.09304,0.29312,-0.41084,,0.01
0.5,0.025,0.075,-0.085443,0.25552,-0.34419,,0.01
0.5,0.03,0.075,-0.070824,0.20943,-0.28144,,0.01
0.5,0.035,0.075,-0.054314,0.16081,-0.22282,,0.01
0.5,0.04,0.075,-0.039667,0.11216,-0.16701,,0.01
0.5,0.045,0.075,-0.029432,0.063998,-0.11187,,0.01
0.5,0.05,0.075,-0.025183,0.01581,-0.054998,,0.01
0.5,0.055,0.075,-0.027692,-0.033443,0.0060498,,0.01
0.5,0.06,0.075,-0.036962,-0.084929,0.07355,,0.01
0.5,0.065,0.075,-0.052063,-0.13951,0.14942,,0.01
0.5,0.07,0.075,-0.070786,-0.19702,0.23479,,0.01
0.5,0.075,0.075,-0.089163,-0.25501,0.32921,,0.01
0.5,0.08,0.075,-0.10102,-0.30656,0.42966,,0.01
0.5,0.085,0.075,-0.098284,-0.33712,0.52828,,0.01
0.5,0.09,0.075,-0.074981,-0.32104,0.60348,,0.01
0.5,0.095,0.075,-0.037665,-0.221,0.61756,,0.01
0.5,0.1,0.075,0,0,0.6039,,0.01
0.5,0,0.08,0,0,-0.77822,,0.01
0.5,0.005,0.08,-0.040884,0.23057,-0.76792,,0.01
0.5,0.01,0.08,-0.069164,0.314,-0.70892,,0.01
0.5,0.015,0.08,-0.073068,0.31599,-0.60314,,0.01
0.5,0.02,0.08,-0.054209,0.28164,-0.49444,,0.01
0.5,0.025,0.08,-0.023012,0.23446,-0.39848,,0.01
0.5,0.03,0.08,0.011459,0.18537,-0.31624,,0.01
0.5,0.035,0.08,0.043308,0.13861,-0.24509,,0.01
0.5,0.04,0.08,0.06896,0.09504,-0.1813,,0.01
0.5,0.045,0.08,0.086327,0.053973,-0.12083,,0.01
0.5,0.05,0.08,0.094212,0.014023,-0.059743,,0.01
0.5,0.055,0.08,0.09195,-0.026533,0.0057295,,0.01
0.5,0.06,0.08,0.079293,-0.069597,0.079283,,0.01
0.5,0.065,0.08,0.056543,-0.11706,0.16457,,0.01
0.5,0.07,0.08,0.025008,-0.17037,0.26503,,0.01
0.5,0.075,0.08,-0.012148,-0.2294,0.38327,,0.01
0.5,0.08,0.08,-0.048637,-0.29001,0.51981,,0.01
0.5,0.085,0.08,-0.073779,-0.33937,0.66954,,0.01
0.5,0.09,0.08,-0.074269,-0.34843,0.81029,,0.01
0.5,0.095,0.08,-0.04547,-0.26156,0.89199,,0.01
0.5,0.1,0.08,0,0,0.90995,,0.01
0.5,0,0.085,0,0,-1.2062,,0.01
0.5,0.005,0.085,-0.045429,0.26861,-1.1244,,0.01
0.5,0.01,0.085,-0.055472,0.32135,-0.93684,,0.01
0.5,0.015,0.085,-0.023202,0.29185,-0.73789,,0.01
0.5,0.02,0.085,0.031116,0.24067,-0.57025,,0.01
0.5,0.025,0.085,0.090057,0.18873,-0.43797,,0.01
0.5,0.03,0.085,0.14431,0.14255,-0.33478,,0.01
0.5,0.035,0.085,0.18945,0.10307,-0.2525,,0.01
0.5,0.04,0.085,0.22358,0.069079,-0.18329,,0.01
0.5,0.045,0.085,0.24601,0.038791,-0.12043,,0.01
0.5,0.05,0.085,0.25646,0.010301,-0.058239,,0.01
0.5,0.055,0.085,0.25464,-0.01834,0.0084691,,0.01
0.5,0.06,0.085,0.24011,-0.049232,0.084843,,0.01
0.5,0.065,0.085,0.21232,-0.084751,0.1765,,0.01
0.5,0.07,0.085,0.17098,-0.12754,0.28996,,0.01
0.5,0.075,0.085,0.11696,-0.17997,0.43272,,0.01
0.5,0.08,0.085,0.054016,-0.24225,0.61203,,0.01
0.5,0.085,0.085,-0.0081988,-0.30765,0.83099,,0.01
0.5,0.09,0.085,-0.049898,-0.35113,1.0798,,0.01
0.5,0.095,0.085,-0.045274,-0.3003,1.3116,,0.01
0.5,0.1,0.085,0,0,1.4138,,0.01
0.5,0,0.09,0,0,-2.008,,0.01
0.5,0.005,0.09,-0.015656,0.28794,-1.7133,,0.01
0.5,0.01,0.09,0.019016,0.28555,-1.2005,,0.01
0.5,0.015,0.09,0.10803,0.22377,-0.84182,,0.01
0.5,0.02,0.09,0.20174,0.16594,-0.60385,,0.01
0.5,0.025,0.09,0.28233,0.12033,-0.43817,,0.01
0.5,0.03,0.09,0.34711,0.085701,-0.32105,,0.01
0.5,0.035,0.09,0.39655,0.059344,-0.23537,,0.01
0.5,0.04,0.09,0.43185,0.038573,-0.1678,,0.01
0.5,0.045,0.09,0.45426,0.021205,-0.10877,,0.01
0.5,0.05,0.09,0.46463,0.0054938,-0.05116,,0.01
0.5,0.055,0.09,0.46319,-0.0101,0.011104,,0.01
0.5,0.06,0.09,0.44945,-0.027187,0.084103,,0.01
0.5,0.065,0.09,0.42214,-0.047755,0.17501,,0.01
0.5,0.07,0.09,0.37928,-0.074522,0.29345,,0.01
0.5,0.075,0.09,0.31852,-0.11119,0.45315,,0.01
0.5,0.08,0.09,0.23795,-0.16206,0.67209,,0.01
0.5,0.085,0.09,0.13883,-0.22967,0.9734,,0.01
0.5,0.09,0.09,0.039183,-0.30395,1.4027,,0.01
0.5,0.095,0.09,-0.0058816,-0.31197,1.9923,,0.01
0.5,0.1,0.09,0,0,2.3272,,0.01
0.5,0,0.095,0,0,-3.4532,,0.01
0.5,0.005,0.095,0.18094,0.21261,-2.6454,,0.01
0.5,0.01,0.095,0.27814,0.17738,-1.4233,,0.01
0.5,0.015,0.095,0.40886,0.11857,-0.82302,,0.01
0.5,0.02,0.095,0.5118,0.07749,-0.53193,,0.01
0.5,0.025,0.095,0.58394,0.050945,-0.36145,,0.01
0.5,0.03,0.095,0.63494,0.033617,-0.25422,,0.01
0.5,0.035,0.095,0.67077,0.021961,-0.183,,0.01
0.5,0.04,0.095,0.69492,0.013655,-0.13025,,0.01
0.5,0.045,0.095,0.70963,0.0072151,-0.085185,,0.01
0.5,0.05,0.095,0.71618,0.0016601,-0.040753,,0.01
0.5,0.055,0.095,0.71503,-0.0037635,0.0086356,,0.01
0.5,0.06,0.095,0.70585,-0.0098116,0.068572,,0.01
0.5,0.065,0.095,0.6874,-0.017486,0.14609,,0.01
0.5,0.07,0.095,0.65728,-0.028388,0.25194,,0.01
0.5,0.075,0.095,0.6115,-0.045237,0.40433,,0.01
0.5,0.08,0.095,0.54311,-0.072545,0.63368,,0.01
0.5,0.085,0.095,0.44041,-0.11702,1.0017,,0.01
0.5,0.09,0.095,0.30359,-0.18214,1.6963,,0.01
0.5,0.095,0.095,0.19606,-0.22225,3.0239,,0.01
0.5,0.1,0.095,0,0,3.8864,,0.01
0.5,0,0.1,0.5,0,-4.3667,,0.01
0.5,0.005,0.1,1,0,-3.2056,,0.01
0.5,0.01,0.1,1,0,-1.5091,,0.01
0.5,0.015,0.1,1,0,-0.76836,,0.01
0.5,0.02,0.1,1,0,-0.46051,,0.01
0.5,0.025,0.1,1,0,-0.29899,,0.01
0.5,0.03,0.1,1,0,-0.20513,,0.01
0.5,0.035,0.1,1,0,-0.14695,,0.01
0.5,0.04,0.1,1,0,-0.10563,,0.01
0.5,0.045,0.1,1,0,-0.070491,,0.01
0.5,0.05,0.1,1,0,-0.035078,,0.01
0.5,0.055,0.1,1,0,0.0055077,,0.01
0.5,0.06,0.1,1,0,0.056139,,0.01
0.5,0.065,0.1,1,0,0.12317,,0.01
0.5,0.07,0.1,1,0,0.21707,,0.01
0.5,0.075,0.1,1,0,0.35726,,0.01
0.5,0.08,0.1,1,0,0.58016,,0.01
0.5,0.085,0.1,1,0,0.97197,,0.01
0.5,0.09,0.1,1,0,1.8184,,0.01
0.5,0.095,0.1,1,0,3.6298,,0.01
0.5,0.1,0.1,0.5,0,4.8485,,0.01